clip_id,raw_start_s,raw_end_s,raw_duration_s,listen_duration_s,human_label,notes,reviewer_id,review_date
clip_01,3.735,3.945,0.21,2.0,,,,
clip_02,5.375,5.535,0.16,2.0,,,,
clip_03,9.085,9.295,0.21,2.0,,,,
clip_04,14.315,14.605,0.29,2.0,,,,
clip_05,15.295,15.545,0.25,2.0,,,,
clip_06,19.425,19.895,0.47,2.0,,,,
clip_07,20.715,20.885,0.17,2.0,,,,
clip_08,21.835,22.175,0.34,2.0,,,,
clip_09,22.775,22.925,0.15,2.0,,,,
clip_10,23.455,23.725,0.27,2.0,,,,
clip_11,25.365,25.575,0.21,2.0,,,,
clip_12,26.835,27.065,0.23,2.0,,,,
clip_13,27.545,27.925,0.38,2.0,,,,
clip_14,37.475,37.795,0.32,2.0,,,,
clip_15,38.205,38.595,0.39,2.0,,,,
clip_16,40.105,40.265,0.16,2.0,,,,
clip_17,41.695,41.895,0.2,2.0,,,,
clip_18,42.845,43.135,0.29,2.0,,,,
clip_19,43.495,43.665,0.17,2.0,,,,
clip_20,45.105,45.295,0.19,2.0,,,,
clip_21,45.745,45.995,0.25,2.0,,,,
clip_22,46.475,46.875,0.4,2.0,,,,
clip_23,47.305,47.685,0.38,2.0,,,,
clip_24,56.955,57.185,0.23,2.0,,,,
clip_25,62.235,62.455,0.22,2.0,,,,
clip_26,64.875,65.065,0.19,2.0,,,,
clip_27,117.595,117.755,0.16,2.0,,,,
clip_28,132.435,132.595,0.16,2.0,,,,
