corpus,token_id,speaker_id,word,target_phone,alt_max_A,alt_mean_A,alt_peak_frame,alt_global_max,alt_top1_at_peak,alt_top1_post,n_frames,span_start,span_end
lwe,child_01_eight,child_01,eight,t,0.135539,0.006913,35,0.135539,f,0.209909,56,1,55
lwe,child_01_five,child_01,five,v,0.0,0.0,44,0.000182,s.,0.000194,45,44,44
lwe,child_01_four,child_01,four,ɹ,0.01998,0.000707,18,0.01998,x,0.198057,44,2,43
lwe,child_01_nine,child_01,nine,n,0.017299,0.002451,28,0.155993,n,0.017299,43,15,42
lwe,child_01_one,child_01,one,n,0.910496,0.02537,23,0.910496,n,0.910496,51,15,50
lwe,child_01_seven,child_01,seven,n,0.468517,0.024358,41,0.468517,n,0.468517,51,4,50
lwe,child_01_ten,child_01,ten,n,0.164004,0.008116,33,0.164004,n,0.164004,51,2,50
lwe,child_01_three,child_01,three,iː,0.000814,7.5e-05,25,0.000814,j,0.043618,65,20,64
lwe,child_01_two,child_01,two,uː,0.0,0.0,48,0.000492,n,1.4e-05,49,48,48
lwe,child_02_eight,child_02,eight,t,0.765961,0.016159,21,0.765961,t,0.765961,53,1,52
lwe,child_02_five,child_02,five,v,0.930883,0.048998,35,0.930883,v,0.930883,49,30,48
lwe,child_02_four,child_02,four,ɹ,0.013669,0.001136,35,0.013669,ɹ,0.013669,66,3,65
lwe,child_02_one,child_02,one,n,0.904543,0.018138,36,0.904543,n,0.904543,62,2,61
lwe,child_02_seven,child_02,seven,n,0.614363,0.047265,25,0.614363,n,0.614363,35,21,34
lwe,child_02_six,child_02,six,s,0.706731,0.029618,33,0.964776,s,0.706731,57,33,56
lwe,child_02_ten,child_02,ten,n,0.002185,0.000489,38,0.002185,d,0.004105,58,26,57
lwe,child_02_three,child_02,three,iː,2.7e-05,7e-06,35,0.01075,t,0.000643,54,35,53
lwe,child_02_two,child_02,two,uː,0.0,0.0,48,0.003023,n,1e-05,49,48,48
lwe,child_03_eight,child_03,eight,t,0.009714,0.000563,10,0.009714,sil,0.018705,38,1,37
lwe,child_03_five,child_03,five,v,0.054055,0.002894,28,0.054055,v,0.054055,43,24,42
lwe,child_03_four,child_03,four,ɹ,0.00417,0.000589,26,0.00417,ɹ,0.00417,45,2,44
lwe,child_03_nine,child_03,nine,n,0.959167,0.057086,23,0.959167,n,0.959167,32,15,31
lwe,child_03_seven,child_03,seven,n,0.922449,0.030891,33,0.922449,n,0.922449,47,16,46
lwe,child_03_six,child_03,six,s,4e-06,2e-06,32,0.014105,t,2e-05,37,28,36
lwe,child_03_ten,child_03,ten,n,0.929565,0.044349,14,0.929565,n,0.929565,28,7,27
lwe,child_03_three,child_03,three,iː,0.017642,0.001646,24,0.017642,aɪ,0.168176,50,24,49
lwe,child_03_two,child_03,two,uː,0.0,0.0,43,0.000154,n,1.3e-05,44,43,43
lwe,child_04_eight,child_04,eight,t,0.68522,0.006403,70,0.68522,t,0.68522,112,1,111
lwe,child_04_five,child_04,five,v,0.034561,0.000726,92,0.049697,d,0.149089,119,44,118
lwe,child_04_four,child_04,four,ɹ,0.413774,0.007805,74,0.413774,ɹ,0.413774,113,2,112
lwe,child_04_nine,child_04,nine,n,0.858049,0.015548,81,0.858049,n,0.858049,115,57,114
lwe,child_04_seven,child_04,seven,n,0.044912,0.003242,75,0.044912,n,0.044912,99,4,98
lwe,child_04_six,child_04,six,s,0.710197,0.019276,85,0.812854,s,0.710197,119,82,118
lwe,child_04_ten,child_04,ten,n,0.321506,0.010276,58,0.321506,m,0.413475,85,26,84
lwe,child_04_three,child_04,three,iː,0.450898,0.009087,70,0.450898,iː,0.450898,113,56,112
lwe,child_04_two,child_04,two,uː,1e-06,1e-06,63,0.001718,t,2e-05,64,63,63
lwe,child_05_eight,child_05,eight,t,0.088033,0.004415,25,0.088033,t,0.088033,29,1,28
lwe,child_05_five,child_05,five,v,0.182737,0.020329,23,0.182737,v,0.182737,27,18,26
lwe,child_05_four,child_05,four,ɹ,0.016366,0.001763,4,0.016366,s,0.297426,34,2,33
lwe,child_05_nine,child_05,nine,n,0.270239,0.019559,30,0.726899,n,0.270239,37,18,36
lwe,child_05_one,child_05,one,n,0.973546,0.08598,15,0.973546,n,0.973546,19,7,18
lwe,child_05_seven,child_05,seven,n,0.87792,0.076802,31,0.87792,n,0.87792,41,29,40
lwe,child_05_ten,child_05,ten,n,0.143685,0.015234,18,0.372771,n,0.143685,32,14,31
lwe,child_05_three,child_05,three,iː,0.809639,0.08397,23,0.809639,iː,0.809639,33,23,32
lwe,child_06_eight,child_06,eight,t,0.306599,0.016939,14,0.306599,k,0.321951,22,1,21
lwe,child_06_five,child_06,five,v,0.865154,0.050901,18,0.865154,v,0.865154,33,16,32
lwe,child_06_four,child_06,four,ɹ,4e-06,2e-06,9,0.000741,t,2.7e-05,30,7,29
lwe,child_06_nine,child_06,nine,n,0.209845,0.022811,16,0.886184,n,0.209845,21,9,20
lwe,child_06_seven,child_06,seven,n,0.703782,0.07885,16,0.703782,n,0.703782,23,14,22
lwe,child_06_six,child_06,six,s,0.000683,0.000108,22,0.005533,ʃ,0.005673,40,22,39
lwe,child_06_ten,child_06,ten,n,0.037572,0.003982,11,0.037572,n,0.037572,25,6,24
lwe,child_06_three,child_06,three,iː,0.00104,0.00016,10,0.00104,ei5,0.539768,21,10,20
lwe,child_06_two,child_06,two,uː,3e-06,3e-06,26,0.000206,n,6.8e-05,27,26,26
lwe,child_07_eight,child_07,eight,t,0.008346,0.000761,6,0.008346,t,0.008346,31,1,30
lwe,child_07_five,child_07,five,v,0.249312,0.049916,23,0.249312,v,0.249312,24,19,23
lwe,child_07_four,child_07,four,ɹ,0.005633,0.000683,11,0.005633,ɑ,0.233775,31,2,30
lwe,child_07_nine,child_07,nine,n,0.973332,0.05432,29,0.985016,n,0.973332,34,16,33
lwe,child_07_one,child_07,one,n,0.000151,0.000151,42,0.007098,t,0.003564,43,42,42
lwe,child_07_seven,child_07,seven,n,0.939887,0.021326,40,0.939887,n,0.939887,49,4,48
lwe,child_07_six,child_07,six,s,0.865465,0.044917,32,0.950013,s,0.865465,52,31,51
lwe,child_07_ten,child_07,ten,n,0.642751,0.054167,22,0.642751,n,0.642751,26,14,25
lwe,child_07_three,child_07,three,iː,0.118307,0.006302,24,0.118307,iː,0.118307,42,2,41
lwe,child_07_two,child_07,two,uː,2e-06,2e-06,38,0.000481,n,2.7e-05,39,38,38
lwe,child_08_eight,child_08,eight,t,0.007344,0.000966,3,0.007344,sil,0.117913,35,1,34
lwe,child_08_five,child_08,five,v,1e-05,4e-06,35,0.04539,t,0.00278,38,35,37
lwe,child_08_four,child_08,four,ɹ,0.000141,2.6e-05,22,0.000793,n,0.081593,30,14,29
lwe,child_08_nine,child_08,nine,n,0.810961,0.025793,18,0.810961,n,0.810961,50,12,49
lwe,child_08_seven,child_08,seven,n,0.565088,0.040484,23,0.565088,n,0.565088,42,4,41
lwe,child_08_six,child_08,six,s,0.183473,0.008879,47,0.183473,s.,0.260955,53,32,52
lwe,child_08_ten,child_08,ten,n,0.545332,0.015693,28,0.545332,n,0.545332,52,16,51
lwe,child_08_three,child_08,three,iː,0.723176,0.032172,29,0.723176,iː,0.723176,50,27,49
lwe,child_08_two,child_08,two,uː,3e-06,3e-06,34,0.004967,n,5.3e-05,35,34,34
lwe,child_09_eight,child_09,eight,t,0.842287,0.022021,28,0.842287,t,0.842287,44,1,43
lwe,child_09_five,child_09,five,v,0.00079,0.000118,21,0.001608,n,0.016123,33,18,32
lwe,child_09_four,child_09,four,ɹ,0.069805,0.004626,19,0.069805,n,0.450632,43,10,42
lwe,child_09_nine,child_09,nine,n,0.855817,0.05496,38,0.855817,n,0.855817,52,23,51
lwe,child_09_one,child_09,one,n,0.914194,0.033244,29,0.914194,n,0.914194,48,15,47
lwe,child_09_seven,child_09,seven,n,0.975081,0.078425,36,0.975081,n,0.975081,44,29,43
lwe,child_09_six,child_09,six,s,0.051159,0.002165,41,0.70916,s,0.051159,44,19,43
lwe,child_09_ten,child_09,ten,n,0.440898,0.02488,23,0.440898,n,0.440898,40,7,39
so762_dev,000010011_4,0001,CALL,l,0.024445,0.00536,61,0.024445,l,0.024445,128,57,66
so762_dev,000010011_6,0001,IT,t,0.529557,0.039109,72,0.529557,t,0.529557,128,68,82
so762_dev,000010035_12,0001,ONE,n,0.85828,0.022591,140,0.85828,n,0.85828,171,131,170
so762_dev,000010035_9,0001,FIVE,v,0.980455,0.140084,114,0.980455,v,0.980455,171,109,115
so762_dev,000010053_10,0001,SEVEN,n,0.989868,0.026102,135,0.989868,n,0.989868,167,129,166
so762_dev,000010063_12,0001,GOOSE,s,0.936831,0.037484,134,0.936831,s,0.936831,165,132,164
so762_dev,000010063_7,0001,ELEPHANTS,s,0.855135,0.284234,62,0.936831,s,0.855135,165,62,66
so762_dev,000010069_14,0001,BOXING,ŋ,0.960459,0.025093,115,0.960459,ŋ,0.960459,150,111,149
so762_dev,000010069_2,0001,TOM,m,0.982121,0.083399,44,0.982121,m,0.982121,150,36,47
so762_dev,000010069_6,0001,GIVES,z,0.723251,0.193848,66,0.723251,z,0.723251,150,65,70
so762_dev,000010069_8,0001,UP,p,0.817273,0.060329,84,0.817273,p,0.817273,150,78,91
so762_dev,000010075_10,0001,SHOOTING,ŋ,0.0,0.0,128,0.87279,n,2e-06,129,128,128
so762_dev,000010075_5,0001,HATES,s,0.757924,0.098119,65,0.757924,s,0.757924,129,65,72
so762_dev,000010089_11,0001,BIG,ɡ,0.964797,0.241226,98,0.964797,ɡ,0.964797,153,95,98
so762_dev,000010089_14,0001,ARM,m,0.963129,0.036857,121,0.988461,m,0.963129,153,118,152
so762_dev,000010089_7,0001,HAS,z,0.982271,0.19654,74,0.982271,z,0.982271,153,71,75
so762_dev,000010095_12,0001,PANTS,s,0.823856,0.030075,121,0.823856,s,0.823856,148,120,147
so762_dev,000010095_2,0001,LOOK,k,0.0,0.0,2,0.986835,t,0.0,148,2,2
so762_dev,000010095_4,0001,AT,t,0.008413,0.000222,62,0.133225,d,0.980361,148,4,68
so762_dev,000010095_7,0001,ANN'S,z,0.860798,0.210049,92,0.860798,z,0.860798,148,89,95
so762_dev,000050003_11,0005,WHITE,t,0.638528,0.043509,167,0.638528,t,0.638528,216,155,169
so762_dev,000050003_14,0005,ONE,n,0.003708,0.000184,190,0.003708,ŋ,0.00454,216,179,215
so762_dev,000050003_2,0005,MIKE,k,0.965991,0.043967,53,0.965991,k,0.965991,216,42,63
so762_dev,000050003_6,0005,LIKES,s,0.976706,0.071055,109,0.976706,s,0.976706,216,107,120
so762_dev,000050010_2,0005,ITS,s,8e-06,8e-06,48,0.989779,ə,0.000134,152,48,48
so762_dev,000050010_5,0005,NAME,m,0.993206,0.123734,77,0.993206,m,0.993206,152,71,80
so762_dev,000050024_7,0005,LOVES,z,0.622053,0.15583,91,0.622053,z,0.622053,191,88,93
so762_dev,000050028_5,0005,EIGHT,t,0.888114,0.136573,75,0.951366,t,0.888114,135,66,76
so762_dev,000050028_9,0005,SEVEN,n,0.971695,0.030934,106,0.971695,n,0.971695,135,99,134
so762_dev,000050038_12,0005,SEVEN,n,0.921094,0.025038,112,0.921094,n,0.921094,143,106,142
so762_dev,000050038_2,0005,FOUR,ɹ,0.146383,0.009896,34,0.146383,ɹ,0.146383,143,2,38
so762_dev,000050038_5,0005,FIVE,v,0.869567,0.0873,60,0.869567,v,0.869567,143,55,64
so762_dev,000050038_8,0005,FOUR,ɹ,0.062935,0.017812,86,0.146383,ɹ,0.062935,143,77,91
so762_dev,000050040_2,0005,FIVE,v,0.939637,0.283862,39,0.939637,v,0.939637,137,34,39
so762_dev,000050040_8,0005,NINE,n,0.078932,0.002926,83,0.974773,n,0.078932,137,73,132
so762_dev,000050047_3,0005,SIX,s,0.950344,0.169137,38,0.968088,s,0.950344,112,36,42
so762_dev,000050047_6,0005,FIVE,v,0.974399,0.243774,47,0.974399,v,0.974399,112,45,48
so762_dev,000050049_4,0005,FIVE,v,0.000554,0.000387,42,0.353304,ɹ,0.002399,106,42,43
so762_dev,000050049_6,0005,EIGHT,t,0.912455,0.015617,73,0.963236,t,0.912455,106,45,105
so762_dev,000060015_16,0006,HEN,n,0.942872,0.027634,137,0.942872,n,0.942872,165,129,164
so762_dev,000060015_5,0006,IS,z,0.987975,0.197698,66,0.987975,z,0.987975,165,64,68
so762_dev,000060015_9,0006,GOING,ŋ,0.954585,0.232286,88,0.954585,ŋ,0.954585,165,85,90
so762_dev,000060020_12,0006,FROM,m,0.990147,0.165211,104,0.990147,m,0.990147,162,101,106
so762_dev,000060020_17,0006,JAPAN,n,0.995731,0.026952,137,0.995731,n,0.995731,162,125,161
so762_dev,000060020_5,0006,IS,z,0.98468,0.171081,67,0.98468,z,0.98468,162,64,69
so762_dev,000060020_8,0006,COME,m,0.987603,0.136057,86,0.990147,m,0.987603,162,81,89
so762_dev,000060029_10,0006,SIX,s,0.990815,0.090192,90,0.993811,s,0.990815,169,88,98
so762_dev,000060029_3,0006,SIX,s,0.993811,0.099518,43,0.993811,s,0.993811,169,41,50
so762_dev,000060029_6,0006,ONE,n,0.995713,0.091113,67,0.995713,n,0.995713,169,60,70
so762_dev,000060031_11,0006,SEVEN,n,0.996843,0.025596,131,0.996843,n,0.996843,162,123,161
so762_dev,000060031_2,0006,FIVE,v,0.0,0.0,2,0.987337,n,1e-06,162,2,2
so762_dev,000060031_7,0006,FOUR,ɹ,0.144751,0.019062,100,0.144751,ɹ,0.144751,162,93,103
so762_dev,000060049_9,0006,FIVE,v,0.0,0.0,154,0.994429,t,2e-06,155,154,154
so762_dev,000060056_13,0006,TICKETS,s,0.0,0.0,140,0.949359,n,1e-06,141,140,140
so762_dev,000060056_2,0006,PHONE,n,0.217338,0.006907,52,0.217338,m,0.479084,141,2,59
so762_dev,000060056_7,0006,PARTS,s,0.90652,0.290134,81,0.949359,s,0.90652,141,80,85
so762_dev,000060077_1,0006,ANN,n,0.990602,0.018918,44,0.990602,n,0.990602,152,1,53
so762_dev,000060077_11,0006,DOG,ɡ,0.0,0.0,151,0.981054,n,1e-06,152,151,151
so762_dev,000060077_3,0006,ATE,t,0.051904,0.003496,64,0.230124,tʃ,0.794256,152,55,71
so762_dev,000060077_8,0006,LITTLE,l,0.0,0.0,148,0.991235,n,0.0,152,148,148
so762_dev,000060081_14,0006,JAM,m,0.992757,0.02773,118,0.992757,m,0.992757,151,115,150
so762_dev,000060081_2,0006,DOES,z,0.960688,0.120217,41,0.960688,z,0.960688,151,40,47
so762_dev,000060081_9,0006,LIKE,k,0.960909,0.160502,86,0.960909,k,0.960909,151,82,87
so762_dev,000260001_10,0026,BROWN,n,0.119714,0.006838,93,0.119714,ŋ,0.795168,118,83,117
so762_dev,000260011_13,0026,HEN,n,0.951479,0.048488,131,0.994047,n,0.951479,158,119,157
so762_dev,000260011_6,0026,CAN,n,0.994047,0.142323,71,0.994047,n,0.994047,158,67,73
so762_dev,000260015_2,0026,JOHN,n,0.05498,0.001252,46,0.14561,ŋ,0.8596,160,2,49
so762_dev,000260015_4,0026,IS,z,0.976451,0.196848,60,0.976451,z,0.976451,160,58,62
so762_dev,000260015_8,0026,GOING,ŋ,0.824772,0.177715,82,0.8596,ŋ,0.824772,160,79,83
so762_dev,000260032_11,0026,EIGHT,t,0.777357,0.018151,118,0.777357,t,0.777357,146,103,145
so762_dev,000260032_2,0026,ONE,n,0.755292,0.068011,41,0.755292,n,0.755292,146,33,44
so762_dev,000260032_5,0026,ONE,n,0.509553,0.036748,62,0.755292,n,0.509553,146,56,69
so762_dev,000260033_12,0026,NINE,n,0.048535,0.00161,119,0.993372,n,0.048535,144,106,143
so762_dev,000260033_5,0026,ONE,n,0.119444,0.019056,67,0.993372,ŋ,0.848219,144,60,70
so762_dev,000260033_9,0026,SEVEN,n,0.993372,0.158111,100,0.993372,n,0.993372,144,90,103
so762_dev,000260039_1,0026,EIGHT,t,0.580433,0.014087,38,0.96958,t,0.580433,147,1,46
so762_dev,000260039_9,0026,SIX,s,0.958766,0.324738,99,0.989214,s,0.958766,147,98,100
so762_dev,000260048_12,0026,SEVEN,n,0.993837,0.037618,106,0.993837,n,0.993837,127,100,126
so762_dev,000260048_8,0026,EIGHT,t,0.913193,0.043727,80,0.913193,t,0.913193,127,60,80
so762_dev,000260050_11,0026,ONE,n,0.983398,0.029841,104,0.983398,n,0.983398,128,95,127
so762_dev,000260050_5,0026,EIGHT,t,0.919274,0.015876,62,0.919274,t,0.919274,128,5,66
so762_dev,000480010_2,0048,IT'S,s,5e-06,5e-06,2,0.025545,n,2.9e-05,108,2,2
so762_dev,000480010_5,0048,NOT,t,0.012097,0.001585,81,0.064693,t,0.012097,108,75,104
so762_dev,000480014_12,0048,SHEEP,p,0.0,0.0,114,0.62826,n,5e-06,115,114,114
so762_dev,000480014_2,0048,JOHN,n,0.047723,0.002228,42,0.915855,ŋ,0.24677,115,2,45
so762_dev,000480014_5,0048,CAN,n,0.915855,0.03155,52,0.915855,n,0.915855,115,50,107
so762_dev,000480015_10,0048,GOING,ŋ,0.246038,0.065025,64,0.246038,n,0.264057,133,61,64
so762_dev,000480015_21,0048,ELEPHANT,t,1.1e-05,1.1e-05,132,0.119132,æ,0.000374,133,132,132
so762_dev,000480015_6,0048,IS,z,0.592028,0.148263,57,0.592028,z,0.592028,133,54,57
so762_dev,000480016_12,0048,GOAT,t,0.126882,0.004287,91,0.126882,d,0.823678,120,90,119
so762_dev,000480016_4,0048,CAN,n,0.962633,0.044121,55,0.962633,n,0.962633,120,16,56
so762_dev,000480019_15,0048,BALT,t,0.35513,0.021112,93,0.35513,d,0.39357,115,88,114
so762_dev,000480019_6,0048,CAN,n,0.894412,0.242478,55,0.894412,n,0.894412,115,52,57
so762_dev,000480023_4,0048,IS,z,0.431981,0.109242,48,0.431981,z,0.431981,110,48,51
so762_dev,000480023_8,0048,FROM,m,0.113165,0.01665,67,0.794889,n,0.395844,110,62,72
so762_dev,000480033_8,0048,EIGHT,t,0.000109,1.7e-05,28,0.147918,æ,0.000905,121,8,29
so762_dev,000480045_2,0048,FIVE,v,0.0,0.0,2,0.188641,n,1.4e-05,118,2,2
so762_dev,000480045_5,0048,NINE,n,0.020243,0.001716,94,0.947588,m,0.250837,118,69,110
so762_dev,000480045_9,0048,SIX,s,2e-06,2e-06,114,0.517654,n,2e-05,118,114,114
so762_dev,000530003_13,0053,ORANGE,dʒ,0.916719,0.153331,127,0.916719,dʒ,0.916719,182,126,131
so762_dev,000530003_16,0053,ONE,n,0.978704,0.025842,153,0.978704,n,0.978704,182,144,181
so762_dev,000530003_2,0053,MIKE,k,0.984244,0.070555,51,0.984244,k,0.984244,182,41,54
so762_dev,000530003_6,0053,LIKES,s,0.932654,0.094782,77,0.932654,s,0.932654,182,74,83
so762_dev,000530006_1,0053,ANN,n,0.925768,0.018498,50,0.925768,n,0.925768,191,1,55
so762_dev,000530006_14,0053,PEACH,tʃ,0.0,0.0,190,0.341249,t,1e-06,191,190,190
so762_dev,000530006_4,0053,CAN,n,0.308804,0.038709,79,0.925768,ŋ,0.620213,191,73,80
so762_dev,000530006_9,0053,HAVE,v,0.985641,0.141035,111,0.985641,v,0.985641,191,106,112
so762_dev,000530019_6,0053,CAN,n,0.943909,0.038095,76,0.943909,n,0.943909,182,63,87
so762_dev,000530027_8,0053,NINE,n,0.012571,0.000521,112,0.995094,n,0.012571,142,95,141
so762_dev,000530030_13,0053,SIX,s,0.96022,0.02619,143,0.985845,s,0.96022,178,141,177
so762_dev,000530030_3,0053,SIX,s,0.965444,0.056872,50,0.985845,s,0.965444,178,48,64
so762_dev,000530030_6,0053,FOUR,ɹ,0.170838,0.029687,83,0.170838,ɹ,0.170838,178,76,91
so762_dev,000530030_9,0053,FIVE,v,0.762064,0.086594,114,0.762064,v,0.762064,178,108,116
so762_dev,000530054_2,0053,ONE,n,0.988969,0.036558,47,0.988969,n,0.988969,133,2,65
so762_dev,000530054_5,0053,NINE,n,0.978038,0.054454,78,0.988969,n,0.978038,133,68,85
so762_dev,000530055_10,0053,MOUNTAINS,s,0.150935,0.030629,88,0.82649,z,0.836138,159,87,91
so762_dev,000530055_14,0053,TREES,z,0.95428,0.038408,136,0.95428,z,0.95428,159,134,158
so762_dev,000530055_3,0053,BOOTS,s,0.82649,0.091634,44,0.82649,s,0.82649,159,43,57
so762_dev,000540001_2,0054,MIKE,k,0.954691,0.068271,46,0.954691,k,0.954691,140,41,54
so762_dev,000540001_5,0054,LOVE,v,0.9882,0.090053,72,0.9882,v,0.9882,140,65,75
so762_dev,000540001_9,0054,GARDEN,n,0.907227,0.031091,103,0.907227,n,0.907227,140,99,139
so762_dev,000540004_2,0054,MARK,k,0.87429,0.046186,45,0.87429,k,0.87429,161,36,54
so762_dev,000540004_5,0054,LOVE,v,0.983723,0.129525,80,0.983723,v,0.983723,161,73,84
so762_dev,000540014_13,0054,DOG,ɡ,1e-06,1e-06,153,0.951431,æ,1.1e-05,154,153,153
so762_dev,000540014_6,0054,CAN,n,0.000451,0.000225,64,0.006174,ɹ,0.000843,154,61,65
so762_dev,000540018_17,0054,FOX,s,0.980748,0.023984,157,0.987149,s,0.980748,196,155,195
so762_dev,000540018_5,0054,IS,z,0.973517,0.090923,73,0.973517,z,0.973517,196,71,81
so762_dev,000540018_9,0054,GOING,ŋ,0.780209,0.156312,100,0.780209,ŋ,0.780209,196,97,101
so762_dev,000540031_11,0054,SIX,s,0.987457,0.023591,153,0.989023,s,0.987457,193,151,192
so762_dev,000540031_3,0054,SIX,s,0.981256,0.141157,46,0.989023,s,0.981256,193,43,49
so762_dev,000540031_5,0054,EIGHT,t,0.973116,0.018768,86,0.973116,t,0.973116,193,51,102
so762_dev,000540054_2,0054,FIVE,v,0.963003,0.107021,45,0.969903,v,0.963003,157,40,48
so762_dev,000540054_5,0054,FIVE,v,0.969903,0.121258,76,0.969903,v,0.969903,157,71,78
so762_dev,000540054_8,0054,NINE,n,0.000991,0.000149,107,0.98259,j,0.001161,157,96,111
so762_dev,000540055_3,0054,QUICK,k,0.872433,0.087484,46,0.98707,k,0.872433,146,39,48
so762_dev,000540055_7,0054,PAST,t,0.985002,0.110764,73,0.985002,t,0.985002,146,68,76
so762_dev,000540058_16,0054,ONCE,s,0.504947,0.252611,135,0.504947,s,0.504947,189,134,135
so762_dev,000560016_5,0056,IS,z,0.9716,0.097578,70,0.9716,z,0.9716,219,67,76
so762_dev,000560016_9,0056,GOING,ŋ,0.886517,0.113984,104,0.886517,ŋ,0.886517,219,98,105
so762_dev,000560017_16,0056,HORSE,s,0.857845,0.041853,196,0.973863,s,0.857845,224,193,223
so762_dev,000560017_5,0056,IS,z,0.962976,0.120507,74,0.962976,z,0.962976,224,72,79
so762_dev,000560017_9,0056,GOING,ŋ,0.904835,0.240266,104,0.904835,ŋ,0.904835,224,100,107
so762_dev,000560030_2,0056,FIVE,v,0.408039,0.052316,36,0.408039,v,0.408039,183,32,39
so762_dev,000560030_4,0056,EIGHT,t,0.650256,0.015534,69,0.919862,t,0.650256,183,41,111
so762_dev,000560033_12,0056,ONE,n,0.947734,0.028395,136,0.947734,n,0.947734,161,127,160
so762_dev,000560033_2,0056,FIVE,v,0.934853,0.078626,39,0.934853,v,0.934853,161,33,44
so762_dev,000560033_5,0056,ONE,n,0.223173,0.011176,75,0.947734,n,0.223173,161,62,92
so762_dev,000560033_9,0056,SIX,s,0.987667,0.180035,112,0.991534,s,0.987667,161,111,116
so762_dev,000560038_8,0056,ONE,n,0.56261,0.015043,116,0.56261,n,0.56261,143,81,142
so762_dev,000560058_13,0056,MUTTON,n,0.362051,0.010978,229,0.362051,n,0.362051,254,220,253
so762_dev,000560058_6,0056,HOCK,k,0.413779,0.00903,114,0.413779,ɡ,0.561899,254,110,155
so762_dev,000560058_9,0056,SONG,ŋ,0.0,0.0,168,0.102818,l,3e-06,254,168,168
so762_dev,000560068_10,0056,TOES,z,0.0,0.0,209,0.750575,n,2e-06,210,209,209
so762_dev,000560068_7,0056,DAVID'S,s,0.0,0.0,7,0.894467,n,1e-06,210,7,7
so762_dev,000700008_2,0070,KATE,t,0.874256,0.014429,59,0.874256,t,0.874256,205,2,62
so762_dev,000700008_5,0070,HAS,z,0.980343,0.245117,86,0.980343,z,0.980343,205,84,87
so762_dev,000700008_8,0070,NOT,t,0.597682,0.017253,128,0.874256,t,0.597682,205,97,140
so762_dev,000700010_12,0070,ELEPHANT,t,0.933051,0.023882,125,0.933051,t,0.933051,159,117,158
so762_dev,000700010_5,0070,CUTE,t,0.658177,0.039486,71,0.933051,t,0.658177,159,68,84
so762_dev,000700012_11,0070,GOT,t,0.69651,0.014445,116,0.69651,t,0.69651,150,100,149
so762_dev,000700012_3,0070,THANK,k,0.792374,0.133505,53,0.792374,k,0.792374,150,48,53
so762_dev,000700015_16,0070,PIG,ɡ,0.0,0.0,196,0.925228,n,1e-06,197,196,196
so762_dev,000700015_5,0070,IS,z,0.976276,0.108523,72,0.976276,z,0.976276,197,70,78
so762_dev,000700015_9,0070,GOING,ŋ,0.940763,0.188448,106,0.940763,ŋ,0.940763,197,103,107
so762_dev,000700019_6,0070,CAN,n,0.966846,0.101555,68,0.966846,n,0.966846,175,63,72
so762_dev,000700034_3,0070,SEVEN,n,0.993332,0.027183,101,0.993332,n,0.993332,171,53,125
so762_dev,000700034_9,0070,NINE,n,6e-06,1e-06,152,0.993332,t,7e-06,171,152,168
so762_dev,000700037_11,0070,SEVEN,n,0.958753,0.025264,137,0.958753,n,0.958753,168,130,167
so762_dev,000700037_4,0070,EIGHT,t,0.674563,0.00824,75,0.674563,t,0.674563,168,4,86
so762_dev,000700046_2,0070,NINE,n,0.001772,0.000449,46,0.993514,n,0.001772,179,38,50
so762_dev,000700046_6,0070,SEVEN,n,0.787249,0.009155,87,0.993514,n,0.787249,179,79,173
so762_dev,000700046_9,0070,FIVE,v,0.0,0.0,176,0.967566,n,1e-06,179,176,176
so762_dev,000750005_10,0075,GREEN,n,0.015525,0.001013,97,0.986886,n,0.015525,124,94,123
so762_dev,000750005_2,0075,BORN,n,0.986886,0.022617,44,0.986886,n,0.986886,124,2,53
so762_dev,000750005_6,0075,LIKES,s,0.965342,0.138657,70,0.965342,s,0.965342,124,68,74
so762_dev,000750015_4,0075,IS,z,0.782942,0.09797,56,0.782942,z,0.782942,156,52,59
so762_dev,000750015_8,0075,GOING,ŋ,0.025727,0.005206,82,0.351478,n,0.968436,156,79,83
so762_dev,000750020_10,0075,COMING,ŋ,0.466933,0.117642,93,0.466933,ŋ,0.466933,189,91,94
so762_dev,000750020_5,0075,IS,z,0.784029,0.220116,66,0.784029,z,0.784029,189,65,68
so762_dev,000750024_12,0075,FRANCE,s,0.227346,0.009981,121,0.586498,z,0.678145,149,119,148
so762_dev,000750026_13,0075,SIX,s,0.981069,0.036347,137,0.981069,s,0.981069,163,136,162
so762_dev,000750026_2,0075,FIVE,v,0.0,0.0,2,0.974442,n,1e-06,163,2,2
so762_dev,000750026_5,0075,FIVE,v,0.0,0.0,5,0.974442,n,1e-06,163,5,5
so762_dev,000750029_10,0075,SIX,s,0.976272,0.179544,101,0.976272,s,0.976272,152,89,103
so762_dev,000750029_14,0075,SIX,s,0.920648,0.02568,117,0.976272,s,0.920648,152,116,151
so762_dev,000750029_2,0075,FIVE,v,0.0,0.0,2,0.149443,n,1e-06,152,2,2
so762_dev,000750029_6,0075,SEVEN,n,0.437297,0.041159,70,0.437297,n,0.437297,152,45,71
so762_dev,000750045_2,0075,FIVE,v,0.0,0.0,2,0.002046,n,3e-06,130,2,2
so762_dev,000750045_5,0075,NINE,n,0.992768,0.039968,68,0.992768,n,0.992768,130,39,123
so762_dev,000750068_12,0075,TENNIS,s,0.950977,0.022861,117,0.950977,s,0.950977,157,115,156
so762_dev,000750068_7,0075,LIKES,s,0.917154,0.308881,83,0.950977,s,0.917154,157,82,84
so762_dev,001030008_11,0103,SOME,m,0.990899,0.141916,103,0.995568,m,0.990899,164,100,106
so762_dev,001030008_16,0103,LEMON,n,0.132937,0.005343,139,0.132937,n,0.132937,164,132,163
so762_dev,001030008_2,0103,JACK,k,0.09784,0.019607,39,0.206188,ɡ,0.886835,164,35,39
so762_dev,001030008_5,0103,HAS,z,0.98568,0.189056,60,0.98568,z,0.98568,164,57,62
so762_dev,001030008_8,0103,GOT,t,0.929922,0.073703,81,0.929922,t,0.929922,164,71,83
so762_dev,001030013_14,0103,HORSE,s,0.988706,0.03818,121,0.988706,s,0.988706,143,117,142
so762_dev,001030013_2,0103,JOHN,n,0.261698,0.007104,40,0.984407,ŋ,0.693405,143,2,43
so762_dev,001030013_5,0103,CAN,n,0.984407,0.101854,59,0.984407,n,0.984407,143,50,64
so762_dev,001030032_1,0103,EIGHT,t,0.936626,0.023295,41,0.936626,t,0.936626,185,1,42
so762_dev,001030032_12,0103,SIX,s,0.989264,0.055252,165,0.991438,s,0.989264,185,163,184
so762_dev,001030032_4,0103,ONE,n,0.91013,0.042304,75,0.91013,n,0.91013,185,66,99
so762_dev,001030048_6,0103,NINE,n,1.1e-05,7e-06,28,0.98821,ʌ,0.000176,135,27,30
so762_dev,001030053_4,0103,FOUR,ɹ,0.070303,0.006443,69,0.070303,ɹ,0.070303,136,59,71
so762_dev,001030053_8,0103,SEVEN,n,0.968928,0.020297,108,0.968928,n,0.968928,136,85,135
so762_dev,001030054_2,0103,ONE,n,0.169393,0.013139,37,0.169393,n,0.169393,127,31,63
so762_dev,001030054_5,0103,FIVE,v,0.0,0.0,67,0.007248,s,0.000802,127,67,67
so762_dev,001030060_13,0103,S,s,1e-06,0.0,172,0.873254,n,6e-06,190,171,188
so762_dev,001030060_7,0103,RELATIVES,z,0.867931,0.124666,74,0.867931,z,0.867931,190,72,78
so762_dev,001030060_9,0103,N,n,0.942434,0.034067,105,0.942434,n,0.942434,190,80,108
so762_dev,001030061_5,0103,DRESSING,ŋ,0.449205,0.125623,52,0.449205,ŋ,0.449205,141,48,54
so762_dev,001040022_10,0104,IN,n,0.686636,0.123254,113,0.882362,n,0.686636,163,107,117
so762_dev,001040022_13,0104,LAOS,s,0.411124,0.028797,147,0.411124,z,0.413186,163,144,162
so762_dev,001040022_8,0104,LIVES,z,0.035074,0.018442,85,0.413186,ɹ,0.267129,163,85,86
so762_dev,001040026_13,0104,SIX,s,0.961166,0.051045,144,0.974655,s,0.961166,162,143,161
so762_dev,001040026_2,0104,FIVE,v,0.981173,0.140209,48,0.981173,v,0.981173,162,43,49
so762_dev,001040026_6,0104,SIX,s,0.974655,0.15727,76,0.974655,s,0.974655,162,74,85
so762_dev,001040026_9,0104,FIVE,v,0.963618,0.069283,107,0.981173,v,0.963618,162,103,116
so762_dev,001040038_11,0104,FIVE,v,0.0,0.0,209,0.658233,n,2e-06,210,209,209
so762_dev,001040038_4,0104,FIVE,v,0.0,0.0,202,0.658233,n,1e-06,210,202,202
so762_dev,001040050_2,0104,FOUR,ɹ,0.009223,0.00055,47,0.010858,ɹ,0.009223,218,2,72
so762_dev,001040050_5,0104,FOUR,ɹ,0.006741,0.001545,97,0.010858,ɹ,0.006741,218,84,103
so762_dev,001040050_9,0104,SEVEN,n,0.792229,0.017436,153,0.792229,n,0.792229,218,130,214
so762_dev,001040062_10,0104,LISTEN,n,0.927257,0.029249,136,0.927257,n,0.927257,160,125,159
so762_dev,001040062_3,0104,CARDS,z,0.262875,0.065879,51,0.262875,z,0.262875,160,51,54
so762_dev,001040062_6,0104,BIRD,d,0.043699,0.005087,84,0.395497,t,0.057853,160,81,102
so762_dev,001040067_10,0104,AT,t,0.831477,0.007964,162,0.831477,t,0.831477,249,84,190
so762_dev,001040067_15,0104,SURFING,ŋ,0.813947,0.050702,225,0.813947,ŋ,0.813947,249,219,248
so762_dev,001040067_5,0104,IS,z,0.908309,0.250649,79,0.908309,z,0.908309,249,76,79
so762_dev,001040067_8,0104,GOOD,d,1.8e-05,1.8e-05,82,0.99021,s,0.00013,249,82,82
so762_dev,001040069_7,0104,GIVES,z,0.823474,0.274509,94,0.823474,z,0.823474,187,93,95
so762_dev,001040069_9,0104,UP,p,0.882536,0.031439,125,0.882536,p,0.882536,187,102,139
so762_dev,001040071_12,0104,RUNNING,ŋ,0.0,0.0,156,0.917554,t,3e-06,157,156,156
so762_dev,001040071_7,0104,LIKES,s,0.698266,0.117503,87,0.698266,s,0.698266,157,86,91
so762_test,000030012_20,0003,ELEPHANT,t,0.959772,0.027565,136,0.959772,t,0.959772,167,132,166
so762_test,000030012_3,0003,MARK,k,0.966062,0.241769,45,0.966062,k,0.966062,167,42,45
so762_test,000030012_5,0003,IS,z,0.95039,0.160819,55,0.95039,z,0.95039,167,54,59
so762_test,000030012_9,0003,GOING,ŋ,0.81979,0.274109,73,0.81979,ŋ,0.81979,167,71,73
so762_test,000030024_2,0003,KATE,t,0.054769,0.001727,44,0.054769,dʒ,0.590003,146,2,62
so762_test,000030024_6,0003,LOVES,z,0.958138,0.131853,82,0.958138,z,0.958138,146,80,87
so762_test,000030040_10,0003,EIGHT,t,0.954111,0.020481,106,0.975756,t,0.954111,141,94,140
so762_test,000030040_5,0003,SIX,s,0.972407,0.116799,62,0.972407,s,0.972407,141,60,68
so762_test,000030040_8,0003,FOUR,ɹ,0.539051,0.067853,85,0.539051,ɹ,0.539051,141,79,92
so762_test,000030047_3,0003,SEVEN,n,0.996269,0.090886,48,0.996269,n,0.996269,147,43,53
so762_test,000030047_9,0003,FOUR,ɹ,0.074501,0.003778,91,0.348349,ɹ,0.074501,147,81,119
so762_test,000030049_3,0003,EIGHT,t,0.49373,0.027639,62,0.942891,t,0.49373,137,47,64
so762_test,000030049_6,0003,NINE,n,0.367985,0.049367,82,0.986463,n,0.367985,137,72,85
so762_test,000030049_9,0003,ONE,n,0.753086,0.020421,103,0.986463,n,0.753086,137,93,136
so762_test,000030051_2,0003,ONE,n,0.603436,0.013379,46,0.603436,n,0.603436,160,2,50
so762_test,000030051_9,0003,ONE,n,0.506928,0.013956,95,0.603436,n,0.506928,160,88,155
so762_test,000030054_10,0003,NINE,n,0.856858,0.040512,116,0.995088,n,0.856858,141,101,140
so762_test,000030054_4,0003,FIVE,v,0.972948,0.194609,66,0.972948,v,0.972948,141,63,67
so762_test,000030054_7,0003,NINE,n,0.994664,0.09911,96,0.995088,n,0.994664,141,79,98
so762_test,000030059_10,0003,SPRING,ŋ,0.182063,0.010896,100,0.182063,ŋ,0.182063,179,93,112
so762_test,000440005_11,0044,BROWN,n,0.00107,0.000181,111,0.988783,n,0.00107,142,105,141
so762_test,000440005_7,0044,LIKES,s,0.876286,0.272016,75,0.876286,s,0.876286,142,73,78
so762_test,000440021_12,0044,LIVES,z,4.4e-05,4.4e-05,125,0.127653,j,0.063436,219,125,125
so762_test,000440021_14,0044,IN,n,0.111005,0.013265,135,0.977329,n,0.111005,219,132,147
so762_test,000440021_8,0044,LOVES,z,0.023712,0.005763,111,0.127653,s,0.586654,219,111,116
so762_test,000440032_11,0044,NINE,n,0.001748,0.00022,146,0.988236,j,0.01084,182,138,181
so762_test,000440032_2,0044,ONE,n,0.101206,0.005272,47,0.988236,n,0.101206,182,2,57
so762_test,000440032_8,0044,NINE,n,0.98794,0.041353,133,0.988236,n,0.98794,182,102,135
so762_test,000440035_12,0044,SIX,s,0.948779,0.024501,146,0.984703,s,0.948779,183,144,182
so762_test,000440035_6,0044,SIX,s,0.89488,0.050374,85,0.984703,s,0.89488,183,80,97
so762_test,000440043_7,0044,SEVEN,n,0.987503,0.007984,91,0.987503,n,0.987503,217,85,210
so762_test,000440045_1,0044,EIGHT,t,0.866101,0.015618,48,0.926396,t,0.866101,162,1,56
so762_test,000440049_11,0044,NINE,n,0.00026,3.8e-05,224,0.967471,l,0.000404,278,208,277
so762_test,000440049_3,0044,SEVEN,n,0.967471,0.021482,69,0.967471,n,0.967471,278,61,138
so762_test,000440062_13,0044,GROUND,d,3e-06,3e-06,273,0.921977,t,1e-05,274,273,273
so762_test,000440062_4,0044,GLOVES,z,1e-06,1e-06,25,0.045487,t,8.7e-05,274,25,25
so762_test,000440062_8,0044,PLAN,n,0.141028,0.003004,139,0.935389,n,0.141028,274,75,171
so762_test,000490002_2,0049,MADE,d,0.395876,0.022207,53,0.395876,t,0.51425,232,43,60
so762_test,000490002_6,0049,LIKES,s,0.922158,0.102591,86,0.922158,s,0.922158,232,83,91
so762_test,000490002_9,0049,WHITE,t,0.166304,0.002017,170,0.51425,t,0.166304,232,94,231
so762_test,000490017_13,0049,SHEEP,p,0.967504,0.020589,195,0.967504,p,0.967504,235,188,234
so762_test,000490017_6,0049,CAN,n,0.991291,0.084664,100,0.991291,n,0.991291,235,86,107
so762_test,000490032_5,0049,SIX,s,0.0,0.0,5,0.961739,n,1e-06,139,5,5
so762_test,000490047_4,0049,EIGHT,t,0.136564,0.002405,173,0.568678,tʃ,0.57652,269,74,179
so762_test,000490047_7,0049,NINE,n,0.042419,0.003579,209,0.983034,n,0.042419,269,198,220
so762_test,000490047_9,0049,EIGHT,t,0.568678,0.012235,233,0.568678,t,0.568678,269,222,268
so762_test,000490052_10,0049,FIVE,v,0.0,0.0,155,0.850902,t,5e-06,156,155,155
so762_test,000490052_2,0049,NINE,n,0.983993,0.063205,60,0.985956,n,0.983993,156,40,62
so762_test,000490052_5,0049,NINE,n,0.219146,0.01278,77,0.985956,n,0.219146,156,65,86
so762_test,000490052_7,0049,EIGHT,t,0.325376,0.006019,98,0.325376,t,0.325376,156,88,152
so762_test,000490086_12,0049,FOOT,t,0.95129,0.023957,121,0.95129,t,0.95129,151,111,150
so762_test,000490086_2,0049,LOOK,k,0.979178,0.123168,46,0.979178,k,0.979178,151,40,47
so762_test,000490086_4,0049,AT,t,0.919616,0.098362,65,0.95129,t,0.919616,151,58,70
so762_test,000490086_9,0049,BIG,ɡ,0.924699,0.231373,96,0.924699,ɡ,0.924699,151,94,97
so762_test,000490087_10,0049,TOM'S,s,0.016461,0.002192,104,0.872724,z,0.950046,175,100,113
so762_test,000490087_3,0049,LET'S,s,0.0,0.0,62,0.872724,t,6e-06,175,62,62
so762_test,000490088_2,0049,LOOK,k,0.908753,0.053191,47,0.908753,k,0.908753,136,40,57
so762_test,000490088_4,0049,AT,t,0.606456,0.043109,70,0.606456,t,0.606456,136,63,83
so762_test,000490088_9,0049,TEDDY'S,s,0.584328,0.018939,106,0.584328,s,0.584328,136,105,135
so762_test,000920002_6,0092,LIKES,s,0.956005,0.123453,85,0.956005,s,0.956005,148,83,90
so762_test,000920009_1,0092,IT,t,0.675781,0.036611,42,0.675781,t,0.675781,159,35,54
so762_test,000920009_5,0092,ALICE,s,0.748147,0.027001,76,0.748147,s,0.748147,159,71,98
so762_test,000920009_8,0092,OWNED,d,0.0,0.0,158,0.353879,n,1e-06,159,158,158
so762_test,000920010_1,0092,IT,t,0.490152,0.012694,39,0.796236,t,0.490152,148,1,39
so762_test,000920010_3,0092,IS,z,0.747159,0.24909,56,0.747159,z,0.747159,148,54,56
so762_test,000920025_12,0092,SEVEN,n,0.977674,0.027809,138,0.977674,n,0.977674,168,131,167
so762_test,000920025_3,0092,SIX,s,0.974741,0.049006,52,0.993849,s,0.974741,168,50,69
so762_test,000920025_6,0092,FIVE,v,0.963424,0.350345,89,0.985251,v,0.963424,168,85,89
so762_test,000920040_2,0092,FIVE,v,0.0,0.0,2,0.950293,n,0.0,165,2,2
so762_test,000920040_6,0092,SEVEN,n,0.000104,1e-05,28,0.983972,h,0.000792,165,6,28
so762_test,000920040_9,0092,ONE,n,0.983972,0.030397,97,0.983972,n,0.983972,165,66,106
so762_test,000920055_14,0092,LANTERN,n,0.617523,0.018917,118,0.969785,n,0.617523,146,113,145
so762_test,000920055_4,0092,CLAUS,s,0.826371,0.139975,50,0.975628,s,0.826371,146,49,54
so762_test,000920055_8,0092,PAST,t,0.963075,0.088072,81,0.963075,t,0.963075,146,75,87
so762_test,000920074_13,0092,RUNNING,ŋ,0.0,0.0,140,0.037215,iː,1e-06,141,140,140
so762_test,000920074_8,0092,LIKES,s,0.958155,0.106768,78,0.979172,s,0.958155,141,76,84
so762_test,000930005_7,0093,LIKES,s,0.903416,0.130297,85,0.903416,s,0.903416,138,83,89
so762_test,000930014_13,0093,GOAT,t,0.328185,0.006744,142,0.328185,d,0.546888,173,123,172
so762_test,000930014_6,0093,CAN,n,0.992654,0.125498,74,0.992654,n,0.992654,173,69,76
so762_test,000930018_16,0093,CAT,t,0.956614,0.01937,164,0.956614,t,0.956614,198,148,197
so762_test,000930018_2,0093,JOHN,n,0.231467,0.008432,51,0.231467,m,0.369961,198,2,52
so762_test,000930018_4,0093,IS,z,0.971173,0.243057,67,0.971173,z,0.971173,198,65,68
so762_test,000930018_9,0093,KING,ŋ,0.954966,0.138217,98,0.954966,ŋ,0.954966,198,94,100
so762_test,000930026_4,0093,NINE,n,0.161923,0.03327,70,0.981525,n,0.161923,135,62,72
so762_test,000930026_8,0093,SIX,s,0.970209,0.115309,95,0.970209,s,0.970209,135,93,101
so762_test,000930035_10,0093,SEEK,k,0.966072,0.022037,120,0.966072,k,0.966072,152,108,151
so762_test,000930035_2,0093,NINE,n,0.18416,0.011467,43,0.978601,n,0.18416,152,33,53
so762_test,000930035_4,0093,EIGHT,t,0.705133,0.037988,66,0.705133,t,0.705133,152,56,74
so762_test,000930040_7,0093,FIVE,v,0.984458,0.32817,81,0.984458,v,0.984458,128,79,81
so762_test,000930048_12,0093,SIX,s,0.929472,0.023278,122,0.96174,s,0.929472,160,120,159
so762_test,000930048_2,0093,NINE,n,0.575279,0.056349,48,0.9894,n,0.575279,160,35,50
so762_test,000930050_12,0093,SIX,s,0.976915,0.0362,131,0.991249,s,0.976915,157,130,156
so762_test,000930050_3,0093,SIX,s,0.98548,0.098806,55,0.991249,s,0.98548,157,53,62
so762_test,000930050_6,0093,NINE,n,0.004278,0.001142,80,0.981391,n,0.004278,157,71,82
so762_test,000940012_5,0094,IS,z,0.97098,0.242804,65,0.977994,z,0.97098,178,63,66
so762_test,000940012_9,0094,GOING,ŋ,0.734501,0.264911,85,0.734501,ŋ,0.734501,178,83,86
so762_test,000940015_16,0094,BIRD,d,0.431012,0.013278,132,0.985911,t,0.472757,162,128,161
so762_test,000940015_5,0094,IS,z,0.960134,0.193385,63,0.960134,z,0.960134,162,61,65
so762_test,000940015_9,0094,GOING,ŋ,0.800558,0.387019,81,0.800558,ŋ,0.800558,162,79,81
so762_test,000940021_10,0094,IN,n,0.771976,0.132052,101,0.988769,n,0.771976,164,97,102
so762_test,000940021_8,0094,LIVES,z,0.864407,0.158518,85,0.864407,z,0.864407,164,83,88
so762_test,000940027_4,0094,NINE,n,0.978886,0.145963,84,0.987231,n,0.978886,156,62,85
so762_test,000940027_7,0094,NINE,n,0.987231,0.079085,98,0.987231,n,0.987231,156,88,100
so762_test,000940032_1,0094,EIGHT,t,0.731968,0.023967,58,0.731968,t,0.731968,131,1,60
so762_test,000940042_10,0094,SEVEN,n,0.926983,0.138815,107,0.978254,n,0.926983,163,101,109
so762_test,000940042_14,0094,SIX,s,0.974609,0.028728,131,0.992551,s,0.974609,163,129,162
so762_test,000940042_6,0094,ONE,n,0.978254,0.070141,78,0.978254,n,0.978254,163,69,82
so762_test,000940049_2,0094,FIVE,v,0.0,0.0,2,0.95567,n,1e-06,160,2,2
so762_test,000940049_4,0094,EIGHT,t,0.97319,0.023606,83,0.97319,t,0.97319,160,4,85
so762_test,000940049_9,0094,NINE,n,0.85025,0.034497,133,0.992893,n,0.85025,160,117,159
so762_test,000940067_10,0094,AT,t,0.701807,0.062278,87,0.940533,t,0.701807,152,81,92
so762_test,000940067_15,0094,TENNIS,s,0.930829,0.02665,118,0.930829,s,0.930829,152,117,151
so762_test,000940067_5,0094,IS,z,0.950946,0.1602,58,0.950946,z,0.950946,152,56,61
so762_test,000940067_8,0094,GOOD,d,0.33768,0.042585,76,0.33768,ɹ,0.537982,152,71,78
so762_test,000960002_11,0096,BROWN,n,0.116992,0.005366,134,0.116992,ŋ,0.537297,168,125,167
so762_test,000960002_7,0096,LIKES,s,0.833418,0.035381,87,0.950062,s,0.833418,168,83,106
so762_test,000960008_14,0096,GRAPE,p,0.0,0.0,245,0.939185,t,1e-06,247,219,246
so762_test,000960008_2,0096,MIKE,k,0.96252,0.087008,56,0.96252,k,0.96252,247,46,57
so762_test,000960008_5,0096,HAS,z,0.685062,0.086172,97,0.685062,z,0.685062,247,93,101
so762_test,000960008_8,0096,GOT,t,0.882891,0.026794,135,0.882891,t,0.882891,247,112,150
so762_test,000960019_2,0096,TOM,m,0.963657,0.061955,54,0.963657,m,0.963657,174,33,55
so762_test,000960019_5,0096,CAN,n,0.994525,0.036597,81,0.994525,n,0.994525,174,58,85
so762_test,000960040_11,0096,NINE,n,0.000636,9.7e-05,132,0.977839,j,0.003559,166,124,165
so762_test,000960043_3,0096,EIGHT,t,0.664704,0.00672,79,0.664704,t,0.664704,159,3,153
so762_test,000960043_8,0096,FIVE,v,0.0,0.0,158,0.441092,t,7e-06,159,158,158
so762_test,000960046_10,0096,SEVEN,n,0.220822,0.03195,104,0.992366,ŋ,0.756743,152,99,105
so762_test,000960046_3,0096,SEX,s,0.941132,0.088461,45,0.982901,s,0.941132,152,42,52
so762_test,000960046_6,0096,NINE,n,0.006938,0.001934,73,0.992366,n,0.006938,152,66,78
so762_test,000960048_1,0096,EIGHT,t,0.940497,0.015572,47,0.940497,t,0.940497,156,1,63
so762_test,000960048_10,0096,FIVE,v,0.0,0.0,155,0.885217,n,8e-06,156,155,155
so762_test,000960049_7,0096,FIVE,v,0.884492,0.07373,105,0.884492,v,0.884492,156,94,105
so762_test,001110009_2,0111,IT'S,s,1e-06,1e-06,70,0.028675,n,7e-06,154,70,70
so762_test,001110009_5,0111,ANN'S,s,0.00066,0.000125,87,0.028675,d,0.951965,154,87,92
so762_test,001110009_9,0111,PLUM,m,0.949518,0.026702,128,0.949518,m,0.949518,154,118,153
so762_test,001110023_1,0111,ANN,n,0.809345,0.032623,39,0.809345,n,0.809345,165,1,41
so762_test,001110023_3,0111,IS,z,0.961418,0.120244,61,0.961418,z,0.961418,165,60,67
so762_test,001110023_7,0111,FROM,m,0.0,0.0,108,0.995316,t,7.7e-05,165,108,108
so762_test,001110039_12,0111,FIVE,v,0.852068,0.031874,157,0.852068,v,0.852068,174,146,173
so762_test,001110039_2,0111,ONE,n,0.970126,0.046621,50,0.970126,n,0.970126,174,38,65
so762_test,001110039_6,0111,SIX,s,0.7079,0.064742,85,0.7079,s,0.7079,174,85,95
so762_test,001110039_9,0111,FOUR,ɹ,0.258339,0.029388,118,0.258339,ɹ,0.258339,174,104,122
so762_test,001110040_2,0111,ONE,n,0.952135,0.021512,44,0.952135,n,0.952135,103,2,50
so762_test,001110040_6,0111,SEVEN,n,0.158844,0.009033,80,0.952135,n,0.158844,103,57,102
so762_test,001110047_11,0111,FIVE,v,0.0,0.0,188,0.119891,n,2e-06,189,188,188
so762_test,001110047_2,0111,FOUR,ɹ,0.040599,0.003949,52,0.068156,ɹ,0.040599,189,2,58
so762_test,001110047_6,0111,SIX,s,0.615809,0.160751,77,0.615809,s,0.615809,189,76,79
so762_test,001110047_8,0111,EIGHT,t,0.665451,0.009228,119,0.665451,t,0.665451,189,81,185
so762_test,001110056_8,0111,JIM,m,0.94519,0.072908,90,0.94519,m,0.94519,170,88,100
so762_test,001110060_2,0111,NUT,t,0.277036,0.017156,46,0.277036,t,0.277036,148,42,62
so762_test,001110067_10,0111,AT,t,0.597013,0.019666,118,0.597013,t,0.597013,190,72,134
so762_test,001110067_15,0111,RACING,ŋ,0.652031,0.029099,163,0.652031,ŋ,0.652031,190,155,189
so762_test,001110067_5,0111,IS,z,0.965503,0.321909,66,0.965503,z,0.965503,190,65,67
so762_test,001110067_8,0111,GOOD,d,0.000129,0.000129,70,0.969163,t,0.000703,190,70,70
so762_test,001120010_2,0112,IT'S,s,0.0,0.0,2,0.042089,n,1e-06,114,2,2
so762_test,001120010_5,0112,NOT,t,0.916318,0.015425,56,0.916318,t,0.916318,114,49,110
so762_test,001120010_8,0112,FISH,ʃ,0.0,0.0,113,0.949664,n,1e-06,114,113,113
so762_test,001120013_6,0112,CAN,n,0.96673,0.01408,83,0.96673,n,0.96673,179,6,88
so762_test,001120031_13,0112,SIX,s,0.988901,0.036816,107,0.988901,s,0.988901,132,105,131
so762_test,001120031_3,0112,SEVEN,n,0.801727,0.065722,43,0.801727,n,0.801727,132,35,49
so762_test,001120031_6,0112,NINE,n,0.001719,0.000508,59,0.801727,v,0.007177,132,52,59
so762_test,001120031_9,0112,FOUR,ɹ,0.186987,0.031797,73,0.186987,ɹ,0.186987,132,69,76
so762_test,001120038_11,0112,EIGHT,t,0.853367,0.023231,118,0.853367,t,0.853367,148,111,147
so762_test,001120038_6,0112,SEVEN,n,0.039207,0.006937,75,0.400285,l,0.166855,148,67,79
so762_test,001120038_9,0112,ONE,n,0.400285,0.027372,92,0.400285,n,0.400285,148,85,109
so762_test,001120063_5,0112,TURKEYS,z,0.722411,0.180705,62,0.722411,z,0.722411,155,60,63
so762_test,001120078_16,0112,BISCUIT,t,0.024674,0.000852,145,0.555341,d,0.950928,166,130,165
so762_test,001120078_2,0112,DOES,z,0.104557,0.052341,37,0.589559,s,0.877456,166,36,37
so762_test,001120078_5,0112,JOHN,n,0.068276,0.006854,66,0.068276,h,0.124987,166,52,74
so762_test,001120090_5,0112,BOB'S,s,0.712049,0.057007,63,0.712049,s,0.712049,133,60,72
so762_test,001130002_2,0113,BOB,b,0.952203,0.238057,25,0.952203,b,0.952203,145,22,25
so762_test,001130002_6,0113,LIKES,s,0.894563,0.044875,73,0.894563,s,0.894563,145,72,91
so762_test,001130005_14,0113,PURPLE,l,0.000432,0.000171,147,0.962868,ɹ,0.002079,191,140,147
so762_test,001130005_17,0113,ONE,n,0.980122,0.028903,169,0.980122,n,0.980122,191,157,190
so762_test,001130005_8,0113,LIKES,s,0.936874,0.047497,91,0.936874,s,0.936874,191,90,112
so762_test,001130019_6,0113,CAN,n,0.977329,0.042765,89,0.977329,n,0.977329,223,77,100
so762_test,001130021_13,0113,FRANCE,s,0.084847,0.004243,162,0.155979,z,0.58778,187,162,186
so762_test,001130021_2,0113,TOM,m,0.969522,0.068842,51,0.969522,m,0.969522,187,34,63
so762_test,001130021_6,0113,LIVES,z,0.719534,0.23995,94,0.719534,z,0.719534,187,93,95
so762_test,001130021_8,0113,IN,n,0.104073,0.014109,124,0.104073,l,0.106521,187,114,127
so762_test,001130023_12,0113,LAOS,s,0.310664,0.009431,156,0.310664,z,0.630296,187,154,186
so762_test,001130023_5,0113,IS,z,4.5e-05,4.5e-05,99,0.630296,ə,0.000652,187,99,99
so762_test,001130023_9,0113,FROM,m,0.927399,0.179002,124,0.927399,m,0.927399,187,122,129
so762_test,001130024_2,0113,JOHN,n,0.048966,0.001187,46,0.048966,ŋ,0.925796,205,2,52
so762_test,001130024_6,0113,LOVES,z,0.666213,0.214151,86,0.666213,z,0.666213,205,84,89
so762_test,001130039_10,0113,ONE,n,0.873615,0.030595,143,0.939691,n,0.873615,168,130,167
so762_test,001130039_2,0113,NINE,n,0.939691,0.096723,56,0.939691,n,0.939691,168,40,58
so762_test,001130039_7,0113,ONE,n,0.912552,0.150295,115,0.939691,n,0.912552,168,107,117
so762_test,001130047_10,0113,NINE,n,0.761614,0.091197,109,0.965625,n,0.761614,172,96,111
so762_test,001130047_14,0113,SEVEN,n,0.648796,0.019606,146,0.965625,n,0.648796,172,137,171
so762_test,001130047_3,0113,SIX,s,0.948596,0.15994,49,0.97005,s,0.948596,172,46,58
so762_test,001130047_7,0113,SEVEN,n,0.965625,0.10017,81,0.965625,n,0.965625,172,75,93
so762_test,001140008_16,0114,LONGAN,n,0.031632,0.001854,148,0.100844,ŋ,0.870864,175,141,174
so762_test,001140008_2,0114,MIKE,k,0.954957,0.050336,57,0.954957,k,0.954957,175,50,68
so762_test,001140008_5,0114,HAS,z,0.94654,0.189326,83,0.94654,z,0.94654,175,80,84
so762_test,001140008_8,0114,GOT,t,0.92713,0.175853,103,0.92713,t,0.92713,175,95,106
so762_test,001140045_5,0114,SIX,s,0.990651,0.202634,58,0.990651,s,0.990651,125,57,62
so762_test,001140046_1,0114,EIGHT,t,0.482808,0.012761,36,0.482808,t,0.482808,106,1,42
so762_test,001140046_13,0114,SIX,s,0.977513,0.055317,89,0.977513,s,0.977513,106,88,105
so762_test,001140046_5,0114,SEVEN,n,0.021843,0.007765,56,0.021843,n,0.021843,106,54,57
so762_test,001140046_9,0114,SIX,s,0.946556,0.418052,71,0.977513,s,0.946556,106,69,76
so762_test,001140049_10,0114,FOUR,ɹ,0.958919,0.011384,143,0.958919,ɹ,0.958919,336,139,240
so762_test,001140049_14,0114,SIX,s,0.988045,0.047053,295,0.991769,s,0.988045,336,294,335
so762_test,001140049_3,0114,SIX,s,1.8e-05,1.8e-05,126,0.991769,d,0.000119,336,126,126
so762_test,001140054_11,0114,NINE,n,0.000626,5.4e-05,80,0.988156,j,0.003033,111,70,110
so762_test,001140054_5,0114,FOUR,ɹ,0.150471,0.022319,47,0.222368,ɹ,0.150471,111,42,50
so762_test,001140056_7,0114,PURPLE,l,0.021341,0.0054,76,0.988747,l,0.021341,146,69,78
so762_test,001140059_12,0114,MUSHROOM,m,0.000423,3.1e-05,117,0.995563,n,0.001324,133,117,132
so762_test,001140059_3,0114,JEANS,z,0.00011,0.00011,52,0.844646,ə,0.033658,133,52,52
so762_test,001140059_6,0114,SIZE,z,0.844646,0.199794,71,0.844646,z,0.844646,133,69,74
so762_test,001140064_14,0114,HOMEWORK,k,0.958318,0.041807,183,0.958318,k,0.958318,195,172,194
so762_test,001140064_8,0114,OFFICE,s,0.960904,0.053988,122,0.960904,s,0.960904,195,118,135
so762_test,001220013_10,0122,WOLF,f,0.0,0.0,127,0.950782,n,7e-06,128,127,127
so762_test,001220013_2,0122,LOOK,k,0.936338,0.083083,40,0.936338,k,0.936338,128,34,45
so762_test,001220013_4,0122,AT,t,0.889772,0.014332,102,0.889772,t,0.889772,128,50,121
so762_test,001220015_2,0122,TIM,m,0.827359,0.069878,49,0.827359,m,0.827359,159,45,57
so762_test,001220015_8,0122,GOING,ŋ,0.007462,0.002762,86,0.008793,n,0.538546,159,79,87
so762_test,001220021_10,0122,JAPAN,n,0.81467,0.013175,118,0.81467,n,0.81467,148,79,147
so762_test,001220031_13,0122,SIX,s,0.602754,0.015482,145,0.985668,s,0.602754,183,144,182
so762_test,001220031_3,0122,SIX,s,0.933442,0.104641,48,0.985668,s,0.933442,183,46,54
so762_test,001220031_6,0122,NINE,n,0.749697,0.040253,81,0.979986,n,0.749697,183,70,91
so762_test,001220031_9,0122,FIVE,v,0.721357,0.080218,114,0.721357,v,0.721357,183,110,118
so762_test,001220034_10,0122,SEVEN,n,0.949557,0.022955,139,0.949557,n,0.949557,166,120,165
so762_test,001220034_4,0122,EIGHT,t,0.538325,0.00704,77,0.538325,t,0.538325,166,4,83
so762_test,001220038_10,0122,ONE,n,0.006891,0.000629,104,0.742241,n,0.006891,131,97,130
so762_test,001220038_3,0122,SEVEN,n,0.742241,0.030164,55,0.742241,n,0.742241,131,3,58
so762_test,001220051_2,0122,NINE,n,0.000642,0.000331,48,0.012269,ɪ,0.003786,151,36,49
so762_test,001220051_6,0122,SIX,s,0.87233,0.294661,71,0.951365,s,0.87233,151,70,72
so762_absent_dev,001450109_11,0145,CLEAN,n,0.146262,0.003654,278,0.990566,ŋ,0.794773,307,258,306
so762_absent_dev,001450109_7,0145,WASHED,t,0.069265,0.001208,126,0.848262,d,0.793177,307,85,239
so762_absent_dev,010920125_11,1092,LIKE,k,0.93431,0.46717,99,0.940743,k,0.93431,273,99,100
so762_absent_dev,010920125_21,1092,CARROT,t,0.005214,0.000116,240,0.906296,th,0.708073,273,161,272
so762_absent_dev,010920125_6,1092,WOULD,d,0.07192,0.018284,62,0.07192,t,0.906296,273,62,65
so762_absent_dev,014180143_10,1418,READ,d,0.725726,0.145768,143,0.725726,d,0.725726,330,141,145
so762_absent_dev,014180143_12,1418,IN,n,0.432035,0.026797,164,0.432035,ŋ,0.492485,330,147,173
so762_absent_dev,014180143_15,1418,JUNE,n,0.248226,0.015613,199,0.432035,n,0.248226,330,179,225
so762_absent_dev,014180143_20,1418,SIXTH,θ,3e-06,3e-06,288,0.004042,t,9.5e-05,330,288,288
so762_absent_dev,014180143_6,1418,WILL,l,0.000884,0.000213,84,0.98066,j,0.487011,330,77,87
so762_absent_dev,014190172_2,1419,AND,d,0.228137,0.04677,48,0.228137,t,0.332821,133,47,51
so762_absent_dev,014190172_7,1419,NAME,m,0.408616,0.102539,83,0.997723,n,0.425097,133,81,84
so762_absent_dev,014350017_11,1435,GOING,ŋ,0.858059,0.160823,125,0.858059,ŋ,0.858059,224,122,129
so762_absent_dev,014350017_18,1435,WHALE,l,0.024904,0.000649,197,0.024904,d,0.766138,224,180,223
so762_absent_dev,014350017_5,1435,STEEVEN,n,0.808954,0.076776,61,0.808954,n,0.808954,224,55,71
so762_absent_dev,014350017_7,1435,IS,z,0.975504,0.057737,82,0.975504,z,0.975504,224,79,95
so762_absent_dev,014350103_13,1435,YACHT,t,0.90325,0.025241,130,0.90325,t,0.90325,157,113,156
so762_absent_dev,014350103_6,1435,GOT,t,0.000966,0.000122,61,0.90325,k,0.001183,157,50,62
so762_absent_dev,014350103_8,1435,ON,n,0.978135,0.089446,70,0.978135,n,0.978135,157,64,74
so762_absent_dev,014350133_6,1435,GOT,t,0.28185,0.020923,63,0.613474,ts,0.316405,209,54,70
so762_absent_dev,014350146_16,1435,EDUCATION,n,0.909805,0.023461,112,0.909805,n,0.909805,287,102,213
so762_absent_dev,014350146_20,1435,CLASS,s,0.991352,0.142042,235,0.991352,s,0.991352,287,233,239
so762_absent_dev,014350146_22,1435,AT,t,0.948088,0.198266,246,0.948088,t,0.948088,287,243,247
so762_absent_dev,014350146_26,1435,SCHOOL,l,0.001665,0.000219,266,0.993151,ɹ,0.002244,287,261,286
so762_absent_dev,014350146_7,1435,LIKES,s,0.449272,0.118244,62,0.991352,s,0.449272,287,59,63
so762_absent_dev,014350158_5,1435,HAVE,v,0.973149,0.244612,59,0.973149,v,0.973149,114,57,60
so762_absent_dev,014350158_8,1435,COME,m,0.008451,0.003074,72,0.008451,ŋ,0.619587,114,67,73
so762_absent_dev,014390057_12,1439,FRENCH,tʃ,0.0,0.0,225,0.005456,n,1e-06,230,225,225
so762_absent_dev,014390057_16,1439,FRIES,z,0.0,0.0,229,0.512275,n,2e-06,230,229,229
so762_absent_dev,014390057_7,1439,LIKES,s,0.320165,0.014737,97,0.320165,s,0.320165,230,93,115
so762_absent_dev,014390076_10,1439,BIG,ɡ,0.942744,0.188568,189,0.942744,ɡ,0.942744,266,186,190
so762_absent_dev,014390076_6,1439,HAS,z,0.275406,0.055222,145,0.275406,ʒ,0.315475,266,142,146
so762_absent_dev,014390134_10,1439,DRAWING,ŋ,0.014368,0.001587,165,0.014368,n,0.833603,292,158,167
so762_absent_dev,014390134_17,1439,CHINESE,z,0.0,0.0,286,0.220657,n,1e-06,292,286,286
so762_absent_dev,014390134_22,1439,CABBAGE,dʒ,0.0,0.0,291,0.227415,n,1e-06,292,291,291
so762_absent_dev,014390134_5,1439,IS,z,0.220657,0.055238,105,0.220657,s,0.328832,292,103,106
so762_absent_dev,014470026_12,1447,FRANCE,s,0.0,0.0,170,0.207501,n,3e-06,171,170,170
so762_absent_dev,014470026_7,1447,LOVES,z,0.0,0.0,111,0.746887,t,2e-06,171,111,111
so762_absent_dev,014470149_2,1447,BUT,t,0.944845,0.021029,40,0.944845,t,0.944845,150,2,50
so762_absent_dev,014470149_5,1447,WHERE,ɹ,0.178107,0.009594,74,0.178107,ɹ,0.178107,150,54,97
so762_absent_dev,014470150_1,1447,IS,z,0.0,0.0,1,0.355119,n,1e-06,158,1,1
so762_absent_dev,014470150_3,1447,IT,t,0.801305,0.006945,42,0.801305,t,0.801305,158,3,151
so762_absent_dev,020340162_12,2034,PETS,s,0.565963,0.047499,116,0.565963,s,0.565963,128,116,127
so762_absent_dev,020340162_2,2034,THESE,z,0.964207,0.068956,35,0.964207,z,0.964207,128,33,46
so762_absent_dev,020340162_8,2034,BAN,n,0.004543,0.000675,89,0.004543,d,0.889412,128,79,90
so762_absent_dev,021790169_10,2179,BUT,t,0.873118,0.028344,70,0.873118,t,0.873118,145,46,91
so762_absent_dev,021790169_13,2179,WHEN,n,0.193541,0.004831,110,0.193541,l,0.310807,145,103,144
so762_absent_dev,021790169_3,2179,WOULD,d,0.0,0.0,3,0.117096,n,1e-06,145,3,3
so762_absent_dev,021790169_7,2179,OUT,t,0.002068,0.000233,42,0.873118,k,0.627329,145,7,43
so762_absent_dev,030490142_1,3049,IT,t,0.766213,0.01761,34,0.766213,t,0.766213,163,1,44
so762_absent_dev,030490142_3,3049,IS,z,0.927757,0.194806,61,0.927757,z,0.927757,163,60,64
so762_absent_dev,030490142_7,3049,LONG,ŋ,0.942625,0.151077,103,0.942625,ŋ,0.942625,163,97,106
so762_absent_dev,069120014_11,6912,ROOM,m,0.968439,0.023156,145,0.968439,m,0.968439,180,138,179
so762_absent_dev,069120014_6,6912,ENTERED,d,0.932778,0.041738,104,0.932778,d,0.932778,180,99,123
so762_absent_dev,069120072_1,6912,IT,t,0.982699,0.043267,43,0.982699,t,0.982699,141,1,44
so762_absent_dev,069120072_13,6912,SILK,k,0.0,0.0,140,0.915617,n,1e-06,141,140,140
so762_absent_dev,069120072_5,6912,TURNED,d,0.90273,0.59191,54,0.90273,d,0.90273,141,54,55
so762_absent_dev,069120072_7,6912,US,s,0.078912,0.026327,67,0.763272,z,0.912113,141,66,68
so762_absent_dev,069120170_11,6912,LOST,t,0.979413,0.110524,99,0.992406,t,0.979413,186,95,104
so762_absent_dev,069120170_17,6912,BEST,t,0.992406,0.141905,129,0.992406,t,0.992406,186,127,133
so762_absent_dev,069120170_19,6912,OF,v,0.991804,0.123981,139,0.991804,v,0.991804,186,135,142
so762_absent_dev,069120170_2,6912,BUT,t,0.951789,0.018345,44,0.992406,t,0.951789,186,2,54
so762_absent_dev,069120170_22,6912,MEN,n,0.990269,0.033993,156,0.990269,n,0.990269,186,150,185
so762_absent_dev,069120170_7,6912,HAVE,v,9.1e-05,5.3e-05,79,0.991804,d,0.994808,186,79,80
so762_absent_dev,085850042_14,8585,CLOTHES,z,2e-06,2e-06,209,0.232614,w,0.000444,256,209,209
so762_absent_dev,085850042_22,8585,SALES,z,1e-06,1e-06,255,0.232614,n,9e-06,256,255,255
so762_absent_dev,085850042_6,8585,SOME,m,1e-06,1e-06,6,0.051155,n,3e-06,256,6,6
so762_absent_dev,085850042_9,8585,NICE,s,0.984607,0.141713,102,0.984607,s,0.984607,256,101,107
