blind_id,token_id,speaker_id,word,target_phone,pool,labels,confidences,reason,adjudicator_label,adjudicator_note
R015,014180143_6,1418,WILL,l,,REV-A=UNCERTAIN,REV-A=MEDIUM,UNCERTAIN,,
R038,014470150_1,1447,IS,z,,REV-A=UNCERTAIN,REV-A=MEDIUM,UNCERTAIN,,
R060,001110067_10,0111,AT,t,,REV-A=UNCERTAIN,REV-A=HIGH,UNCERTAIN,,
R073,014350158_8,1435,COME,m,,REV-A=UNCERTAIN,REV-A=HIGH,UNCERTAIN,,
R094,000940067_8,0094,GOOD,d,,REV-A=UNCERTAIN,REV-A=MEDIUM,UNCERTAIN,,
R106,000480014_2,0048,JOHN,n,,REV-A=UNCERTAIN,REV-A=HIGH,UNCERTAIN,,
R127,child_07_four,child_07,four,ɹ,,REV-A=UNCERTAIN,REV-A=LOW,UNCERTAIN,,
R143,000930035_10,0093,SEEK,k,,REV-A=UNCERTAIN,REV-A=HIGH,UNCERTAIN,,
R148,siak_test143_test143enuk06_053_t00000631_pet,test143,pet,t,,REV-A=UNCERTAIN,REV-A=HIGH,UNCERTAIN,,
R188,014180143_20,1418,SIXTH,θ,,REV-A=UNCERTAIN,REV-A=LOW,UNCERTAIN,,
R196,000440062_8,0044,PLAN,n,,REV-A=UNCERTAIN,REV-A=HIGH,UNCERTAIN,,
R236,001130002_2,0113,BOB,b,,REV-A=UNCERTAIN,REV-A=LOW,UNCERTAIN,,
R238,014470026_12,1447,FRANCE,s,,REV-A=UNCERTAIN,REV-A=MEDIUM,UNCERTAIN,,
R243,000960048_10,0096,FIVE,v,,REV-A=UNCERTAIN,REV-A=LOW,UNCERTAIN,,
R246,014350017_18,1435,WHALE,l,,REV-A=UNCERTAIN,REV-A=MEDIUM,UNCERTAIN,,
R266,001220013_4,0122,AT,t,,REV-A=UNCERTAIN,REV-A=MEDIUM,UNCERTAIN,,
