blind_id,token_id,corpus,speaker_id,word,target_phone,pool,purpose,n_reviewers,labels,confidences,assessability,consensus,agreement,uncertain,notes
R001,child_09_four,lwe,child_09,four,ɹ,,,1,REV-A=PRESENT,REV-A=HIGH,REV-A=ASSESSABLE,PRESENT,1,0,
R002,001040062_3,so762_dev,0104,CARDS,z,,,1,REV-A=PRESENT,REV-A=HIGH,REV-A=ASSESSABLE,PRESENT,1,0,
R003,014350146_22,so762_absent_dev,1435,AT,t,,,1,REV-A=PRESENT,REV-A=HIGH,REV-A=ASSESSABLE,PRESENT,1,0,
R004,000260048_8,so762_dev,0026,EIGHT,t,,,1,REV-A=PRESENT,REV-A=MEDIUM,REV-A=ASSESSABLE,PRESENT,1,0,
R005,000750029_2,so762_dev,0075,FIVE,v,,,1,REV-A=PRESENT,REV-A=HIGH,REV-A=ASSESSABLE,PRESENT,1,0,
R006,001030013_14,so762_dev,0103,HORSE,s,,,1,REV-A=PRESENT,REV-A=HIGH,REV-A=ASSESSABLE,PRESENT,1,0,
R007,001140054_11,so762_test,0114,NINE,n,,,1,REV-A=PRESENT,REV-A=HIGH,REV-A=ASSESSABLE,PRESENT,1,0,
R008,000050038_2,so762_dev,0005,FOUR,ɹ,,,1,REV-A=PRESENT,REV-A=HIGH,REV-A=ASSESSABLE,PRESENT,1,0,
R009,001110009_5,so762_test,0111,ANN'S,s,,,1,REV-A=PRESENT,REV-A=HIGH,REV-A=ASSESSABLE,PRESENT,1,0,
R010,000530055_3,so762_dev,0053,BOOTS,s,,,1,REV-A=PRESENT,REV-A=HIGH,REV-A=ASSESSABLE,PRESENT,1,0,
R011,siak_train110_train110fifi06_011_t00000237_baseball,siak,train110,baseball,l,,,1,REV-A=ABSENT,REV-A=HIGH,REV-A=ASSESSABLE,ABSENT,1,0,
R012,069120170_2,so762_absent_dev,6912,BUT,t,,,1,REV-A=PRESENT,REV-A=HIGH,REV-A=ASSESSABLE,PRESENT,1,0,
R013,000010011_4,so762_dev,0001,CALL,l,,,1,REV-A=PRESENT,REV-A=HIGH,REV-A=ASSESSABLE,PRESENT,1,0,
R014,000260011_6,so762_dev,0026,CAN,n,,,1,REV-A=PRESENT,REV-A=HIGH,REV-A=ASSESSABLE,PRESENT,1,0,
R015,014180143_6,so762_absent_dev,1418,WILL,l,,,1,REV-A=UNCERTAIN,REV-A=MEDIUM,REV-A=ASSESSABLE,UNCERTAIN,1,1,
R016,child_02_five,lwe,child_02,five,v,,,1,REV-A=PRESENT,REV-A=HIGH,REV-A=ASSESSABLE,PRESENT,1,0,
R017,000530030_6,so762_dev,0053,FOUR,ɹ,,,1,REV-A=PRESENT,REV-A=HIGH,REV-A=ASSESSABLE,PRESENT,1,0,
R018,siak_test143_test143enuk06_094_t00001156_run,siak,test143,run,n,,,1,REV-A=PRESENT,REV-A=HIGH,REV-A=ASSESSABLE,PRESENT,1,0,
R019,000030040_10,so762_test,0003,EIGHT,t,,,1,REV-A=PRESENT,REV-A=HIGH,REV-A=ASSESSABLE,PRESENT,1,0,
R020,000260039_9,so762_dev,0026,SIX,s,,,1,REV-A=PRESENT,REV-A=HIGH,REV-A=ASSESSABLE,PRESENT,1,0,
R021,siak_test160_test160fifi06_019_t00000689_friend,siak,test160,friend,d,,,1,REV-A=PRESENT,REV-A=HIGH,REV-A=ASSESSABLE,PRESENT,1,0,
R022,000940067_15,so762_test,0094,TENNIS,s,,,1,REV-A=ABSENT,REV-A=MEDIUM,REV-A=ASSESSABLE,ABSENT,1,0,
R023,021790169_10,so762_absent_dev,2179,BUT,t,,,1,REV-A=ABSENT,REV-A=HIGH,REV-A=NOT_ASSESSABLE,ABSENT,1,0,
R024,000490047_9,so762_test,0049,EIGHT,t,,,1,REV-A=PRESENT,REV-A=HIGH,REV-A=ASSESSABLE,PRESENT,1,0,
R025,010920125_21,so762_absent_dev,1092,CARROT,t,,,1,REV-A=PRESENT,REV-A=HIGH,REV-A=ASSESSABLE,PRESENT,1,0,
R026,child_01_five,lwe,child_01,five,v,,,1,REV-A=PRESENT,REV-A=HIGH,REV-A=ASSESSABLE,PRESENT,1,0,
R027,000940067_5,so762_test,0094,IS,z,,,1,REV-A=PRESENT,REV-A=HIGH,REV-A=ASSESSABLE,PRESENT,1,0,
R028,069120014_6,so762_absent_dev,6912,ENTERED,d,,,1,REV-A=PRESENT,REV-A=HIGH,REV-A=ASSESSABLE,PRESENT,1,0,
R029,000050049_4,so762_dev,0005,FIVE,v,,,1,REV-A=PRESENT,REV-A=HIGH,REV-A=ASSESSABLE,PRESENT,1,0,
R030,000050010_2,so762_dev,0005,ITS,s,,,1,REV-A=PRESENT,REV-A=HIGH,REV-A=ASSESSABLE,PRESENT,1,0,
R031,000920025_6,so762_test,0092,FIVE,v,,,1,REV-A=PRESENT,REV-A=HIGH,REV-A=ASSESSABLE,PRESENT,1,0,
R032,000060020_17,so762_dev,0006,JAPAN,n,,,1,REV-A=PRESENT,REV-A=HIGH,REV-A=ASSESSABLE,PRESENT,1,0,
R033,000490088_9,so762_test,0049,TEDDY'S,s,,,1,REV-A=PRESENT,REV-A=HIGH,REV-A=ASSESSABLE,PRESENT,1,0,
R034,000960019_5,so762_test,0096,CAN,n,,,1,REV-A=PRESENT,REV-A=HIGH,REV-A=ASSESSABLE,PRESENT,1,0,
R035,020340162_8,so762_absent_dev,2034,BAN,n,,,1,REV-A=PRESENT,REV-A=HIGH,REV-A=ASSESSABLE,PRESENT,1,0,
R036,child_07_seven,lwe,child_07,seven,n,,,1,REV-A=PRESENT,REV-A=HIGH,REV-A=ASSESSABLE,PRESENT,1,0,
R037,000530019_6,so762_dev,0053,CAN,n,,,1,REV-A=PRESENT,REV-A=HIGH,REV-A=ASSESSABLE,PRESENT,1,0,
R038,014470150_1,so762_absent_dev,1447,IS,z,,,1,REV-A=UNCERTAIN,REV-A=MEDIUM,REV-A=ASSESSABLE,UNCERTAIN,1,1,
R039,000060020_8,so762_dev,0006,COME,m,,,1,REV-A=PRESENT,REV-A=HIGH,REV-A=ASSESSABLE,PRESENT,1,0,
R040,000700010_12,so762_dev,0070,ELEPHANT,t,,,1,REV-A=PRESENT,REV-A=HIGH,REV-A=ASSESSABLE,PRESENT,1,0,
R041,000960002_7,so762_test,0096,LIKES,s,,,1,REV-A=PRESENT,REV-A=HIGH,REV-A=ASSESSABLE,PRESENT,1,0,
R042,000750068_12,so762_dev,0075,TENNIS,s,,,1,REV-A=PRESENT,REV-A=HIGH,REV-A=ASSESSABLE,PRESENT,1,0,
R043,siak_train001_train001fifi05_292_t08738174_cap,siak,train001,cap,p,,,1,REV-A=PRESENT,REV-A=HIGH,REV-A=ASSESSABLE,PRESENT,1,0,
R044,001130039_7,so762_test,0113,ONE,n,,,1,REV-A=PRESENT,REV-A=HIGH,REV-A=ASSESSABLE,PRESENT,1,0,
R045,001040038_4,so762_dev,0104,FIVE,v,,,1,REV-A=PRESENT,REV-A=HIGH,REV-A=ASSESSABLE,PRESENT,1,0,
R046,001130047_10,so762_test,0113,NINE,n,,,1,REV-A=PRESENT,REV-A=HIGH,REV-A=ASSESSABLE,PRESENT,1,0,
R047,child_02_ten,lwe,child_02,ten,n,,,1,REV-A=PRESENT,REV-A=HIGH,REV-A=ASSESSABLE,PRESENT,1,0,
R048,000480015_21,so762_dev,0048,ELEPHANT,t,,,1,REV-A=PRESENT,REV-A=HIGH,REV-A=ASSESSABLE,PRESENT,1,0,
R049,000560068_10,so762_dev,0056,TOES,z,,,1,REV-A=PRESENT,REV-A=HIGH,REV-A=ASSESSABLE,PRESENT,1,0,
R050,000940042_6,so762_test,0094,ONE,n,,,1,REV-A=PRESENT,REV-A=HIGH,REV-A=ASSESSABLE,PRESENT,1,0,
R051,001030054_2,so762_dev,0103,ONE,n,,,1,REV-A=PRESENT,REV-A=HIGH,REV-A=ASSESSABLE,PRESENT,1,0,
R052,000490088_4,so762_test,0049,AT,t,,,1,REV-A=PRESENT,REV-A=HIGH,REV-A=ASSESSABLE,PRESENT,1,0,
R053,000260032_5,so762_dev,0026,ONE,n,,,1,REV-A=PRESENT,REV-A=HIGH,REV-A=ASSESSABLE,PRESENT,1,0,
R054,000060077_3,so762_dev,0006,ATE,t,,,1,REV-A=PRESENT,REV-A=HIGH,REV-A=ASSESSABLE,PRESENT,1,0,
R055,000010075_5,so762_dev,0001,HATES,s,,,1,REV-A=PRESENT,REV-A=HIGH,REV-A=ASSESSABLE,PRESENT,1,0,
R056,001120031_13,so762_test,0112,SIX,s,,,1,REV-A=PRESENT,REV-A=HIGH,REV-A=ASSESSABLE,PRESENT,1,0,
R057,child_09_five,lwe,child_09,five,v,,,1,REV-A=PRESENT,REV-A=HIGH,REV-A=ASSESSABLE,PRESENT,1,0,
R058,000440005_7,so762_test,0044,LIKES,s,,,1,REV-A=PRESENT,REV-A=MEDIUM,REV-A=ASSESSABLE,PRESENT,1,0,
R059,001030032_1,so762_dev,0103,EIGHT,t,,,1,REV-A=PRESENT,REV-A=HIGH,REV-A=ASSESSABLE,PRESENT,1,0,
R060,001110067_10,so762_test,0111,AT,t,,,1,REV-A=UNCERTAIN,REV-A=HIGH,REV-A=ASSESSABLE,UNCERTAIN,1,1,
R061,000940042_10,so762_test,0094,SEVEN,n,,,1,REV-A=PRESENT,REV-A=HIGH,REV-A=ASSESSABLE,PRESENT,1,0,
R062,014180143_15,so762_absent_dev,1418,JUNE,n,,,1,REV-A=ABSENT,REV-A=HIGH,REV-A=ASSESSABLE,ABSENT,1,0,
R063,child_03_four,lwe,child_03,four,ɹ,,,1,REV-A=PRESENT,REV-A=HIGH,REV-A=ASSESSABLE,PRESENT,1,0,
R064,000920010_3,so762_test,0092,IS,z,,,1,REV-A=PRESENT,REV-A=HIGH,REV-A=ASSESSABLE,PRESENT,1,0,
R065,siak_test160_test160fifi06_010_t00000349_school,siak,test160,school,l,,,1,REV-A=PRESENT,REV-A=HIGH,REV-A=ASSESSABLE,PRESENT,1,0,
R066,000030049_3,so762_test,0003,EIGHT,t,,,1,REV-A=PRESENT,REV-A=HIGH,REV-A=ASSESSABLE,PRESENT,1,0,
R067,000930026_8,so762_test,0093,SIX,s,,,1,REV-A=PRESENT,REV-A=HIGH,REV-A=ASSESSABLE,PRESENT,1,0,
R068,001140049_3,so762_test,0114,SIX,s,,,1,REV-A=PRESENT,REV-A=HIGH,REV-A=ASSESSABLE,PRESENT,1,0,
R069,000540031_3,so762_dev,0054,SIX,s,,,1,REV-A=PRESENT,REV-A=HIGH,REV-A=ASSESSABLE,PRESENT,1,0,
R070,000530003_2,so762_dev,0053,MIKE,k,,,1,REV-A=PRESENT,REV-A=HIGH,REV-A=ASSESSABLE,PRESENT,1,0,
R071,001220051_2,so762_test,0122,NINE,n,,,1,REV-A=PRESENT,REV-A=HIGH,REV-A=ASSESSABLE,PRESENT,1,0,
R072,000940015_16,so762_test,0094,BIRD,d,,,1,REV-A=PRESENT,REV-A=HIGH,REV-A=ASSESSABLE,PRESENT,1,0,
R073,014350158_8,so762_absent_dev,1435,COME,m,,,1,REV-A=UNCERTAIN,REV-A=HIGH,REV-A=ASSESSABLE,UNCERTAIN,1,1,
R074,001040022_10,so762_dev,0104,IN,n,,,1,REV-A=PRESENT,REV-A=HIGH,REV-A=ASSESSABLE,PRESENT,1,0,
R075,014350103_6,so762_absent_dev,1435,GOT,t,,,1,REV-A=ABSENT,REV-A=HIGH,REV-A=ASSESSABLE,ABSENT,1,0,
R076,000530003_16,so762_dev,0053,ONE,n,,,1,REV-A=PRESENT,REV-A=HIGH,REV-A=ASSESSABLE,PRESENT,1,0,
R077,siak_train001_train001fifi05_363_t08966500_it,siak,train001,it,t,,,1,REV-A=PRESENT,REV-A=HIGH,REV-A=ASSESSABLE,PRESENT,1,0,
R078,000700037_11,so762_dev,0070,SEVEN,n,,,1,REV-A=PRESENT,REV-A=HIGH,REV-A=ASSESSABLE,PRESENT,1,0,
R079,001220031_6,so762_test,0122,NINE,n,,,1,REV-A=PRESENT,REV-A=HIGH,REV-A=ASSESSABLE,PRESENT,1,0,
R080,014390076_6,so762_absent_dev,1439,HAS,z,,,1,REV-A=PRESENT,REV-A=HIGH,REV-A=ASSESSABLE,PRESENT,1,0,
R081,001140046_9,so762_test,0114,SIX,s,,,1,REV-A=PRESENT,REV-A=HIGH,REV-A=ASSESSABLE,PRESENT,1,0,
R082,000920040_2,so762_test,0092,FIVE,v,,,1,REV-A=PRESENT,REV-A=HIGH,REV-A=ASSESSABLE,PRESENT,1,0,
R083,001220034_10,so762_test,0122,SEVEN,n,,,1,REV-A=PRESENT,REV-A=HIGH,REV-A=ASSESSABLE,PRESENT,1,0,
R084,000930050_12,so762_test,0093,SIX,s,,,1,REV-A=PRESENT,REV-A=HIGH,REV-A=ASSESSABLE,PRESENT,1,0,
R085,001130019_6,so762_test,0113,CAN,n,,,1,REV-A=PRESENT,REV-A=HIGH,REV-A=ASSESSABLE,PRESENT,1,0,
R086,001040050_5,so762_dev,0104,FOUR,ɹ,,,1,REV-A=PRESENT,REV-A=HIGH,REV-A=ASSESSABLE,PRESENT,1,0,
R087,000060020_12,so762_dev,0006,FROM,m,,,1,REV-A=PRESENT,REV-A=HIGH,REV-A=ASSESSABLE,PRESENT,1,0,
R088,000060031_7,so762_dev,0006,FOUR,ɹ,,,1,REV-A=PRESENT,REV-A=HIGH,REV-A=ASSESSABLE,PRESENT,1,0,
R089,000930048_2,so762_test,0093,NINE,n,,,1,REV-A=PRESENT,REV-A=HIGH,REV-A=ASSESSABLE,PRESENT,1,0,
R090,000530030_9,so762_dev,0053,FIVE,v,,,1,REV-A=PRESENT,REV-A=HIGH,REV-A=ASSESSABLE,PRESENT,1,0,
R091,child_01_four,lwe,child_01,four,ɹ,,,1,REV-A=PRESENT,REV-A=HIGH,REV-A=ASSESSABLE,PRESENT,1,0,
R092,child_01_eight,lwe,child_01,eight,t,,,1,REV-A=PRESENT,REV-A=HIGH,REV-A=ASSESSABLE,PRESENT,1,0,
R093,001110047_2,so762_test,0111,FOUR,ɹ,,,1,REV-A=PRESENT,REV-A=HIGH,REV-A=ASSESSABLE,PRESENT,1,0,
R094,000940067_8,so762_test,0094,GOOD,d,,,1,REV-A=UNCERTAIN,REV-A=MEDIUM,REV-A=ASSESSABLE,UNCERTAIN,1,1,
R095,siak_test143_test143enuk06_066_t00000834_face,siak,test143,face,s,,,1,REV-A=PRESENT,REV-A=HIGH,REV-A=ASSESSABLE,PRESENT,1,0,
R096,000930014_13,so762_test,0093,GOAT,t,,,1,REV-A=PRESENT,REV-A=HIGH,REV-A=ASSESSABLE,PRESENT,1,0,
R097,000060029_10,so762_dev,0006,SIX,s,,,1,REV-A=PRESENT,REV-A=HIGH,REV-A=ASSESSABLE,PRESENT,1,0,
R098,001040067_10,so762_dev,0104,AT,t,,,1,REV-A=PRESENT,REV-A=HIGH,REV-A=ASSESSABLE,PRESENT,1,0,
R099,000010089_11,so762_dev,0001,BIG,ɡ,,,1,REV-A=PRESENT,REV-A=HIGH,REV-A=ASSESSABLE,PRESENT,1,0,
R100,000030051_2,so762_test,0003,ONE,n,,,1,REV-A=PRESENT,REV-A=HIGH,REV-A=ASSESSABLE,PRESENT,1,0,
R101,000560058_13,so762_dev,0056,MUTTON,n,,,1,REV-A=PRESENT,REV-A=HIGH,REV-A=ASSESSABLE,PRESENT,1,0,
R102,siak_test143_test143enuk06_002_t00000017_school,siak,test143,school,l,,,1,REV-A=PRESENT,REV-A=HIGH,REV-A=ASSESSABLE,PRESENT,1,0,
R103,000700015_5,so762_dev,0070,IS,z,,,1,REV-A=PRESENT,REV-A=HIGH,REV-A=ASSESSABLE,PRESENT,1,0,
R104,000940021_8,so762_test,0094,LIVES,z,,,1,REV-A=PRESENT,REV-A=HIGH,REV-A=ASSESSABLE,PRESENT,1,0,
R105,014350146_26,so762_absent_dev,1435,SCHOOL,l,,,1,REV-A=PRESENT,REV-A=HIGH,REV-A=ASSESSABLE,PRESENT,1,0,
R106,000480014_2,so762_dev,0048,JOHN,n,,,1,REV-A=UNCERTAIN,REV-A=HIGH,REV-A=ASSESSABLE,UNCERTAIN,1,1,
R107,child_06_four,lwe,child_06,four,ɹ,,,1,REV-A=PRESENT,REV-A=HIGH,REV-A=ASSESSABLE,PRESENT,1,0,
R108,014390134_22,so762_absent_dev,1439,CABBAGE,dʒ,,,1,REV-A=ABSENT,REV-A=MEDIUM,REV-A=ASSESSABLE,ABSENT,1,0,
R109,000920074_8,so762_test,0092,LIKES,s,,,1,REV-A=PRESENT,REV-A=HIGH,REV-A=ASSESSABLE,PRESENT,1,0,
R110,001130023_12,so762_test,0113,LAOS,s,,,1,REV-A=PRESENT,REV-A=HIGH,REV-A=ASSESSABLE,PRESENT,1,0,
R111,child_02_four,lwe,child_02,four,ɹ,,,1,REV-A=PRESENT,REV-A=HIGH,REV-A=ASSESSABLE,PRESENT,1,0,
R112,000930048_12,so762_test,0093,SIX,s,,,1,REV-A=PRESENT,REV-A=HIGH,REV-A=ASSESSABLE,PRESENT,1,0,
R113,000920025_3,so762_test,0092,SIX,s,,,1,REV-A=PRESENT,REV-A=HIGH,REV-A=ASSESSABLE,PRESENT,1,0,
R114,001140056_7,so762_test,0114,PURPLE,l,,,1,REV-A=PRESENT,REV-A=HIGH,REV-A=ASSESSABLE,PRESENT,1,0,
R115,child_09_seven,lwe,child_09,seven,n,,,1,REV-A=PRESENT,REV-A=HIGH,REV-A=ASSESSABLE,PRESENT,1,0,
R116,child_04_four,lwe,child_04,four,ɹ,,,1,REV-A=PRESENT,REV-A=HIGH,REV-A=ASSESSABLE,PRESENT,1,0,
R117,001110039_9,so762_test,0111,FOUR,ɹ,,,1,REV-A=PRESENT,REV-A=HIGH,REV-A=ASSESSABLE,PRESENT,1,0,
R118,000960048_1,so762_test,0096,EIGHT,t,,,1,REV-A=PRESENT,REV-A=HIGH,REV-A=ASSESSABLE,PRESENT,1,0,
R119,014350146_20,so762_absent_dev,1435,CLASS,s,,,1,REV-A=PRESENT,REV-A=HIGH,REV-A=ASSESSABLE,PRESENT,1,0,
R120,001220038_3,so762_test,0122,SEVEN,n,,,1,REV-A=PRESENT,REV-A=HIGH,REV-A=ASSESSABLE,PRESENT,1,0,
R121,siak_test143_test143enuk06_019_t00000196_hard,siak,test143,hard,d,,,1,REV-A=PRESENT,REV-A=HIGH,REV-A=ASSESSABLE,PRESENT,1,0,
R122,000960043_8,so762_test,0096,FIVE,v,,,1,REV-A=ABSENT,REV-A=HIGH,REV-A=ASSESSABLE,ABSENT,1,0,
R123,001030053_8,so762_dev,0103,SEVEN,n,,,1,REV-A=PRESENT,REV-A=HIGH,REV-A=ASSESSABLE,PRESENT,1,0,
R124,001220031_3,so762_test,0122,SIX,s,,,1,REV-A=PRESENT,REV-A=HIGH,REV-A=ASSESSABLE,PRESENT,1,0,
R125,001130021_6,so762_test,0113,LIVES,z,,,1,REV-A=PRESENT,REV-A=HIGH,REV-A=ASSESSABLE,PRESENT,1,0,
R126,000480015_6,so762_dev,0048,IS,z,,,1,REV-A=PRESENT,REV-A=LOW,REV-A=ASSESSABLE,PRESENT,1,0,
R127,child_07_four,lwe,child_07,four,ɹ,,,1,REV-A=UNCERTAIN,REV-A=LOW,REV-A=ASSESSABLE,UNCERTAIN,1,1,
R128,siak_test160_test160fifi06_045_t00001376_sun,siak,test160,sun,n,,,1,REV-A=PRESENT,REV-A=HIGH,REV-A=ASSESSABLE,PRESENT,1,0,
R129,000540014_6,so762_dev,0054,CAN,n,,,1,REV-A=PRESENT,REV-A=HIGH,REV-A=ASSESSABLE,PRESENT,1,0,
R130,001130023_5,so762_test,0113,IS,z,,,1,REV-A=PRESENT,REV-A=HIGH,REV-A=ASSESSABLE,PRESENT,1,0,
R131,001040062_6,so762_dev,0104,BIRD,d,,,1,REV-A=PRESENT,REV-A=HIGH,REV-A=ASSESSABLE,PRESENT,1,0,
R132,000930035_2,so762_test,0093,NINE,n,,,1,REV-A=PRESENT,REV-A=HIGH,REV-A=ASSESSABLE,PRESENT,1,0,
R133,001130039_10,so762_test,0113,ONE,n,,,1,REV-A=PRESENT,REV-A=HIGH,REV-A=ASSESSABLE,PRESENT,1,0,
R134,child_08_four,lwe,child_08,four,ɹ,,,1,REV-A=PRESENT,REV-A=HIGH,REV-A=ASSESSABLE,PRESENT,1,0,
R135,000540031_5,so762_dev,0054,EIGHT,t,,,1,REV-A=PRESENT,REV-A=HIGH,REV-A=ASSESSABLE,PRESENT,1,0,
R136,siak_train110_train110fifi06_021_t00086244_children,siak,train110,children,n,,,1,REV-A=PRESENT,REV-A=HIGH,REV-A=ASSESSABLE,PRESENT,1,0,
R137,siak_train070_train070othr04_029_t00000387_quiet,siak,train070,quiet,t,,,1,REV-A=PRESENT,REV-A=HIGH,REV-A=ASSESSABLE,PRESENT,1,0,
R138,069120170_11,so762_absent_dev,6912,LOST,t,,,1,REV-A=PRESENT,REV-A=HIGH,REV-A=ASSESSABLE,PRESENT,1,0,
R139,000490002_6,so762_test,0049,LIKES,s,,,1,REV-A=PRESENT,REV-A=HIGH,REV-A=ASSESSABLE,PRESENT,1,0,
R140,000060031_2,so762_dev,0006,FIVE,v,,,1,REV-A=PRESENT,REV-A=HIGH,REV-A=ASSESSABLE,PRESENT,1,0,
R141,siak_test143_test143enuk06_034_t00000385_cake,siak,test143,cake,k,,,1,REV-A=PRESENT,REV-A=HIGH,REV-A=ASSESSABLE,PRESENT,1,0,
R142,000920055_14,so762_test,0092,LANTERN,n,,,1,REV-A=PRESENT,REV-A=HIGH,REV-A=ASSESSABLE,PRESENT,1,0,
R143,000930035_10,so762_test,0093,SEEK,k,,,1,REV-A=UNCERTAIN,REV-A=HIGH,REV-A=ASSESSABLE,UNCERTAIN,1,1,
R144,001220038_10,so762_test,0122,ONE,n,,,1,REV-A=PRESENT,REV-A=HIGH,REV-A=ASSESSABLE,PRESENT,1,0,
R145,000540001_2,so762_dev,0054,MIKE,k,,,1,REV-A=PRESENT,REV-A=HIGH,REV-A=ASSESSABLE,PRESENT,1,0,
R146,000750015_8,so762_dev,0075,GOING,ŋ,,,1,REV-A=PRESENT,REV-A=HIGH,REV-A=ASSESSABLE,PRESENT,1,0,
R147,001140049_10,so762_test,0114,FOUR,ɹ,,,1,REV-A=PRESENT,REV-A=HIGH,REV-A=ASSESSABLE,PRESENT,1,0,
R148,siak_test143_test143enuk06_053_t00000631_pet,siak,test143,pet,t,,,1,REV-A=UNCERTAIN,REV-A=HIGH,REV-A=ASSESSABLE,UNCERTAIN,1,1,
R149,000940042_14,so762_test,0094,SIX,s,,,1,REV-A=PRESENT,REV-A=HIGH,REV-A=ASSESSABLE,PRESENT,1,0,
R150,000750005_6,so762_dev,0075,LIKES,s,,,1,REV-A=PRESENT,REV-A=HIGH,REV-A=ASSESSABLE,PRESENT,1,0,
R151,014190172_7,so762_absent_dev,1419,NAME,m,,,1,REV-A=PRESENT,REV-A=HIGH,REV-A=ASSESSABLE,PRESENT,1,0,
R152,siak_train001_train001fifi05_403_t09066694_leaf,siak,train001,leaf,f,,,1,REV-A=PRESENT,REV-A=HIGH,REV-A=ASSESSABLE,PRESENT,1,0,
R153,siak_train070_train070othr04_031_t00000406_cool,siak,train070,cool,l,,,1,REV-A=PRESENT,REV-A=MEDIUM,REV-A=ASSESSABLE,PRESENT,1,0,
R154,000490017_13,so762_test,0049,SHEEP,p,,,1,REV-A=PRESENT,REV-A=HIGH,REV-A=ASSESSABLE,PRESENT,1,0,
R155,000920009_5,so762_test,0092,ALICE,s,,,1,REV-A=PRESENT,REV-A=HIGH,REV-A=ASSESSABLE,PRESENT,1,0,
R156,001140046_13,so762_test,0114,SIX,s,,,1,REV-A=PRESENT,REV-A=HIGH,REV-A=ASSESSABLE,PRESENT,1,0,
R157,000750005_2,so762_dev,0075,BORN,n,,,1,REV-A=PRESENT,REV-A=HIGH,REV-A=ASSESSABLE,PRESENT,1,0,
R158,014390057_16,so762_absent_dev,1439,FRIES,z,,,1,REV-A=PRESENT,REV-A=HIGH,REV-A=ASSESSABLE,PRESENT,1,0,
R159,child_07_one,lwe,child_07,one,n,,,1,REV-A=PRESENT,REV-A=HIGH,REV-A=ASSESSABLE,PRESENT,1,0,
R160,000940015_9,so762_test,0094,GOING,ŋ,,,1,REV-A=PRESENT,REV-A=HIGH,REV-A=ASSESSABLE,PRESENT,1,0,
R161,000260015_2,so762_dev,0026,JOHN,n,,,1,REV-A=PRESENT,REV-A=HIGH,REV-A=ASSESSABLE,PRESENT,1,0,
R162,014350146_16,so762_absent_dev,1435,EDUCATION,n,,,1,REV-A=ABSENT,REV-A=HIGH,REV-A=NOT_ASSESSABLE,ABSENT,1,0,
R163,085850042_14,so762_absent_dev,8585,CLOTHES,z,,,1,REV-A=PRESENT,REV-A=HIGH,REV-A=ASSESSABLE,PRESENT,1,0,
R164,000260039_1,so762_dev,0026,EIGHT,t,,,1,REV-A=PRESENT,REV-A=HIGH,REV-A=ASSESSABLE,PRESENT,1,0,
R165,000060077_8,so762_dev,0006,LITTLE,l,,,1,REV-A=PRESENT,REV-A=HIGH,REV-A=ASSESSABLE,PRESENT,1,0,
R166,001140008_8,so762_test,0114,GOT,t,,,1,REV-A=PRESENT,REV-A=HIGH,REV-A=ASSESSABLE,PRESENT,1,0,
R167,000030047_9,so762_test,0003,FOUR,ɹ,,,1,REV-A=PRESENT,REV-A=MEDIUM,REV-A=ASSESSABLE,PRESENT,1,0,
R168,000480045_2,so762_dev,0048,FIVE,v,,,1,REV-A=ABSENT,REV-A=MEDIUM,REV-A=NOT_ASSESSABLE,ABSENT,1,0,
R169,001030061_5,so762_dev,0103,DRESSING,ŋ,,,1,REV-A=PRESENT,REV-A=MEDIUM,REV-A=ASSESSABLE,PRESENT,1,0,
R170,siak_train110_train110fifi06_014_t00086103_chicken,siak,train110,chicken,n,,,1,REV-A=PRESENT,REV-A=HIGH,REV-A=ASSESSABLE,PRESENT,1,0,
R171,000010063_7,so762_dev,0001,ELEPHANTS,s,,,1,REV-A=PRESENT,REV-A=HIGH,REV-A=ASSESSABLE,PRESENT,1,0,
R172,000940015_5,so762_test,0094,IS,z,,,1,REV-A=PRESENT,REV-A=HIGH,REV-A=ASSESSABLE,PRESENT,1,0,
R173,001120010_8,so762_test,0112,FISH,ʃ,,,1,REV-A=PRESENT,REV-A=HIGH,REV-A=ASSESSABLE,PRESENT,1,0,
R174,000490002_2,so762_test,0049,MADE,d,,,1,REV-A=PRESENT,REV-A=HIGH,REV-A=ASSESSABLE,PRESENT,1,0,
R175,siak_test160_test160fifi06_066_t00002083_sun,siak,test160,sun,n,,,1,REV-A=PRESENT,REV-A=HIGH,REV-A=ASSESSABLE,PRESENT,1,0,
R176,001110039_6,so762_test,0111,SIX,s,,,1,REV-A=PRESENT,REV-A=HIGH,REV-A=ASSESSABLE,PRESENT,1,0,
R177,000700012_3,so762_dev,0070,THANK,k,,,1,REV-A=PRESENT,REV-A=HIGH,REV-A=ASSESSABLE,PRESENT,1,0,
R178,child_08_eight,lwe,child_08,eight,t,,,1,REV-A=ABSENT,REV-A=HIGH,REV-A=ASSESSABLE,ABSENT,1,0,
R179,000490052_7,so762_test,0049,EIGHT,t,,,1,REV-A=PRESENT,REV-A=HIGH,REV-A=ASSESSABLE,PRESENT,1,0,
R180,000050010_5,so762_dev,0005,NAME,m,,,1,REV-A=PRESENT,REV-A=HIGH,REV-A=ASSESSABLE,PRESENT,1,0,
R181,000490047_4,so762_test,0049,EIGHT,t,,,1,REV-A=PRESENT,REV-A=HIGH,REV-A=ASSESSABLE,PRESENT,1,0,
R182,001450109_7,so762_absent_dev,0145,WASHED,t,,,1,REV-A=PRESENT,REV-A=HIGH,REV-A=ASSESSABLE,PRESENT,1,0,
R183,001220015_2,so762_test,0122,TIM,m,,,1,REV-A=PRESENT,REV-A=HIGH,REV-A=ASSESSABLE,PRESENT,1,0,
R184,siak_train110_train110fifi06_001_t00000079_plate,siak,train110,plate,t,,,1,REV-A=PRESENT,REV-A=HIGH,REV-A=ASSESSABLE,PRESENT,1,0,
R185,000260011_13,so762_dev,0026,HEN,n,,,1,REV-A=PRESENT,REV-A=HIGH,REV-A=ASSESSABLE,PRESENT,1,0,
R186,000010063_12,so762_dev,0001,GOOSE,s,,,1,REV-A=PRESENT,REV-A=HIGH,REV-A=ASSESSABLE,PRESENT,1,0,
R187,000540014_13,so762_dev,0054,DOG,ɡ,,,1,REV-A=PRESENT,REV-A=HIGH,REV-A=ASSESSABLE,PRESENT,1,0,
R188,014180143_20,so762_absent_dev,1418,SIXTH,θ,,,1,REV-A=UNCERTAIN,REV-A=LOW,REV-A=ASSESSABLE,UNCERTAIN,1,1,
R189,000050038_8,so762_dev,0005,FOUR,ɹ,,,1,REV-A=PRESENT,REV-A=HIGH,REV-A=ASSESSABLE,PRESENT,1,0,
R190,000930040_7,so762_test,0093,FIVE,v,,,1,REV-A=PRESENT,REV-A=HIGH,REV-A=ASSESSABLE,PRESENT,1,0,
R191,child_05_four,lwe,child_05,four,ɹ,,,1,REV-A=PRESENT,REV-A=HIGH,REV-A=ASSESSABLE,PRESENT,1,0,
R192,siak_train110_train110fifi06_013_t00086095_duck,siak,train110,duck,k,,,1,REV-A=PRESENT,REV-A=HIGH,REV-A=ASSESSABLE,PRESENT,1,0,
R193,000060031_11,so762_dev,0006,SEVEN,n,,,1,REV-A=PRESENT,REV-A=HIGH,REV-A=ASSESSABLE,PRESENT,1,0,
R194,000750026_2,so762_dev,0075,FIVE,v,,,1,REV-A=PRESENT,REV-A=HIGH,REV-A=ASSESSABLE,PRESENT,1,0,
R195,000030024_2,so762_test,0003,KATE,t,,,1,REV-A=PRESENT,REV-A=HIGH,REV-A=ASSESSABLE,PRESENT,1,0,
R196,000440062_8,so762_test,0044,PLAN,n,,,1,REV-A=UNCERTAIN,REV-A=HIGH,REV-A=ASSESSABLE,UNCERTAIN,1,1,
R197,000530006_14,so762_dev,0053,PEACH,tʃ,,,1,REV-A=PRESENT,REV-A=HIGH,REV-A=ASSESSABLE,PRESENT,1,0,
R198,021790169_3,so762_absent_dev,2179,WOULD,d,,,1,REV-A=ABSENT,REV-A=HIGH,REV-A=ASSESSABLE,ABSENT,1,0,
R199,siak_test143_test143enuk06_012_t00000124_sun,siak,test143,sun,n,,,1,REV-A=PRESENT,REV-A=HIGH,REV-A=ASSESSABLE,PRESENT,1,0,
R200,000030040_8,so762_test,0003,FOUR,ɹ,,,1,REV-A=PRESENT,REV-A=HIGH,REV-A=ASSESSABLE,PRESENT,1,0,
R201,014470149_5,so762_absent_dev,1447,WHERE,ɹ,,,1,REV-A=ABSENT,REV-A=HIGH,REV-A=ASSESSABLE,ABSENT,1,0,
R202,siak_test160_test160fifi06_029_t00001023_read,siak,test160,read,d,,,1,REV-A=PRESENT,REV-A=HIGH,REV-A=ASSESSABLE,PRESENT,1,0,
R203,000560068_7,so762_dev,0056,DAVID'S,s,,,1,REV-A=PRESENT,REV-A=HIGH,REV-A=ASSESSABLE,PRESENT,1,0,
R204,child_02_one,lwe,child_02,one,n,,,1,REV-A=PRESENT,REV-A=HIGH,REV-A=ASSESSABLE,PRESENT,1,0,
R205,000560033_12,so762_dev,0056,ONE,n,,,1,REV-A=PRESENT,REV-A=HIGH,REV-A=ASSESSABLE,PRESENT,1,0,
R206,siak_train001_train001fifi05_422_t09067775_carrot,siak,train001,carrot,t,,,1,REV-A=PRESENT,REV-A=HIGH,REV-A=ASSESSABLE,PRESENT,1,0,
R207,000480023_8,so762_dev,0048,FROM,m,,,1,REV-A=PRESENT,REV-A=HIGH,REV-A=ASSESSABLE,PRESENT,1,0,
R208,000540055_7,so762_dev,0054,PAST,t,,,1,REV-A=ABSENT,REV-A=MEDIUM,REV-A=ASSESSABLE,ABSENT,1,0,
R209,069120170_7,so762_absent_dev,6912,HAVE,v,,,1,REV-A=PRESENT,REV-A=HIGH,REV-A=ASSESSABLE,PRESENT,1,0,
R210,000260050_5,so762_dev,0026,EIGHT,t,,,1,REV-A=PRESENT,REV-A=HIGH,REV-A=ASSESSABLE,PRESENT,1,0,
R211,000490088_2,so762_test,0049,LOOK,k,,,1,REV-A=ABSENT,REV-A=HIGH,REV-A=ASSESSABLE,ABSENT,1,0,
R212,siak_train110_train110fifi06_023_t00086263_young,siak,train110,young,ŋ,,,1,REV-A=PRESENT,REV-A=HIGH,REV-A=ASSESSABLE,PRESENT,1,0,
R213,000700015_16,so762_dev,0070,PIG,ɡ,,,1,REV-A=PRESENT,REV-A=HIGH,REV-A=ASSESSABLE,PRESENT,1,0,
R214,001220031_9,so762_test,0122,FIVE,v,,,1,REV-A=PRESENT,REV-A=HIGH,REV-A=ASSESSABLE,PRESENT,1,0,
R215,000480045_5,so762_dev,0048,NINE,n,,,1,REV-A=PRESENT,REV-A=HIGH,REV-A=ASSESSABLE,PRESENT,1,0,
R216,001130047_14,so762_test,0113,SEVEN,n,,,1,REV-A=PRESENT,REV-A=HIGH,REV-A=ASSESSABLE,PRESENT,1,0,
R217,001040067_15,so762_dev,0104,SURFING,ŋ,,,1,REV-A=PRESENT,REV-A=HIGH,REV-A=ASSESSABLE,PRESENT,1,0,
R218,001140054_5,so762_test,0114,FOUR,ɹ,,,1,REV-A=PRESENT,REV-A=MEDIUM,REV-A=ASSESSABLE,PRESENT,1,0,
R219,000490047_7,so762_test,0049,NINE,n,,,1,REV-A=PRESENT,REV-A=HIGH,REV-A=ASSESSABLE,PRESENT,1,0,
R220,000030024_6,so762_test,0003,LOVES,z,,,1,REV-A=PRESENT,REV-A=HIGH,REV-A=ASSESSABLE,PRESENT,1,0,
R221,000490002_9,so762_test,0049,WHITE,t,,,1,REV-A=PRESENT,REV-A=HIGH,REV-A=ASSESSABLE,PRESENT,1,0,
R222,child_03_eight,lwe,child_03,eight,t,,,1,REV-A=PRESENT,REV-A=HIGH,REV-A=ASSESSABLE,PRESENT,1,0,
R223,001120038_9,so762_test,0112,ONE,n,,,1,REV-A=PRESENT,REV-A=HIGH,REV-A=ASSESSABLE,PRESENT,1,0,
R224,000530054_2,so762_dev,0053,ONE,n,,,1,REV-A=PRESENT,REV-A=HIGH,REV-A=ASSESSABLE,PRESENT,1,0,
R225,000060015_9,so762_dev,0006,GOING,ŋ,,,1,REV-A=PRESENT,REV-A=HIGH,REV-A=ASSESSABLE,PRESENT,1,0,
R226,000530006_4,so762_dev,0053,CAN,n,,,1,REV-A=PRESENT,REV-A=HIGH,REV-A=ASSESSABLE,PRESENT,1,0,
R227,000700008_2,so762_dev,0070,KATE,t,,,1,REV-A=PRESENT,REV-A=HIGH,REV-A=ASSESSABLE,PRESENT,1,0,
R228,000050028_9,so762_dev,0005,SEVEN,n,,,1,REV-A=PRESENT,REV-A=HIGH,REV-A=ASSESSABLE,PRESENT,1,0,
R229,014390057_12,so762_absent_dev,1439,FRENCH,tʃ,,,1,REV-A=PRESENT,REV-A=MEDIUM,REV-A=ASSESSABLE,PRESENT,1,0,
R230,000050040_8,so762_dev,0005,NINE,n,,,1,REV-A=PRESENT,REV-A=HIGH,REV-A=ASSESSABLE,PRESENT,1,0,
R231,000540054_5,so762_dev,0054,FIVE,v,,,1,REV-A=PRESENT,REV-A=HIGH,REV-A=ASSESSABLE,PRESENT,1,0,
R232,000530003_13,so762_dev,0053,ORANGE,dʒ,,,1,REV-A=ABSENT,REV-A=HIGH,REV-A=ASSESSABLE,ABSENT,1,0,
R233,child_01_seven,lwe,child_01,seven,n,,,1,REV-A=PRESENT,REV-A=HIGH,REV-A=ASSESSABLE,PRESENT,1,0,
R234,000530006_9,so762_dev,0053,HAVE,v,,,1,REV-A=PRESENT,REV-A=HIGH,REV-A=ASSESSABLE,PRESENT,1,0,
R235,siak_train001_train001fifi05_368_t08966714_cheek,siak,train001,cheek,k,,,1,REV-A=PRESENT,REV-A=HIGH,REV-A=ASSESSABLE,PRESENT,1,0,
R236,001130002_2,so762_test,0113,BOB,b,,,1,REV-A=UNCERTAIN,REV-A=LOW,REV-A=ASSESSABLE,UNCERTAIN,1,1,
R237,000030040_5,so762_test,0003,SIX,s,,,1,REV-A=PRESENT,REV-A=HIGH,REV-A=ASSESSABLE,PRESENT,1,0,
R238,014470026_12,so762_absent_dev,1447,FRANCE,s,,,1,REV-A=UNCERTAIN,REV-A=MEDIUM,REV-A=ASSESSABLE,UNCERTAIN,1,1,
R239,siak_train001_train001fifi05_291_t08738157_shop,siak,train001,shop,p,,,1,REV-A=ABSENT,REV-A=HIGH,REV-A=ASSESSABLE,ABSENT,1,0,
R240,siak_test143_test143enuk06_025_t00000267_dog,siak,test143,dog,ɡ,,,1,REV-A=PRESENT,REV-A=HIGH,REV-A=ASSESSABLE,PRESENT,1,0,
R241,000050038_12,so762_dev,0005,SEVEN,n,,,1,REV-A=PRESENT,REV-A=HIGH,REV-A=ASSESSABLE,PRESENT,1,0,
R242,siak_train001_train001fifi05_372_t08966989_smell,siak,train001,smell,l,,,1,REV-A=PRESENT,REV-A=HIGH,REV-A=ASSESSABLE,PRESENT,1,0,
R243,000960048_10,so762_test,0096,FIVE,v,,,1,REV-A=UNCERTAIN,REV-A=LOW,REV-A=ASSESSABLE,UNCERTAIN,1,1,
R244,child_03_six,lwe,child_03,six,s,,,1,REV-A=PRESENT,REV-A=HIGH,REV-A=ASSESSABLE,PRESENT,1,0,
R245,001040038_11,so762_dev,0104,FIVE,v,,,1,REV-A=PRESENT,REV-A=HIGH,REV-A=ASSESSABLE,PRESENT,1,0,
R246,014350017_18,so762_absent_dev,1435,WHALE,l,,,1,REV-A=UNCERTAIN,REV-A=MEDIUM,REV-A=ASSESSABLE,UNCERTAIN,1,1,
R247,000030047_3,so762_test,0003,SEVEN,n,,,1,REV-A=PRESENT,REV-A=HIGH,REV-A=ASSESSABLE,PRESENT,1,0,
R248,000960002_11,so762_test,0096,BROWN,n,,,1,REV-A=PRESENT,REV-A=HIGH,REV-A=ASSESSABLE,PRESENT,1,0,
R249,001030053_4,so762_dev,0103,FOUR,ɹ,,,1,REV-A=PRESENT,REV-A=HIGH,REV-A=ASSESSABLE,PRESENT,1,0,
R250,000940032_1,so762_test,0094,EIGHT,t,,,1,REV-A=PRESENT,REV-A=HIGH,REV-A=ASSESSABLE,PRESENT,1,0,
R251,000490017_6,so762_test,0049,CAN,n,,,1,REV-A=PRESENT,REV-A=HIGH,REV-A=ASSESSABLE,PRESENT,1,0,
R252,001030048_6,so762_dev,0103,NINE,n,,,1,REV-A=PRESENT,REV-A=HIGH,REV-A=ASSESSABLE,PRESENT,1,0,
R253,000440032_11,so762_test,0044,NINE,n,,,1,REV-A=PRESENT,REV-A=HIGH,REV-A=ASSESSABLE,PRESENT,1,0,
R254,000010075_10,so762_dev,0001,SHOOTING,ŋ,,,1,REV-A=PRESENT,REV-A=HIGH,REV-A=ASSESSABLE,PRESENT,1,0,
R255,014350103_13,so762_absent_dev,1435,YACHT,t,,,1,REV-A=PRESENT,REV-A=HIGH,REV-A=ASSESSABLE,PRESENT,1,0,
R256,001110023_7,so762_test,0111,FROM,m,,,1,REV-A=PRESENT,REV-A=HIGH,REV-A=ASSESSABLE,PRESENT,1,0,
R257,000920009_8,so762_test,0092,OWNED,d,,,1,REV-A=PRESENT,REV-A=HIGH,REV-A=ASSESSABLE,PRESENT,1,0,
R258,000930018_4,so762_test,0093,IS,z,,,1,REV-A=PRESENT,REV-A=HIGH,REV-A=ASSESSABLE,PRESENT,1,0,
R259,000490032_5,so762_test,0049,SIX,s,,,1,REV-A=PRESENT,REV-A=HIGH,REV-A=ASSESSABLE,PRESENT,1,0,
R260,000960008_14,so762_test,0096,GRAPE,p,,,1,REV-A=PRESENT,REV-A=HIGH,REV-A=ASSESSABLE,PRESENT,1,0,
R261,000030012_20,so762_test,0003,ELEPHANT,t,,,1,REV-A=PRESENT,REV-A=HIGH,REV-A=ASSESSABLE,PRESENT,1,0,
R262,001040050_2,so762_dev,0104,FOUR,ɹ,,,1,REV-A=PRESENT,REV-A=HIGH,REV-A=ASSESSABLE,PRESENT,1,0,
R263,001120031_9,so762_test,0112,FOUR,ɹ,,,1,REV-A=PRESENT,REV-A=HIGH,REV-A=ASSESSABLE,PRESENT,1,0,
R264,child_06_six,lwe,child_06,six,s,,,1,REV-A=PRESENT,REV-A=HIGH,REV-A=ASSESSABLE,PRESENT,1,0,
R265,010920125_11,so762_absent_dev,1092,LIKE,k,,,1,REV-A=ABSENT,REV-A=HIGH,REV-A=ASSESSABLE,ABSENT,1,0,
R266,001220013_4,so762_test,0122,AT,t,,,1,REV-A=UNCERTAIN,REV-A=MEDIUM,REV-A=ASSESSABLE,UNCERTAIN,1,1,
R267,000030054_7,so762_test,0003,NINE,n,,,1,REV-A=PRESENT,REV-A=HIGH,REV-A=ASSESSABLE,PRESENT,1,0,
R268,000530055_10,so762_dev,0053,MOUNTAINS,s,,,1,REV-A=PRESENT,REV-A=HIGH,REV-A=ASSESSABLE,PRESENT,1,0,
R269,000440005_11,so762_test,0044,BROWN,n,,,1,REV-A=PRESENT,REV-A=HIGH,REV-A=ASSESSABLE,PRESENT,1,0,
R270,014470150_3,so762_absent_dev,1447,IT,t,,,1,REV-A=PRESENT,REV-A=HIGH,REV-A=ASSESSABLE,PRESENT,1,0,
R271,000480016_4,so762_dev,0048,CAN,n,,,1,REV-A=PRESENT,REV-A=HIGH,REV-A=ASSESSABLE,PRESENT,1,0,
R272,000050047_3,so762_dev,0005,SIX,s,,,1,REV-A=PRESENT,REV-A=HIGH,REV-A=ASSESSABLE,PRESENT,1,0,
R273,001140008_16,so762_test,0114,LONGAN,n,,,1,REV-A=PRESENT,REV-A=MEDIUM,REV-A=ASSESSABLE,PRESENT,1,0,
R274,siak_test160_test160fifi06_004_t00000037_speak,siak,test160,speak,k,,,1,REV-A=PRESENT,REV-A=HIGH,REV-A=ASSESSABLE,PRESENT,1,0,
R275,siak_train001_train001fifi05_269_t08658490_wash,siak,train001,wash,ʃ,,,1,REV-A=PRESENT,REV-A=HIGH,REV-A=ASSESSABLE,PRESENT,1,0,
R276,000700015_9,so762_dev,0070,GOING,ŋ,,,1,REV-A=PRESENT,REV-A=HIGH,REV-A=ASSESSABLE,PRESENT,1,0,
