method,threshold,frr,far,tp,fp,tn,fn
B_dalign_margin_per_frame,-4.0,0.0,1.0,16,12,0,0
B_dalign_margin_per_frame,-3.75,0.0,1.0,16,12,0,0
B_dalign_margin_per_frame,-3.5,0.0,1.0,16,12,0,0
B_dalign_margin_per_frame,-3.25,0.0,1.0,16,12,0,0
B_dalign_margin_per_frame,-3.0,0.0,1.0,16,12,0,0
B_dalign_margin_per_frame,-2.75,0.0,1.0,16,12,0,0
B_dalign_margin_per_frame,-2.5,0.0,1.0,16,12,0,0
B_dalign_margin_per_frame,-2.25,0.0,1.0,16,12,0,0
B_dalign_margin_per_frame,-2.0,0.0,1.0,16,12,0,0
B_dalign_margin_per_frame,-1.75,0.0,1.0,16,12,0,0
B_dalign_margin_per_frame,-1.5,0.0,1.0,16,12,0,0
B_dalign_margin_per_frame,-1.25,0.0,1.0,16,12,0,0
B_dalign_margin_per_frame,-1.0,0.0,1.0,16,12,0,0
B_dalign_margin_per_frame,-0.75,0.0,1.0,16,12,0,0
B_dalign_margin_per_frame,-0.5,0.0,1.0,16,12,0,0
B_dalign_margin_per_frame,-0.25,0.0,1.0,16,12,0,0
B_dalign_margin_per_frame,0.0,0.4375,0.16666666666666666,9,2,10,7
B_dalign_margin_per_frame,0.25,1.0,0.0,0,0,12,16
B_dalign_margin_per_frame,0.5,1.0,0.0,0,0,12,16
B_dalign_margin_per_frame,0.75,1.0,0.0,0,0,12,16
B_dalign_margin_per_frame,1.0,1.0,0.0,0,0,12,16
B_dalign_margin_per_frame,1.25,1.0,0.0,0,0,12,16
B_dalign_margin_per_frame,1.5,1.0,0.0,0,0,12,16
B_dalign_margin_per_frame,1.75,1.0,0.0,0,0,12,16
B_dalign_margin_per_frame,2.0,1.0,0.0,0,0,12,16
B_dalign_margin_per_frame,2.25,1.0,0.0,0,0,12,16
B_dalign_margin_per_frame,2.5,1.0,0.0,0,0,12,16
B_dalign_margin_per_frame,2.75,1.0,0.0,0,0,12,16
B_dalign_margin_per_frame,3.0,1.0,0.0,0,0,12,16
B_dalign_margin_per_frame,3.25,1.0,0.0,0,0,12,16
B_dalign_margin_per_frame,3.5,1.0,0.0,0,0,12,16
B_dalign_margin_per_frame,3.75,1.0,0.0,0,0,12,16
B_dalign_margin_per_frame,4.0,1.0,0.0,0,0,12,16
C_gop_ratio,-8.0,0.0,1.0,16,12,0,0
C_gop_ratio,-7.5,0.0,1.0,16,12,0,0
C_gop_ratio,-7.0,0.0625,0.9166666666666666,15,11,1,1
C_gop_ratio,-6.5,0.0625,0.9166666666666666,15,11,1,1
C_gop_ratio,-6.0,0.0625,0.9166666666666666,15,11,1,1
C_gop_ratio,-5.5,0.125,0.9166666666666666,14,11,1,2
C_gop_ratio,-5.0,0.1875,0.9166666666666666,13,11,1,3
C_gop_ratio,-4.5,0.1875,0.8333333333333334,13,10,2,3
C_gop_ratio,-4.0,0.1875,0.8333333333333334,13,10,2,3
C_gop_ratio,-3.5,0.1875,0.6666666666666666,13,8,4,3
C_gop_ratio,-3.0,0.25,0.4166666666666667,12,5,7,4
C_gop_ratio,-2.5,0.3125,0.25,11,3,9,5
C_gop_ratio,-2.0,0.375,0.25,10,3,9,6
C_gop_ratio,-1.5,0.375,0.16666666666666666,10,2,10,6
C_gop_ratio,-1.0,0.375,0.16666666666666666,10,2,10,6
C_gop_ratio,-0.5,0.375,0.16666666666666666,10,2,10,6
C_gop_ratio,0.0,0.375,0.08333333333333333,10,1,11,6
C_gop_ratio,0.5,0.375,0.08333333333333333,10,1,11,6
C_gop_ratio,1.0,0.4375,0.0,9,0,12,7
C_gop_ratio,1.5,0.5625,0.0,7,0,12,9
C_gop_ratio,2.0,0.6875,0.0,5,0,12,11
C_gop_ratio,2.5,0.6875,0.0,5,0,12,11
C_gop_ratio,3.0,0.6875,0.0,5,0,12,11
C_gop_ratio,3.5,0.75,0.0,4,0,12,12
C_gop_ratio,4.0,0.875,0.0,2,0,12,14
C_gop_expected,0.0,0.0,1.0,16,12,0,0
C_gop_expected,0.05,0.25,0.3333333333333333,12,4,8,4
C_gop_expected,0.1,0.375,0.25,10,3,9,6
C_gop_expected,0.15000000000000002,0.375,0.25,10,3,9,6
C_gop_expected,0.2,0.375,0.16666666666666666,10,2,10,6
C_gop_expected,0.25,0.375,0.08333333333333333,10,1,11,6
C_gop_expected,0.30000000000000004,0.375,0.08333333333333333,10,1,11,6
C_gop_expected,0.35000000000000003,0.375,0.08333333333333333,10,1,11,6
C_gop_expected,0.4,0.375,0.08333333333333333,10,1,11,6
C_gop_expected,0.45,0.375,0.08333333333333333,10,1,11,6
C_gop_expected,0.5,0.4375,0.08333333333333333,9,1,11,7
C_gop_expected,0.55,0.4375,0.08333333333333333,9,1,11,7
C_gop_expected,0.6000000000000001,0.5,0.08333333333333333,8,1,11,8
C_gop_expected,0.65,0.5,0.0,8,0,12,8
C_gop_expected,0.7000000000000001,0.5,0.0,8,0,12,8
C_gop_expected,0.75,0.5625,0.0,7,0,12,9
C_gop_expected,0.8,0.625,0.0,6,0,12,10
C_gop_expected,0.8500000000000001,0.625,0.0,6,0,12,10
C_gop_expected,0.9,0.6875,0.0,5,0,12,11
C_gop_expected,0.9500000000000001,0.8125,0.0,3,0,12,13
C_gop_expected,1.0,1.0,0.0,0,0,12,16
