case_id,frame,time_ms,target_phone,target_posterior,top1_phone,top1_posterior,competitor_posterior,blank_posterior,old_span,old_span_select,new_span,new_span_select
child_01_nine,0,0.0,n,5e-05,t,5e-05,5e-05,0.99958,16-42,0,,0
child_01_nine,1,23.3,n,4e-05,n,4e-05,3e-05,0.99975,16-42,0,,0
child_01_nine,2,46.5,n,4e-05,t,6e-05,6e-05,0.9996,16-42,0,,0
child_01_nine,3,69.8,n,9e-05,t,0.00025,0.00021,0.99836,16-42,0,,0
child_01_nine,4,93.0,n,4e-05,æ,0.00011,0.00011,0.99924,16-42,0,,0
child_01_nine,5,116.3,n,4e-05,t,0.00022,0.00016,0.99884,16-42,0,,0
child_01_nine,6,139.5,n,8e-05,t,0.00065,0.0005,0.99617,16-42,0,,0
child_01_nine,7,162.8,n,0.00011,t,0.00059,0.00033,0.99681,16-42,0,,0
child_01_nine,8,186.0,n,0.00013,t,0.00025,0.00014,0.99838,16-42,0,,0
child_01_nine,9,209.3,n,0.00032,t,0.00067,0.00051,0.99561,16-42,0,,0
child_01_nine,10,232.6,n,0.001,n,0.001,0.00057,0.99572,16-42,0,,0
child_01_nine,11,255.8,n,0.00245,n,0.00245,0.00016,0.99695,16-42,0,,0
child_01_nine,12,279.1,n,0.97934,n,0.97934,0.0077,0.00386,16-42,0,,0
child_01_nine,13,302.3,n,0.00738,n,0.00738,0.00038,0.99084,16-42,0,,0
child_01_nine,14,325.6,n,7e-05,æ,0.00078,0.00048,0.99671,16-42,0,,0
child_01_nine,15,348.8,n,0.00094,ɑ,0.21274,0.15517,0.0261,16-42,0,,0
child_01_nine,16,372.1,n,3e-05,j,7e-05,5e-05,0.99953,16-42,1,,0
child_01_nine,17,395.3,n,4e-05,j,0.0001,6e-05,0.9995,16-42,1,,0
child_01_nine,18,418.6,n,0.00016,j,0.0005,0.0003,0.99721,16-42,1,,0
child_01_nine,19,441.9,n,0.00019,j,0.0014,0.00041,0.99487,16-42,1,,0
child_01_nine,20,465.1,n,0.00021,j,0.00162,0.00031,0.99561,16-42,1,,0
child_01_nine,21,488.4,n,0.00022,j,0.00401,0.00085,0.99242,16-42,1,,0
child_01_nine,22,511.6,n,0.00015,n,0.00015,7e-05,0.99932,16-42,1,,0
child_01_nine,23,534.9,n,0.00118,j,0.04502,0.01896,0.91143,16-42,1,,0
child_01_nine,24,558.1,n,0.00095,j,0.02961,0.01594,0.93785,16-42,1,,0
child_01_nine,25,581.4,n,0.00215,iː,0.00422,0.00287,0.98493,16-42,1,,0
child_01_nine,26,604.7,n,0.00291,n,0.00291,0.00055,0.99434,16-42,1,,0
child_01_nine,27,627.9,n,0.01552,n,0.01552,0.00089,0.97675,16-42,1,,0
child_01_nine,28,651.2,n,0.00276,n,0.00276,0.00052,0.99348,16-42,1,,0
child_01_nine,29,674.4,n,0.00043,n,0.00043,0.00015,0.99838,16-42,1,,0
child_01_nine,30,697.7,n,4e-05,n,4e-05,3e-05,0.99974,16-42,1,,0
child_01_nine,31,720.9,n,0.00127,æ,0.00154,0.00154,0.98724,16-42,1,,0
child_01_nine,32,744.2,n,7e-05,n,7e-05,5e-05,0.99953,16-42,1,,0
child_01_nine,33,767.4,n,0.00089,n,0.00089,0.00063,0.99368,16-42,1,,0
child_01_nine,34,790.7,n,0.00011,n,0.00011,7e-05,0.99931,16-42,1,,0
child_01_nine,35,814.0,n,0.00012,t,0.00012,0.00012,0.99901,16-42,1,,0
child_01_nine,36,837.2,n,8e-05,t,0.00012,0.00012,0.99921,16-42,1,,0
child_01_nine,37,860.5,n,9e-05,t,0.00011,0.00011,0.99916,16-42,1,,0
child_01_nine,38,883.7,n,8e-05,t,9e-05,9e-05,0.99928,16-42,1,,0
child_01_nine,39,907.0,n,6e-05,t,8e-05,8e-05,0.99934,16-42,1,,0
child_01_nine,40,930.2,n,6e-05,t,8e-05,8e-05,0.99942,16-42,1,,0
child_01_nine,41,953.5,n,5e-05,t,5e-05,5e-05,0.99963,16-42,1,,0
child_01_nine,42,976.7,n,7e-05,t,0.00017,9e-05,0.99911,16-42,1,,0
child_02_one,0,0.0,n,1e-05,t,3e-05,2e-05,0.99982,2-61,0,36-36,0
child_02_one,1,16.1,n,1e-05,t,2e-05,1e-05,0.99989,2-61,0,36-36,0
child_02_one,2,32.3,n,1e-05,t,2e-05,2e-05,0.99985,2-61,1,36-36,0
child_02_one,3,48.4,n,1e-05,t,3e-05,1e-05,0.99982,2-61,1,36-36,0
child_02_one,4,64.5,n,1e-05,t,3e-05,1e-05,0.99982,2-61,1,36-36,0
child_02_one,5,80.6,n,1e-05,t,2e-05,1e-05,0.99988,2-61,1,36-36,0
child_02_one,6,96.8,n,1e-05,t,3e-05,1e-05,0.99983,2-61,1,36-36,0
child_02_one,7,112.9,n,1e-05,t,3e-05,1e-05,0.99984,2-61,1,36-36,0
child_02_one,8,129.0,n,1e-05,t,3e-05,1e-05,0.99986,2-61,1,36-36,0
child_02_one,9,145.2,n,1e-05,t,6e-05,2e-05,0.99974,2-61,1,36-36,0
child_02_one,10,161.3,n,1e-05,t,2e-05,2e-05,0.99987,2-61,1,36-36,0
child_02_one,11,177.4,n,1e-05,t,3e-05,1e-05,0.99984,2-61,1,36-36,0
child_02_one,12,193.5,n,2e-05,t,9e-05,3e-05,0.99963,2-61,1,36-36,0
child_02_one,13,209.7,n,3e-05,t,0.00012,4e-05,0.99952,2-61,1,36-36,0
child_02_one,14,225.8,n,1e-05,t,3e-05,3e-05,0.99986,2-61,1,36-36,0
child_02_one,15,241.9,n,2e-05,t,4e-05,2e-05,0.99977,2-61,1,36-36,0
child_02_one,16,258.1,n,0.00024,t,0.00062,0.00041,0.99629,2-61,1,36-36,0
child_02_one,17,274.2,n,0.00268,m,0.00699,0.00354,0.96746,2-61,1,36-36,0
child_02_one,18,290.3,n,0.01585,m,0.02905,0.02905,0.89077,2-61,1,36-36,0
child_02_one,19,306.5,n,0.01352,j,0.60402,0.03473,0.19453,2-61,1,36-36,0
child_02_one,20,322.6,n,0.00032,j,0.09735,0.0019,0.89613,2-61,1,36-36,0
child_02_one,21,338.7,n,0.00143,ɔ,0.26712,0.15669,0.0524,2-61,1,36-36,0
child_02_one,22,354.8,n,0.00212,ɹ,0.07974,0.00592,0.89039,2-61,1,36-36,0
child_02_one,23,371.0,n,0.00133,ɹ,0.01181,0.00166,0.97903,2-61,1,36-36,0
child_02_one,24,387.1,n,0.00107,ɹ,0.00575,0.00575,0.98802,2-61,1,36-36,0
child_02_one,25,403.2,n,0.02031,ɹ,0.33297,0.0222,0.49097,2-61,1,36-36,0
child_02_one,26,419.4,n,0.02763,ɹ,0.26929,0.05067,0.45676,2-61,1,36-36,0
child_02_one,27,435.5,n,0.00126,ɹ,0.00551,0.00198,0.98189,2-61,1,36-36,0
child_02_one,28,451.6,n,0.00203,ɹ,0.00471,0.00469,0.96787,2-61,1,36-36,0
child_02_one,29,467.7,n,0.00086,æ,0.71876,0.19219,0.0411,2-61,1,36-36,0
child_02_one,30,483.9,n,0.00023,æ,0.00067,0.00067,0.9987,2-61,1,36-36,0
child_02_one,31,500.0,n,0.0006,n,0.0006,0.00031,0.99851,2-61,1,36-36,0
child_02_one,32,516.1,n,0.00164,n,0.00164,0.00029,0.9972,2-61,1,36-36,0
child_02_one,33,532.3,n,0.00401,n,0.00401,0.00059,0.99356,2-61,1,36-36,0
child_02_one,34,548.4,n,0.01204,n,0.01204,0.0003,0.98623,2-61,1,36-36,0
child_02_one,35,564.5,n,0.39452,n,0.39452,0.00296,0.5966,2-61,1,36-36,0
child_02_one,36,580.6,n,0.95713,n,0.95713,0.0123,0.01901,2-61,1,36-36,1
child_02_one,37,596.8,n,0.05792,n,0.05792,0.00427,0.93065,2-61,1,36-36,0
child_02_one,38,612.9,n,0.00121,d,0.00163,0.00121,0.99444,2-61,1,36-36,0
child_02_one,39,629.0,n,0.00025,t,0.00091,0.00051,0.9975,2-61,1,36-36,0
child_02_one,40,645.2,n,0.00046,t,0.00483,0.00208,0.98906,2-61,1,36-36,0
child_02_one,41,661.3,n,0.00029,t,0.00507,0.00104,0.98968,2-61,1,36-36,0
child_02_one,42,677.4,n,0.00029,t,0.00405,0.00069,0.99005,2-61,1,36-36,0
child_02_one,43,693.5,n,2e-05,t,3e-05,2e-05,0.99977,2-61,1,36-36,0
child_02_one,44,709.7,n,7e-05,t,0.00058,0.0001,0.99843,2-61,1,36-36,0
child_02_one,45,725.8,n,5e-05,t,0.00029,6e-05,0.99916,2-61,1,36-36,0
child_02_one,46,741.9,n,2e-05,t,8e-05,2e-05,0.99968,2-61,1,36-36,0
child_02_one,47,758.1,n,2e-05,t,3e-05,3e-05,0.9998,2-61,1,36-36,0
child_02_one,48,774.2,n,0.00013,t,0.00085,0.00029,0.9975,2-61,1,36-36,0
child_02_one,49,790.3,n,4e-05,t,0.00021,9e-05,0.99907,2-61,1,36-36,0
child_02_one,50,806.5,n,2e-05,t,7e-05,5e-05,0.9996,2-61,1,36-36,0
child_02_one,51,822.6,n,2e-05,t,4e-05,2e-05,0.99978,2-61,1,36-36,0
child_02_one,52,838.7,n,2e-05,t,3e-05,2e-05,0.99979,2-61,1,36-36,0
child_02_one,53,854.8,n,2e-05,t,4e-05,2e-05,0.99974,2-61,1,36-36,0
child_02_one,54,871.0,n,2e-05,t,2e-05,2e-05,0.99983,2-61,1,36-36,0
child_02_one,55,887.1,n,1e-05,t,2e-05,2e-05,0.99983,2-61,1,36-36,0
child_02_one,56,903.2,n,1e-05,t,2e-05,2e-05,0.99982,2-61,1,36-36,0
child_02_one,57,919.4,n,2e-05,t,3e-05,3e-05,0.99983,2-61,1,36-36,0
child_02_one,58,935.5,n,2e-05,t,4e-05,2e-05,0.99976,2-61,1,36-36,0
child_02_one,59,951.6,n,1e-05,t,3e-05,3e-05,0.99984,2-61,1,36-36,0
child_02_one,60,967.7,n,2e-05,t,5e-05,2e-05,0.99974,2-61,1,36-36,0
child_02_one,61,983.9,n,1e-05,t,5e-05,2e-05,0.99977,2-61,1,36-36,0
child_03_six,0,0.0,s,1e-05,n,0.00011,7e-05,0.99947,36-36,0,,0
child_03_six,1,27.0,s,0.0,n,5e-05,4e-05,0.99972,36-36,0,,0
child_03_six,2,54.1,s,7e-05,t,0.00053,0.00039,0.99743,36-36,0,,0
child_03_six,3,81.1,s,0.00015,t,0.00023,0.00017,0.99858,36-36,0,,0
child_03_six,4,108.1,s,6e-05,s,6e-05,4e-05,0.99966,36-36,0,,0
child_03_six,5,135.1,s,2e-05,j,3e-05,3e-05,0.99976,36-36,0,,0
child_03_six,6,162.2,s,0.00074,s,0.00074,0.0002,0.9981,36-36,0,,0
child_03_six,7,189.2,s,0.21481,ɕ,0.33704,0.23561,0.01364,36-36,0,,0
child_03_six,8,216.2,s,2e-05,j,0.00026,7e-05,0.99944,36-36,0,,0
child_03_six,9,243.2,s,5e-05,j,0.00814,0.00066,0.98805,36-36,0,,0
child_03_six,10,270.3,s,2e-05,j,0.0083,0.00113,0.98533,36-36,0,,0
child_03_six,11,297.3,s,0.0005,ɛ,0.53689,0.10508,0.02457,36-36,0,,0
child_03_six,12,324.3,s,0.0,n,6e-05,4e-05,0.99975,36-36,0,,0
child_03_six,13,351.4,s,1e-05,n,0.00026,0.00014,0.99923,36-36,0,,0
child_03_six,14,378.4,s,1e-05,n,0.00078,0.00038,0.99785,36-36,0,,0
child_03_six,15,405.4,s,8e-05,n,0.00414,0.00307,0.9834,36-36,0,,0
child_03_six,16,432.4,s,0.00014,n,0.00681,0.00657,0.97039,36-36,0,,0
child_03_six,17,459.5,s,0.00016,n,0.00738,0.00414,0.97319,36-36,0,,0
child_03_six,18,486.5,s,0.00012,t,0.00337,0.00307,0.98307,36-36,0,,0
child_03_six,19,513.5,s,0.00047,t,0.02559,0.01459,0.9233,36-36,0,,0
child_03_six,20,540.5,s,0.00027,t,0.02903,0.00911,0.93804,36-36,0,,0
child_03_six,21,567.6,s,5e-05,t,0.00327,0.00189,0.99056,36-36,0,,0
child_03_six,22,594.6,s,1e-05,n,0.00023,0.00021,0.9991,36-36,0,,0
child_03_six,23,621.6,s,0.00026,t,0.04616,0.01553,0.8992,36-36,0,,0
child_03_six,24,648.6,s,2e-05,t,0.00189,0.00159,0.99429,36-36,0,,0
child_03_six,25,675.7,s,0.0,n,5e-05,3e-05,0.99977,36-36,0,,0
child_03_six,26,702.7,s,1e-05,n,0.00011,9e-05,0.99953,36-36,0,,0
child_03_six,27,729.7,s,0.0,n,9e-05,7e-05,0.99963,36-36,0,,0
child_03_six,28,756.8,s,0.0,n,5e-05,4e-05,0.99976,36-36,0,,0
child_03_six,29,783.8,s,1e-05,t,0.00011,0.0001,0.99947,36-36,0,,0
child_03_six,30,810.8,s,0.0,n,9e-05,5e-05,0.9996,36-36,0,,0
child_03_six,31,837.8,s,0.0,n,5e-05,2e-05,0.99974,36-36,0,,0
child_03_six,32,864.9,s,0.0,n,4e-05,2e-05,0.99982,36-36,0,,0
child_03_six,33,891.9,s,0.0,n,3e-05,2e-05,0.99982,36-36,0,,0
child_03_six,34,918.9,s,0.0,n,2e-05,1e-05,0.99988,36-36,0,,0
child_03_six,35,945.9,s,0.0,n,3e-05,2e-05,0.99983,36-36,0,,0
child_03_six,36,973.0,s,0.0,n,4e-05,3e-05,0.99977,36-36,1,,0
child_04_four,0,0.0,ɹ,0.0,n,1e-05,1e-05,0.99993,27-112,0,,0
child_04_four,1,8.8,ɹ,0.0,n,1e-05,1e-05,0.99994,27-112,0,,0
child_04_four,2,17.7,ɹ,0.0,t,2e-05,2e-05,0.99989,27-112,0,,0
child_04_four,3,26.5,ɹ,0.0,t,2e-05,2e-05,0.99986,27-112,0,,0
child_04_four,4,35.4,ɹ,0.0,t,1e-05,1e-05,0.9999,27-112,0,,0
child_04_four,5,44.2,ɹ,0.0,n,1e-05,1e-05,0.99993,27-112,0,,0
child_04_four,6,53.1,ɹ,0.0,t,1e-05,1e-05,0.99991,27-112,0,,0
child_04_four,7,61.9,ɹ,0.0,t,1e-05,1e-05,0.99988,27-112,0,,0
child_04_four,8,70.8,ɹ,0.0,t,1e-05,1e-05,0.99989,27-112,0,,0
child_04_four,9,79.6,ɹ,0.0,s,3e-05,2e-05,0.99977,27-112,0,,0
child_04_four,10,88.5,ɹ,0.0,s,6e-05,4e-05,0.99964,27-112,0,,0
child_04_four,11,97.3,ɹ,0.0,s,4e-05,3e-05,0.99977,27-112,0,,0
child_04_four,12,106.2,ɹ,0.0,n,2e-05,1e-05,0.99989,27-112,0,,0
child_04_four,13,115.0,ɹ,0.0,s,2e-05,2e-05,0.99981,27-112,0,,0
child_04_four,14,123.9,ɹ,0.0,t,2e-05,1e-05,0.99988,27-112,0,,0
child_04_four,15,132.7,ɹ,0.0,s,6e-05,5e-05,0.99965,27-112,0,,0
child_04_four,16,141.6,ɹ,0.0,j,2e-05,2e-05,0.99982,27-112,0,,0
child_04_four,17,150.4,ɹ,0.0,t,3e-05,2e-05,0.99984,27-112,0,,0
child_04_four,18,159.3,ɹ,1e-05,t,9e-05,9e-05,0.99945,27-112,0,,0
child_04_four,19,168.1,ɹ,0.0,t,2e-05,1e-05,0.9999,27-112,0,,0
child_04_four,20,177.0,ɹ,1e-05,s,0.00038,0.00027,0.99848,27-112,0,,0
child_04_four,21,185.8,ɹ,3e-05,s,0.00154,0.00068,0.99559,27-112,0,,0
child_04_four,22,194.7,ɹ,0.0,s,7e-05,5e-05,0.99971,27-112,0,,0
child_04_four,23,203.5,ɹ,1e-05,s,0.00016,0.0001,0.99946,27-112,0,,0
child_04_four,24,212.4,ɹ,0.0,s,4e-05,3e-05,0.99982,27-112,0,,0
child_04_four,25,221.2,ɹ,0.0,t,2e-05,1e-05,0.99986,27-112,0,,0
child_04_four,26,230.1,ɹ,0.00327,s,0.58755,0.06705,0.02165,27-112,0,,0
child_04_four,27,238.9,ɹ,0.00013,t,0.00331,0.00093,0.99345,27-112,1,,0
child_04_four,28,247.8,ɹ,2e-05,w,0.00018,4e-05,0.99957,27-112,1,,0
child_04_four,29,256.6,ɹ,0.01685,w,0.49331,0.49331,0.43183,27-112,1,,0
child_04_four,30,265.5,ɹ,0.00872,w,0.42798,0.42798,0.53001,27-112,1,,0
child_04_four,31,274.3,ɹ,3e-05,w,0.00081,8e-05,0.99817,27-112,1,,0
child_04_four,32,283.2,ɹ,0.00076,ʌ,0.07686,0.06642,0.01508,27-112,1,,0
child_04_four,33,292.0,ɹ,0.0,n,5e-05,1e-05,0.99988,27-112,1,,0
child_04_four,34,300.9,ɹ,0.0,n,0.00013,5e-05,0.99974,27-112,1,,0
child_04_four,35,309.7,ɹ,1e-05,ŋ,0.00074,0.00067,0.99833,27-112,1,,0
child_04_four,36,318.6,ɹ,0.00018,ŋ,0.13361,0.0147,0.84586,27-112,1,,0
child_04_four,37,327.4,ɹ,0.0004,ŋ,0.91694,0.02149,0.04223,27-112,1,,0
child_04_four,38,336.3,ɹ,0.00015,ŋ,0.04062,0.00296,0.95181,27-112,1,,0
child_04_four,39,345.1,ɹ,1e-05,n,5e-05,4e-05,0.99975,27-112,1,,0
child_04_four,40,354.0,ɹ,2e-05,j,0.00011,6e-05,0.9995,27-112,1,,0
child_04_four,41,362.8,ɹ,0.00437,h,0.06354,0.01809,0.80365,27-112,1,,0
child_04_four,42,371.7,ɹ,0.00088,j,0.00484,0.00206,0.97866,27-112,1,,0
child_04_four,43,380.5,ɹ,0.00016,j,0.00144,0.00062,0.99594,27-112,1,,0
child_04_four,44,389.4,ɹ,0.00253,ai5,0.01382,0.01168,0.60007,27-112,1,,0
child_04_four,45,398.2,ɹ,5e-05,j,0.00092,0.00061,0.9967,27-112,1,,0
child_04_four,46,407.1,ɹ,3e-05,n,0.0006,0.00045,0.99849,27-112,1,,0
child_04_four,47,415.9,ɹ,8e-05,n,0.00184,0.00114,0.99584,27-112,1,,0
child_04_four,48,424.8,ɹ,0.00093,n,0.00622,0.00427,0.91423,27-112,1,,0
child_04_four,49,433.6,ɹ,2e-05,n,0.00016,0.00015,0.99944,27-112,1,,0
child_04_four,50,442.5,ɹ,3e-05,n,0.00032,0.00026,0.99908,27-112,1,,0
child_04_four,51,451.3,ɹ,3e-05,n,0.00037,0.00021,0.99906,27-112,1,,0
child_04_four,52,460.2,ɹ,4e-05,n,0.00042,0.00025,0.99886,27-112,1,,0
child_04_four,53,469.0,ɹ,4e-05,n,0.00059,0.00031,0.99854,27-112,1,,0
child_04_four,54,477.9,ɹ,6e-05,n,0.00056,0.00028,0.99847,27-112,1,,0
child_04_four,55,486.7,ɹ,4e-05,n,0.00029,0.00018,0.99917,27-112,1,,0
child_04_four,56,495.6,ɹ,6e-05,n,0.00034,0.00017,0.99892,27-112,1,,0
child_04_four,57,504.4,ɹ,1e-05,n,0.00014,5e-05,0.99967,27-112,1,,0
child_04_four,58,513.3,ɹ,5e-05,n,0.00032,0.00012,0.99909,27-112,1,,0
child_04_four,59,522.1,ɹ,3e-05,n,0.00016,9e-05,0.99948,27-112,1,,0
child_04_four,60,531.0,ɹ,5e-05,n,0.00019,0.0001,0.99933,27-112,1,,0
child_04_four,61,539.8,ɹ,3e-05,n,0.00014,7e-05,0.99954,27-112,1,,0
child_04_four,62,548.7,ɹ,3e-05,n,0.00017,9e-05,0.99949,27-112,1,,0
child_04_four,63,557.5,ɹ,3e-05,n,0.0001,5e-05,0.99964,27-112,1,,0
child_04_four,64,566.4,ɹ,3e-05,n,9e-05,6e-05,0.99962,27-112,1,,0
child_04_four,65,575.2,ɹ,2e-05,n,7e-05,5e-05,0.99972,27-112,1,,0
child_04_four,66,584.1,ɹ,6e-05,n,0.0001,6e-05,0.99952,27-112,1,,0
child_04_four,67,592.9,ɹ,3e-05,n,8e-05,4e-05,0.99969,27-112,1,,0
child_04_four,68,601.8,ɹ,2e-05,n,5e-05,4e-05,0.99978,27-112,1,,0
child_04_four,69,610.6,ɹ,0.0001,n,0.00018,0.00018,0.99924,27-112,1,,0
child_04_four,70,619.5,ɹ,0.00012,n,0.00015,0.00015,0.99939,27-112,1,,0
child_04_four,71,628.3,ɹ,2e-05,n,5e-05,2e-05,0.99982,27-112,1,,0
child_04_four,72,637.2,ɹ,0.00013,l,0.00013,0.00013,0.99945,27-112,1,,0
child_04_four,73,646.0,ɹ,0.07709,ɹ,0.07709,0.03418,0.85473,27-112,1,,0
child_04_four,74,654.9,ɹ,0.04355,ɹ,0.04355,0.01928,0.91357,27-112,1,,0
child_04_four,75,663.7,ɹ,0.09036,ɹ,0.09036,0.08324,0.73808,27-112,1,,0
child_04_four,76,672.6,ɹ,0.00038,l,0.00086,0.00086,0.99489,27-112,1,,0
child_04_four,77,681.4,ɹ,0.00294,ɝ,0.00705,0.00649,0.87543,27-112,1,,0
child_04_four,78,690.3,ɹ,0.00029,l,0.00089,0.00089,0.99714,27-112,1,,0
child_04_four,79,699.1,ɹ,0.00415,ə,0.00435,0.00435,0.95803,27-112,1,,0
child_04_four,80,708.0,ɹ,0.00057,ɹ,0.00057,0.00055,0.99744,27-112,1,,0
child_04_four,81,716.8,ɹ,0.00086,ɹ,0.00086,0.00078,0.99627,27-112,1,,0
child_04_four,82,725.7,ɹ,0.00047,ɹ,0.00047,0.00022,0.99827,27-112,1,,0
child_04_four,83,734.5,ɹ,0.00032,ɹ,0.00032,0.00013,0.99885,27-112,1,,0
child_04_four,84,743.4,ɹ,2e-05,n,2e-05,2e-05,0.99984,27-112,1,,0
child_04_four,85,752.2,ɹ,2e-05,n,3e-05,2e-05,0.99979,27-112,1,,0
child_04_four,86,761.1,ɹ,0.00065,h,0.00123,0.00073,0.99283,27-112,1,,0
child_04_four,87,769.9,ɹ,7e-05,t,0.00016,0.00015,0.99859,27-112,1,,0
child_04_four,88,778.8,ɹ,1e-05,t,6e-05,6e-05,0.9996,27-112,1,,0
child_04_four,89,787.6,ɹ,1e-05,t,5e-05,5e-05,0.99971,27-112,1,,0
child_04_four,90,796.5,ɹ,1e-05,n,7e-05,7e-05,0.99961,27-112,1,,0
child_04_four,91,805.3,ɹ,0.0,n,4e-05,3e-05,0.99981,27-112,1,,0
child_04_four,92,814.2,ɹ,0.0,n,1e-05,1e-05,0.99992,27-112,1,,0
child_04_four,93,823.0,ɹ,0.0,n,3e-05,2e-05,0.99987,27-112,1,,0
child_04_four,94,831.9,ɹ,0.0,n,2e-05,2e-05,0.99987,27-112,1,,0
child_04_four,95,840.7,ɹ,0.0,n,2e-05,1e-05,0.9999,27-112,1,,0
child_04_four,96,849.6,ɹ,0.0,t,4e-05,3e-05,0.99979,27-112,1,,0
child_04_four,97,858.4,ɹ,0.0,n,3e-05,2e-05,0.99985,27-112,1,,0
child_04_four,98,867.3,ɹ,0.0,n,1e-05,1e-05,0.99992,27-112,1,,0
child_04_four,99,876.1,ɹ,0.0,n,1e-05,1e-05,0.99992,27-112,1,,0
child_04_four,100,885.0,ɹ,0.0,n,2e-05,1e-05,0.9999,27-112,1,,0
child_04_four,101,893.8,ɹ,0.0,n,2e-05,1e-05,0.9999,27-112,1,,0
child_04_four,102,902.7,ɹ,0.0,t,3e-05,2e-05,0.99983,27-112,1,,0
child_04_four,103,911.5,ɹ,0.0,n,1e-05,1e-05,0.99993,27-112,1,,0
child_04_four,104,920.4,ɹ,0.0,n,1e-05,1e-05,0.99992,27-112,1,,0
child_04_four,105,929.2,ɹ,0.0,n,1e-05,1e-05,0.99994,27-112,1,,0
child_04_four,106,938.1,ɹ,0.0,n,1e-05,1e-05,0.99992,27-112,1,,0
child_04_four,107,946.9,ɹ,0.0,t,1e-05,1e-05,0.99991,27-112,1,,0
child_04_four,108,955.8,ɹ,0.0,t,1e-05,1e-05,0.99991,27-112,1,,0
child_04_four,109,964.6,ɹ,0.0,t,1e-05,1e-05,0.99991,27-112,1,,0
child_04_four,110,973.5,ɹ,0.0,t,1e-05,1e-05,0.99992,27-112,1,,0
child_04_four,111,982.3,ɹ,0.0,t,1e-05,1e-05,0.99993,27-112,1,,0
child_04_four,112,991.2,ɹ,0.0,t,1e-05,1e-05,0.99992,27-112,1,,0
child_07_one,0,0.0,n,5e-05,n,5e-05,4e-05,0.99975,2-42,0,,0
child_07_one,1,23.3,n,3e-05,n,3e-05,3e-05,0.99984,2-42,0,,0
child_07_one,2,46.5,n,3e-05,n,3e-05,2e-05,0.99984,2-42,1,,0
child_07_one,3,69.8,n,8e-05,t,0.00014,0.00014,0.9994,2-42,1,,0
child_07_one,4,93.0,n,7e-05,t,0.00017,9e-05,0.99919,2-42,1,,0
child_07_one,5,116.3,n,5e-05,t,0.0001,0.0001,0.99949,2-42,1,,0
child_07_one,6,139.5,n,3e-05,t,4e-05,4e-05,0.99974,2-42,1,,0
child_07_one,7,162.8,n,5e-05,t,7e-05,7e-05,0.99963,2-42,1,,0
child_07_one,8,186.0,n,4e-05,n,4e-05,4e-05,0.99976,2-42,1,,0
child_07_one,9,209.3,n,0.00032,d,0.00048,0.00041,0.99628,2-42,1,,0
child_07_one,10,232.6,n,8e-05,d,0.00013,8e-05,0.99924,2-42,1,,0
child_07_one,11,255.8,n,2e-05,n,2e-05,2e-05,0.99981,2-42,1,,0
child_07_one,12,279.1,n,3e-05,v,6e-05,4e-05,0.99965,2-42,1,,0
child_07_one,13,302.3,n,0.00074,v,0.84415,0.03586,0.0435,2-42,1,,0
child_07_one,14,325.6,n,0.00035,v,0.02513,0.0034,0.95817,2-42,1,,0
child_07_one,15,348.8,n,3e-05,l,0.0002,8e-05,0.9994,2-42,1,,0
child_07_one,16,372.1,n,3e-05,l,0.00011,6e-05,0.99948,2-42,1,,0
child_07_one,17,395.3,n,0.00054,aɪ,0.72865,0.03466,0.00941,2-42,1,,0
child_07_one,18,418.6,n,3e-05,j,3e-05,3e-05,0.99978,2-42,1,,0
child_07_one,19,441.9,n,3e-05,j,4e-05,4e-05,0.9998,2-42,1,,0
child_07_one,20,465.1,n,4e-05,j,6e-05,6e-05,0.99968,2-42,1,,0
child_07_one,21,488.4,n,7e-05,j,9e-05,9e-05,0.99962,2-42,1,,0
child_07_one,22,511.6,n,0.0001,j,0.00015,0.00015,0.99941,2-42,1,,0
child_07_one,23,534.9,n,0.00019,j,0.00045,0.00045,0.99854,2-42,1,,0
child_07_one,24,558.1,n,0.00033,j,0.00105,0.00035,0.99726,2-42,1,,0
child_07_one,25,581.4,n,0.00069,j,0.00239,0.00083,0.99451,2-42,1,,0
child_07_one,26,604.7,n,0.00119,j,0.00173,0.00173,0.99478,2-42,1,,0
child_07_one,27,627.9,n,0.0029,n,0.0029,0.0021,0.99175,2-42,1,,0
child_07_one,28,651.2,n,0.00394,l,0.00745,0.00745,0.98362,2-42,1,,0
child_07_one,29,674.4,n,0.01089,l,0.01917,0.01917,0.95807,2-42,1,,0
child_07_one,30,697.7,n,0.01297,l,0.01433,0.01433,0.94753,2-42,1,,0
child_07_one,31,720.9,n,0.00266,ð,0.00297,0.00297,0.98411,2-42,1,,0
child_07_one,32,744.2,n,0.00043,n,0.00043,0.00038,0.99691,2-42,1,,0
child_07_one,33,767.4,n,0.0022,ð,0.0253,0.01147,0.91188,2-42,1,,0
child_07_one,34,790.7,n,0.00186,ð,0.0386,0.01366,0.86682,2-42,1,,0
child_07_one,35,814.0,n,0.00011,h,0.00023,0.00018,0.99838,2-42,1,,0
child_07_one,36,837.2,n,7e-05,t,8e-05,8e-05,0.99936,2-42,1,,0
child_07_one,37,860.5,n,2e-05,n,2e-05,2e-05,0.99985,2-42,1,,0
child_07_one,38,883.7,n,0.00013,n,0.00013,0.00012,0.9992,2-42,1,,0
child_07_one,39,907.0,n,0.00016,n,0.00016,0.00015,0.99904,2-42,1,,0
child_07_one,40,930.2,n,8e-05,n,8e-05,6e-05,0.99956,2-42,1,,0
child_07_one,41,953.5,n,8e-05,t,9e-05,9e-05,0.99946,2-42,1,,0
child_07_one,42,976.7,n,0.0001,t,0.00013,0.00013,0.99932,2-42,1,,0
child_07_seven,0,0.0,n,5e-05,t,6e-05,6e-05,0.99955,4-48,0,40-40,0
child_07_seven,1,20.4,n,3e-05,n,3e-05,3e-05,0.99979,4-48,0,40-40,0
child_07_seven,2,40.8,n,3e-05,t,3e-05,3e-05,0.99977,4-48,0,40-40,0
child_07_seven,3,61.2,n,3e-05,t,4e-05,4e-05,0.99973,4-48,0,40-40,0
child_07_seven,4,81.6,n,5e-05,t,9e-05,9e-05,0.99934,4-48,1,40-40,0
child_07_seven,5,102.0,n,6e-05,t,0.00011,0.00011,0.99931,4-48,1,40-40,0
child_07_seven,6,122.4,n,5e-05,t,6e-05,6e-05,0.99962,4-48,1,40-40,0
child_07_seven,7,142.9,n,2e-05,t,2e-05,2e-05,0.99984,4-48,1,40-40,0
child_07_seven,8,163.3,n,2e-05,n,2e-05,2e-05,0.99985,4-48,1,40-40,0
child_07_seven,9,183.7,n,0.0001,t,0.00017,0.00017,0.99924,4-48,1,40-40,0
child_07_seven,10,204.1,n,3e-05,t,4e-05,4e-05,0.99981,4-48,1,40-40,0
child_07_seven,11,224.5,n,4e-05,t,6e-05,6e-05,0.99974,4-48,1,40-40,0
child_07_seven,12,244.9,n,0.00021,t,0.00079,0.00024,0.99756,4-48,1,40-40,0
child_07_seven,13,265.3,n,3e-05,t,4e-05,4e-05,0.99978,4-48,1,40-40,0
child_07_seven,14,285.7,n,2e-05,t,5e-05,4e-05,0.99967,4-48,1,40-40,0
child_07_seven,15,306.1,n,2e-05,t,4e-05,2e-05,0.99981,4-48,1,40-40,0
child_07_seven,16,326.5,n,0.00079,tʃ,0.31848,0.31613,0.01148,4-48,1,40-40,0
child_07_seven,17,346.9,n,4e-05,t,0.00021,0.00019,0.99883,4-48,1,40-40,0
child_07_seven,18,367.3,n,7e-05,j,0.00045,0.0002,0.99829,4-48,1,40-40,0
child_07_seven,19,387.8,n,0.00016,h,0.00297,0.00052,0.99349,4-48,1,40-40,0
child_07_seven,20,408.2,n,0.00026,h,0.00633,0.00075,0.9893,4-48,1,40-40,0
child_07_seven,21,428.6,n,4e-05,æ,6e-05,6e-05,0.9995,4-48,1,40-40,0
child_07_seven,22,449.0,n,0.00074,æ,0.41471,0.14123,0.00984,4-48,1,40-40,0
child_07_seven,23,469.4,n,0.00011,n,0.00011,9e-05,0.99937,4-48,1,40-40,0
child_07_seven,24,489.8,n,0.00092,l,0.00194,0.00116,0.99394,4-48,1,40-40,0
child_07_seven,25,510.2,n,0.00217,l,0.00627,0.00363,0.98266,4-48,1,40-40,0
child_07_seven,26,530.6,n,0.00489,l,0.0204,0.00729,0.95462,4-48,1,40-40,0
child_07_seven,27,551.0,n,0.00638,l,0.06313,0.01012,0.89668,4-48,1,40-40,0
child_07_seven,28,571.4,n,0.00224,l,0.03755,0.00313,0.94728,4-48,1,40-40,0
child_07_seven,29,591.8,n,0.00071,l,0.01037,0.00082,0.98468,4-48,1,40-40,0
child_07_seven,30,612.2,n,0.00037,l,0.00913,0.00041,0.98828,4-48,1,40-40,0
child_07_seven,31,632.7,n,0.00187,l,0.85777,0.01397,0.06483,4-48,1,40-40,0
child_07_seven,32,653.1,n,0.0006,l,0.07947,0.00341,0.90674,4-48,1,40-40,0
child_07_seven,33,673.5,n,0.00014,ɹ,0.00106,0.00085,0.99579,4-48,1,40-40,0
child_07_seven,34,693.9,n,0.0019,ə,0.42462,0.19532,0.02942,4-48,1,40-40,0
child_07_seven,35,714.3,n,0.00024,ə,0.00026,0.00026,0.99919,4-48,1,40-40,0
child_07_seven,36,734.7,n,0.00058,n,0.00058,7e-05,0.99906,4-48,1,40-40,0
child_07_seven,37,755.1,n,0.00157,n,0.00157,6e-05,0.99801,4-48,1,40-40,0
child_07_seven,38,775.5,n,0.00374,n,0.00374,0.00021,0.99557,4-48,1,40-40,0
child_07_seven,39,795.9,n,0.02432,n,0.02432,0.00168,0.973,4-48,1,40-40,0
child_07_seven,40,816.3,n,0.62936,n,0.62936,0.24283,0.09215,4-48,1,40-40,1
child_07_seven,41,836.7,n,0.00474,n,0.00474,0.00142,0.98998,4-48,1,40-40,0
child_07_seven,42,857.1,n,0.0013,d,0.00161,0.00161,0.99241,4-48,1,40-40,0
child_07_seven,43,877.6,n,0.00019,t,0.00053,0.00041,0.99772,4-48,1,40-40,0
child_07_seven,44,898.0,n,5e-05,t,0.00012,6e-05,0.99953,4-48,1,40-40,0
child_07_seven,45,918.4,n,0.00012,t,0.00054,0.00019,0.99829,4-48,1,40-40,0
child_07_seven,46,938.8,n,8e-05,t,0.00018,0.00011,0.99916,4-48,1,40-40,0
child_07_seven,47,959.2,n,0.00013,t,0.00089,0.00033,0.99747,4-48,1,40-40,0
child_07_seven,48,979.6,n,0.00062,t,0.00924,0.00341,0.97333,4-48,1,40-40,0
