case_id,speaker_id,word,target_phone,human_label,old_alignment_start,old_alignment_end,old_span_ms,old_span_posterior,old_evidence,new_alignment_type,new_span_start,new_span_end,new_span_ms,new_evidence,new_margin,blank_fraction,displacement_ms,deletion_status,old_decision,new_decision,alignment_recovered,false_recovery,root_cause,notes
child_01_eight,child_01,eight,t,FINAL_CONSONANT_CLEARLY_PRESENT,1,55,982.1,0.5924,0.5924,C_skip_d1.0,44,44,1,0.5924,,,285.7,PRESENT_PATH,PRESENT,PRESENT,0,0,,blank_fraction/new_margin not computed (documented limitation)
child_01_five,child_01,five,v,FINAL_CONSONANT_PROBABLY_ABSENT,20,44,555.6,0.0131,0.0131,C_skip_d1.0,,,0,0.0,,,,DELETED,ABSENT,ABSENT,0,0,,blank_fraction/new_margin not computed (documented limitation)
child_01_four,child_01,four,ɹ,FINAL_CONSONANT_CLEARLY_ABSENT,13,43,704.5,0.0362,0.0362,C_skip_d1.0,,,0,0.0,,,,DELETED,PRESENT,ABSENT,0,0,,blank_fraction/new_margin not computed (documented limitation)
child_01_nine,child_01,nine,n,FINAL_CONSONANT_PROBABLY_PRESENT,16,42,627.9,0.0155,0.0155,C_skip_d1.0,,,0,0.0,,,,DELETED,PRESENT,ABSENT,0,0,,blank_fraction/new_margin not computed (documented limitation)
child_01_one,child_01,one,n,,15,50,705.9,0.7464,0.7464,C_skip_d1.0,22,22,1,0.7464,,,-205.9,PRESENT_PATH,PRESENT,PRESENT,0,0,,blank_fraction/new_margin not computed (documented limitation)
child_01_seven,child_01,seven,n,FINAL_CONSONANT_PROBABLY_PRESENT,4,50,921.6,0.0592,0.0592,C_skip_d1.0,,,0,0.0,,,,DELETED,PRESENT,ABSENT,0,0,,blank_fraction/new_margin not computed (documented limitation)
child_01_ten,child_01,ten,n,FINAL_CONSONANT_CLEARLY_PRESENT,26,50,490.2,0.0294,0.0294,C_skip_d1.0,,,0,0.0,,,,DELETED,PRESENT,ABSENT,0,0,,blank_fraction/new_margin not computed (documented limitation)
child_01_three,child_01,three,iː,,20,64,692.3,0.4057,0.4057,C_skip_d1.0,21,21,1,0.4057,,,-323.1,PRESENT_PATH,PRESENT,PRESENT,0,0,,blank_fraction/new_margin not computed (documented limitation)
child_01_two,child_01,two,uː,,48,48,20.4,0.0,0.0,C_skip_d1.0,,,0,0.0,,,,DELETED,ABSENT,ABSENT,0,0,,blank_fraction/new_margin not computed (documented limitation)
child_02_eight,child_02,eight,t,FINAL_CONSONANT_CLEARLY_PRESENT,1,52,981.1,0.9179,0.9179,C_skip_d1.0,21,21,1,0.9179,,,-103.8,PRESENT_PATH,PRESENT,PRESENT,0,0,,blank_fraction/new_margin not computed (documented limitation)
child_02_five,child_02,five,v,FINAL_CONSONANT_PROBABLY_PRESENT,31,48,367.3,0.7322,0.7322,C_skip_d1.0,35,35,1,0.7322,,,-91.8,PRESENT_PATH,PRESENT,PRESENT,0,0,,blank_fraction/new_margin not computed (documented limitation)
child_02_four,child_02,four,ɹ,FINAL_CONSONANT_CLEARLY_ABSENT,27,65,590.9,0.1536,0.1536,C_skip_d1.0,,,0,0.0,,,,DELETED,PRESENT,ABSENT,0,0,,blank_fraction/new_margin not computed (documented limitation)
child_02_one,child_02,one,n,FINAL_CONSONANT_CLEARLY_PRESENT,2,61,967.7,0.9571,0.9571,C_skip_d1.0,36,36,1,0.9571,,,72.6,PRESENT_PATH,PRESENT,PRESENT,0,0,,blank_fraction/new_margin not computed (documented limitation)
child_02_seven,child_02,seven,n,FINAL_CONSONANT_CLEARLY_PRESENT,22,34,371.4,0.4907,0.4907,C_skip_d1.0,25,25,1,0.4907,,,-85.7,PRESENT_PATH,PRESENT,PRESENT,0,0,,blank_fraction/new_margin not computed (documented limitation)
child_02_six,child_02,six,s,,54,56,52.6,0.3496,0.3496,C_skip_d1.0,34,34,1,0.8923,,,-368.4,PRESENT_PATH,PRESENT,PRESENT,0,0,,blank_fraction/new_margin not computed (documented limitation)
child_02_ten,child_02,ten,n,FINAL_CONSONANT_CLEARLY_PRESENT,27,57,534.5,0.0662,0.0662,C_skip_d1.0,33,33,1,0.0662,,,-155.2,PRESENT_PATH,PRESENT,ABSENT,0,0,,blank_fraction/new_margin not computed (documented limitation)
child_02_three,child_02,three,iː,,41,53,240.7,0.0001,0.0001,C_skip_d1.0,19,19,1,0.0108,,,-518.5,PRESENT_PATH,ABSENT,ABSENT,0,0,,blank_fraction/new_margin not computed (documented limitation)
child_02_two,child_02,two,uː,,48,48,20.4,0.0,0.0,C_skip_d1.0,21,21,1,0.0027,,,-551.0,PRESENT_PATH,ABSENT,ABSENT,0,0,,blank_fraction/new_margin not computed (documented limitation)
child_03_eight,child_03,eight,t,FINAL_CONSONANT_CLEARLY_ABSENT,1,37,973.7,0.0053,0.0053,C_skip_d1.0,,,0,0.0,,,,DELETED,ABSENT,ABSENT,0,0,,blank_fraction/new_margin not computed (documented limitation)
child_03_five,child_03,five,v,,24,42,441.9,0.4823,0.4823,C_skip_d1.0,28,28,1,0.4823,,,-116.3,PRESENT_PATH,PRESENT,PRESENT,0,0,,blank_fraction/new_margin not computed (documented limitation)
child_03_four,child_03,four,ɹ,FINAL_CONSONANT_CLEARLY_ABSENT,17,44,622.2,0.0563,0.0563,C_skip_d1.0,,,0,0.0,,,,DELETED,PRESENT,ABSENT,0,0,,blank_fraction/new_margin not computed (documented limitation)
child_03_nine,child_03,nine,n,,17,31,468.8,0.9669,0.9669,C_skip_d1.0,23,23,1,0.9669,,,-31.2,PRESENT_PATH,PRESENT,PRESENT,0,0,,blank_fraction/new_margin not computed (documented limitation)
child_03_seven,child_03,seven,n,,17,46,638.3,0.8926,0.8926,C_skip_d1.0,33,33,1,0.8926,,,31.9,PRESENT_PATH,PRESENT,PRESENT,0,0,,blank_fraction/new_margin not computed (documented limitation)
child_03_six,child_03,six,s,FINAL_CONSONANT_CLEARLY_ABSENT,36,36,27.0,0.0,0.0,C_skip_d1.0,,,0,0.0,,,,DELETED,ABSENT,ABSENT,0,0,,blank_fraction/new_margin not computed (documented limitation)
child_03_ten,child_03,ten,n,,7,27,750.0,0.7758,0.7758,C_skip_d1.0,15,15,1,0.7758,,,-71.4,PRESENT_PATH,PRESENT,PRESENT,0,0,,blank_fraction/new_margin not computed (documented limitation)
child_03_three,child_03,three,iː,,25,49,500.0,0.0131,0.0131,C_skip_d1.0,25,25,1,0.0115,,,-240.0,PRESENT_PATH,ABSENT,ABSENT,0,0,,blank_fraction/new_margin not computed (documented limitation)
child_03_two,child_03,two,uː,,43,43,22.7,0.0,0.0,C_skip_d1.0,,,0,0.0,,,,DELETED,ABSENT,ABSENT,0,0,,blank_fraction/new_margin not computed (documented limitation)
child_04_eight,child_04,eight,t,FINAL_CONSONANT_PROBABLY_PRESENT,1,111,991.1,0.9588,0.9588,C_skip_d1.0,70,70,1,0.9588,,,125.0,PRESENT_PATH,PRESENT,PRESENT,0,0,,blank_fraction/new_margin not computed (documented limitation)
child_04_five,child_04,five,v,,87,118,268.9,0.3531,0.3531,C_skip_d1.0,93,93,1,0.3531,,,-79.8,PRESENT_PATH,PRESENT,PRESENT,0,0,,blank_fraction/new_margin not computed (documented limitation)
child_04_four,child_04,four,ɹ,FINAL_CONSONANT_PROBABLY_PRESENT,27,112,761.1,0.0904,0.0904,C_skip_d1.0,,,0,0.0,,,,DELETED,PRESENT,ABSENT,0,0,,blank_fraction/new_margin not computed (documented limitation)
child_04_nine,child_04,nine,n,,57,114,504.3,0.2863,0.2863,C_skip_d1.0,81,81,1,0.2863,,,-39.1,PRESENT_PATH,PRESENT,ABSENT,0,0,,blank_fraction/new_margin not computed (documented limitation)
child_04_seven,child_04,seven,n,,66,98,333.3,0.0041,0.0041,C_skip_d1.0,,,0,0.0,,,,DELETED,ABSENT,ABSENT,0,0,,blank_fraction/new_margin not computed (documented limitation)
child_04_six,child_04,six,s,,83,118,302.5,0.7917,0.7917,C_skip_d1.0,88,88,1,0.7917,,,-105.0,PRESENT_PATH,PRESENT,PRESENT,0,0,,blank_fraction/new_margin not computed (documented limitation)
child_04_ten,child_04,ten,n,,30,84,647.1,0.1977,0.1977,C_skip_d1.0,59,59,1,0.1977,,,23.5,PRESENT_PATH,PRESENT,ABSENT,0,0,,blank_fraction/new_margin not computed (documented limitation)
child_04_three,child_04,three,iː,,2,112,982.3,0.2071,0.2071,C_skip_d1.0,69,69,1,0.2071,,,106.2,PRESENT_PATH,ABSENT,ABSENT,0,0,,blank_fraction/new_margin not computed (documented limitation)
child_04_two,child_04,two,uː,,63,63,15.6,0.0,0.0,C_skip_d1.0,,,0,0.0,,,,DELETED,ABSENT,ABSENT,0,0,,blank_fraction/new_margin not computed (documented limitation)
child_05_eight,child_05,eight,t,FINAL_CONSONANT_PROBABLY_PRESENT,1,28,965.5,0.7582,0.7582,C_skip_d1.0,25,25,1,0.7582,,,362.1,PRESENT_PATH,PRESENT,PRESENT,0,0,,blank_fraction/new_margin not computed (documented limitation)
child_05_five,child_05,five,v,,20,26,259.3,0.0268,0.0268,C_skip_d1.0,,,0,0.0,,,,DELETED,ABSENT,ABSENT,0,0,,blank_fraction/new_margin not computed (documented limitation)
child_05_four,child_05,four,ɹ,FINAL_CONSONANT_CLEARLY_ABSENT,14,33,588.2,0.0307,0.0307,C_skip_d1.0,,,0,0.0,,,,DELETED,ABSENT,ABSENT,0,0,,blank_fraction/new_margin not computed (documented limitation)
child_05_nine,child_05,nine,n,,19,36,486.5,0.8719,0.8719,C_skip_d1.0,30,31,2,0.8719,,,81.1,PRESENT_PATH,PRESENT,PRESENT,0,0,,blank_fraction/new_margin not computed (documented limitation)
child_05_one,child_05,one,n,,7,18,631.6,0.6259,0.6259,C_skip_d1.0,15,15,1,0.6259,,,131.6,PRESENT_PATH,PRESENT,PRESENT,0,0,,blank_fraction/new_margin not computed (documented limitation)
child_05_seven,child_05,seven,n,,30,40,268.3,0.987,0.987,C_skip_d1.0,31,31,1,0.987,,,-97.6,PRESENT_PATH,PRESENT,PRESENT,0,0,,blank_fraction/new_margin not computed (documented limitation)
child_05_ten,child_05,ten,n,,14,31,562.5,0.0262,0.0262,C_skip_d1.0,,,0,0.0,,,,DELETED,PRESENT,ABSENT,0,0,,blank_fraction/new_margin not computed (documented limitation)
child_05_three,child_05,three,iː,,23,32,303.0,0.2194,0.2194,C_skip_d1.0,16,16,1,0.2606,,,-348.5,PRESENT_PATH,PRESENT,ABSENT,0,0,,blank_fraction/new_margin not computed (documented limitation)
child_06_eight,child_06,eight,t,FINAL_CONSONANT_CLEARLY_PRESENT,1,21,954.5,0.9387,0.9387,C_skip_d1.0,14,14,1,0.9387,,,136.4,PRESENT_PATH,PRESENT,PRESENT,0,0,,blank_fraction/new_margin not computed (documented limitation)
child_06_five,child_06,five,v,,15,32,545.5,0.9055,0.9055,C_skip_d1.0,18,18,1,0.9055,,,-166.7,PRESENT_PATH,PRESENT,PRESENT,0,0,,blank_fraction/new_margin not computed (documented limitation)
child_06_four,child_06,four,ɹ,FINAL_CONSONANT_CLEARLY_ABSENT,7,29,766.7,0.0414,0.0414,C_skip_d1.0,,,0,0.0,,,,DELETED,PRESENT,ABSENT,0,0,,blank_fraction/new_margin not computed (documented limitation)
child_06_nine,child_06,nine,n,,11,20,476.2,0.9455,0.9455,C_skip_d1.0,16,16,1,0.9455,,,23.8,PRESENT_PATH,PRESENT,PRESENT,0,0,,blank_fraction/new_margin not computed (documented limitation)
child_06_seven,child_06,seven,n,,14,22,391.3,0.5429,0.5429,C_skip_d1.0,16,16,1,0.5429,,,-87.0,PRESENT_PATH,PRESENT,PRESENT,0,0,,blank_fraction/new_margin not computed (documented limitation)
child_06_six,child_06,six,s,FINAL_CONSONANT_PROBABLY_PRESENT,38,39,50.0,0.0007,0.0007,C_skip_d1.0,,,0,0.0,,,,DELETED,PRESENT,ABSENT,0,0,,blank_fraction/new_margin not computed (documented limitation)
child_06_ten,child_06,ten,n,,7,24,720.0,0.0593,0.0593,C_skip_d1.0,,,0,0.0,,,,DELETED,PRESENT,ABSENT,0,0,,blank_fraction/new_margin not computed (documented limitation)
child_06_three,child_06,three,iː,,10,20,523.8,0.0041,0.0041,C_skip_d1.0,10,10,1,0.0041,,,-238.1,PRESENT_PATH,ABSENT,ABSENT,0,0,,blank_fraction/new_margin not computed (documented limitation)
child_06_two,child_06,two,uː,,26,26,37.0,0.0,0.0,C_skip_d1.0,,,0,0.0,,,,DELETED,ABSENT,ABSENT,0,0,,blank_fraction/new_margin not computed (documented limitation)
child_07_eight,child_07,eight,t,FINAL_CONSONANT_CLEARLY_ABSENT,1,30,967.7,0.018,0.018,C_skip_d1.0,,,0,0.0,,,,DELETED,ABSENT,ABSENT,0,0,,blank_fraction/new_margin not computed (documented limitation)
child_07_five,child_07,five,v,,20,23,166.7,0.4264,0.4264,C_skip_d1.0,,,0,0.0,,,,DELETED,PRESENT,ABSENT,0,0,,blank_fraction/new_margin not computed (documented limitation)
child_07_four,child_07,four,ɹ,,12,30,612.9,0.0362,0.0362,C_skip_d1.0,,,0,0.0,,,,DELETED,PRESENT,ABSENT,0,0,,blank_fraction/new_margin not computed (documented limitation)
child_07_nine,child_07,nine,n,,17,33,500.0,0.9201,0.9201,C_skip_d1.0,29,29,1,0.9201,,,117.6,PRESENT_PATH,PRESENT,PRESENT,0,0,,blank_fraction/new_margin not computed (documented limitation)
child_07_one,child_07,one,n,FINAL_CONSONANT_CLEARLY_PRESENT,2,42,953.5,0.013,0.013,C_skip_d1.0,,,0,0.0,,,,DELETED,ABSENT,ABSENT,0,0,,blank_fraction/new_margin not computed (documented limitation)
child_07_seven,child_07,seven,n,FINAL_CONSONANT_PROBABLY_ABSENT,4,48,918.4,0.6294,0.6294,C_skip_d1.0,40,40,1,0.6294,,,285.7,PRESENT_PATH,PRESENT,PRESENT,0,1,,blank_fraction/new_margin not computed (documented limitation)
child_07_six,child_07,six,s,,32,51,384.6,0.2896,0.2896,C_skip_d1.0,36,36,1,0.2896,,,-105.8,PRESENT_PATH,PRESENT,ABSENT,0,0,,blank_fraction/new_margin not computed (documented limitation)
child_07_ten,child_07,ten,n,,14,25,461.5,0.7215,0.7215,C_skip_d1.0,22,22,1,0.7215,,,96.2,PRESENT_PATH,PRESENT,PRESENT,0,0,,blank_fraction/new_margin not computed (documented limitation)
child_07_three,child_07,three,iː,,16,41,619.0,0.0099,0.0099,C_skip_d1.0,16,16,1,0.0099,,,-297.6,PRESENT_PATH,ABSENT,ABSENT,0,0,,blank_fraction/new_margin not computed (documented limitation)
child_07_two,child_07,two,uː,,38,38,25.6,0.0,0.0,C_skip_d1.0,,,0,0.0,,,,DELETED,ABSENT,ABSENT,0,0,,blank_fraction/new_margin not computed (documented limitation)
child_08_eight,child_08,eight,t,FINAL_CONSONANT_CLEARLY_ABSENT,1,34,971.4,0.0243,0.0243,C_skip_d1.0,,,0,0.0,,,,DELETED,ABSENT,ABSENT,0,0,,blank_fraction/new_margin not computed (documented limitation)
child_08_five,child_08,five,v,,15,37,605.3,0.0017,0.0017,C_skip_d1.0,,,0,0.0,,,,DELETED,ABSENT,ABSENT,0,0,,blank_fraction/new_margin not computed (documented limitation)
child_08_four,child_08,four,ɹ,,10,29,666.7,0.0318,0.0318,C_skip_d1.0,,,0,0.0,,,,DELETED,PRESENT,ABSENT,0,0,,blank_fraction/new_margin not computed (documented limitation)
child_08_nine,child_08,nine,n,,25,49,500.0,0.611,0.611,C_skip_d1.0,35,35,1,0.611,,,-40.0,PRESENT_PATH,PRESENT,PRESENT,0,0,,blank_fraction/new_margin not computed (documented limitation)
child_08_seven,child_08,seven,n,,7,41,833.3,0.5874,0.5874,C_skip_d1.0,23,23,1,0.5874,,,-23.8,PRESENT_PATH,PRESENT,PRESENT,0,0,,blank_fraction/new_margin not computed (documented limitation)
child_08_six,child_08,six,s,,37,52,301.9,0.4183,0.4183,C_skip_d1.0,48,48,1,0.4183,,,66.0,PRESENT_PATH,PRESENT,PRESENT,0,0,,blank_fraction/new_margin not computed (documented limitation)
child_08_ten,child_08,ten,n,,19,51,634.6,0.1607,0.1607,C_skip_d1.0,,,0,0.0,,,,DELETED,PRESENT,ABSENT,0,0,,blank_fraction/new_margin not computed (documented limitation)
child_08_three,child_08,three,iː,,27,49,460.0,0.6497,0.6497,C_skip_d1.0,29,29,1,0.6497,,,-180.0,PRESENT_PATH,PRESENT,PRESENT,0,0,,blank_fraction/new_margin not computed (documented limitation)
child_08_two,child_08,two,uː,,34,34,28.6,0.0,0.0,C_skip_d1.0,,,0,0.0,,,,DELETED,ABSENT,ABSENT,0,0,,blank_fraction/new_margin not computed (documented limitation)
child_09_eight,child_09,eight,t,,1,43,977.3,0.8096,0.8096,C_skip_d1.0,28,29,2,0.8096,,,147.7,PRESENT_PATH,PRESENT,PRESENT,0,0,,blank_fraction/new_margin not computed (documented limitation)
child_09_five,child_09,five,v,FINAL_CONSONANT_CLEARLY_ABSENT,19,32,424.2,0.0063,0.0063,C_skip_d1.0,,,0,0.0,,,,DELETED,ABSENT,ABSENT,0,0,,blank_fraction/new_margin not computed (documented limitation)
child_09_four,child_09,four,ɹ,,13,42,697.7,0.0536,0.0536,C_skip_d1.0,,,0,0.0,,,,DELETED,ABSENT,ABSENT,0,0,,blank_fraction/new_margin not computed (documented limitation)
child_09_nine,child_09,nine,n,,24,51,538.5,0.9427,0.9427,C_skip_d1.0,39,39,1,0.9427,,,28.8,PRESENT_PATH,PRESENT,PRESENT,0,0,,blank_fraction/new_margin not computed (documented limitation)
child_09_one,child_09,one,n,,16,47,666.7,0.7271,0.7271,C_skip_d1.0,28,29,2,0.7271,,,-62.5,PRESENT_PATH,PRESENT,PRESENT,0,0,,blank_fraction/new_margin not computed (documented limitation)
child_09_seven,child_09,seven,n,FINAL_CONSONANT_CLEARLY_PRESENT,31,43,295.5,0.8537,0.8537,C_skip_d1.0,36,36,1,0.8537,,,-22.7,PRESENT_PATH,PRESENT,PRESENT,0,0,,blank_fraction/new_margin not computed (documented limitation)
child_09_six,child_09,six,s,,28,43,363.6,0.2562,0.2562,C_skip_d1.0,40,40,1,0.2562,,,102.3,PRESENT_PATH,PRESENT,ABSENT,0,0,,blank_fraction/new_margin not computed (documented limitation)
child_09_ten,child_09,ten,n,,12,39,700.0,0.6755,0.6755,C_skip_d1.0,23,23,1,0.6755,,,-62.5,PRESENT_PATH,PRESENT,PRESENT,0,0,,blank_fraction/new_margin not computed (documented limitation)
