blind_id,token_id,corpus,speaker_id,split,age,word,target_phone,phone_class,utt_id,audio_reference,reviewer_visible
P27-001,001310020_8,so762_pilot,0131,train,7,LOVES,z,fricative,001310020,D:\speech-lab\data\speechocean762\WAVE\SPEAKER0131\001310020.WAV,"blind_id,word,target_phone"
P27-002,001310022_7,so762_pilot,0131,train,7,LOVES,z,fricative,001310022,D:\speech-lab\data\speechocean762\WAVE\SPEAKER0131\001310022.WAV,"blind_id,word,target_phone"
P27-003,001310023_7,so762_pilot,0131,train,7,LIVED,d,stop,001310023,D:\speech-lab\data\speechocean762\WAVE\SPEAKER0131\001310023.WAV,"blind_id,word,target_phone"
P27-004,001310023_9,so762_pilot,0131,train,7,IN,n,nasal,001310023,D:\speech-lab\data\speechocean762\WAVE\SPEAKER0131\001310023.WAV,"blind_id,word,target_phone"
P27-005,001310061_2,so762_pilot,0131,train,7,DOES,z,fricative,001310061,D:\speech-lab\data\speechocean762\WAVE\SPEAKER0131\001310061.WAV,"blind_id,word,target_phone"
P27-006,001310061_5,so762_pilot,0131,train,7,MIKE,k,stop,001310061,D:\speech-lab\data\speechocean762\WAVE\SPEAKER0131\001310061.WAV,"blind_id,word,target_phone"
P27-007,001310061_8,so762_pilot,0131,train,7,LIKE,k,stop,001310061,D:\speech-lab\data\speechocean762\WAVE\SPEAKER0131\001310061.WAV,"blind_id,word,target_phone"
P27-008,001310061_13,so762_pilot,0131,train,7,BEEF,f,fricative,001310061,D:\speech-lab\data\speechocean762\WAVE\SPEAKER0131\001310061.WAV,"blind_id,word,target_phone"
P27-009,001310062_7,so762_pilot,0131,train,7,LIKES,s,fricative,001310062,D:\speech-lab\data\speechocean762\WAVE\SPEAKER0131\001310062.WAV,"blind_id,word,target_phone"
P27-010,001310062_10,so762_pilot,0131,train,7,MEAT,t,stop,001310062,D:\speech-lab\data\speechocean762\WAVE\SPEAKER0131\001310062.WAV,"blind_id,word,target_phone"
P27-011,001310076_3,so762_pilot,0131,train,7,PLEASE,z,fricative,001310076,D:\speech-lab\data\speechocean762\WAVE\SPEAKER0131\001310076.WAV,"blind_id,word,target_phone"
P27-012,001310076_7,so762_pilot,0131,train,7,CLOSE,z,fricative,001310076,D:\speech-lab\data\speechocean762\WAVE\SPEAKER0131\001310076.WAV,"blind_id,word,target_phone"
P27-013,001310076_17,so762_pilot,0131,train,7,SHIRT,t,stop,001310076,D:\speech-lab\data\speechocean762\WAVE\SPEAKER0131\001310076.WAV,"blind_id,word,target_phone"
P27-014,001310078_2,so762_pilot,0131,train,7,MIKE,k,stop,001310078,D:\speech-lab\data\speechocean762\WAVE\SPEAKER0131\001310078.WAV,"blind_id,word,target_phone"
P27-015,001310078_6,so762_pilot,0131,train,7,LIKES,s,fricative,001310078,D:\speech-lab\data\speechocean762\WAVE\SPEAKER0131\001310078.WAV,"blind_id,word,target_phone"
P27-016,001310078_15,so762_pilot,0131,train,7,JEANS,z,fricative,001310078,D:\speech-lab\data\speechocean762\WAVE\SPEAKER0131\001310078.WAV,"blind_id,word,target_phone"
P27-017,001310081_6,so762_pilot,0131,train,7,GOT,t,stop,001310081,D:\speech-lab\data\speechocean762\WAVE\SPEAKER0131\001310081.WAV,"blind_id,word,target_phone"
P27-018,001310081_12,so762_pilot,0131,train,7,SKIRT,t,stop,001310081,D:\speech-lab\data\speechocean762\WAVE\SPEAKER0131\001310081.WAV,"blind_id,word,target_phone"
P27-019,001310096_2,so762_pilot,0131,train,7,JIM,m,nasal,001310096,D:\speech-lab\data\speechocean762\WAVE\SPEAKER0131\001310096.WAV,"blind_id,word,target_phone"
P27-020,001310096_5,so762_pilot,0131,train,7,CAN,n,nasal,001310096,D:\speech-lab\data\speechocean762\WAVE\SPEAKER0131\001310096.WAV,"blind_id,word,target_phone"
P27-021,001310096_16,so762_pilot,0131,train,7,ROOM,m,nasal,001310096,D:\speech-lab\data\speechocean762\WAVE\SPEAKER0131\001310096.WAV,"blind_id,word,target_phone"
P27-022,001310122_7,so762_pilot,0131,train,7,WENT,t,stop,001310122,D:\speech-lab\data\speechocean762\WAVE\SPEAKER0131\001310122.WAV,"blind_id,word,target_phone"
P27-023,001310122_14,so762_pilot,0131,train,7,MATCH,tʃ,affricate,001310122,D:\speech-lab\data\speechocean762\WAVE\SPEAKER0131\001310122.WAV,"blind_id,word,target_phone"
P27-024,001310122_18,so762_pilot,0131,train,7,CLASS,s,fricative,001310122,D:\speech-lab\data\speechocean762\WAVE\SPEAKER0131\001310122.WAV,"blind_id,word,target_phone"
P27-025,001310123_7,so762_pilot,0131,train,7,LIKES,s,fricative,001310123,D:\speech-lab\data\speechocean762\WAVE\SPEAKER0131\001310123.WAV,"blind_id,word,target_phone"
P27-026,001310123_14,so762_pilot,0131,train,7,SCIENCE,s,fricative,001310123,D:\speech-lab\data\speechocean762\WAVE\SPEAKER0131\001310123.WAV,"blind_id,word,target_phone"
P27-027,001310123_18,so762_pilot,0131,train,7,CLASS,s,fricative,001310123,D:\speech-lab\data\speechocean762\WAVE\SPEAKER0131\001310123.WAV,"blind_id,word,target_phone"
P27-028,001310123_20,so762_pilot,0131,train,7,AT,t,stop,001310123,D:\speech-lab\data\speechocean762\WAVE\SPEAKER0131\001310123.WAV,"blind_id,word,target_phone"
P27-029,001310123_24,so762_pilot,0131,train,7,SCHOOL,l,liquid,001310123,D:\speech-lab\data\speechocean762\WAVE\SPEAKER0131\001310123.WAV,"blind_id,word,target_phone"
P27-030,001310129_4,so762_pilot,0131,train,7,DID,d,stop,001310129,D:\speech-lab\data\speechocean762\WAVE\SPEAKER0131\001310129.WAV,"blind_id,word,target_phone"
P27-031,001310129_9,so762_pilot,0131,train,7,COME,m,nasal,001310129,D:\speech-lab\data\speechocean762\WAVE\SPEAKER0131\001310129.WAV,"blind_id,word,target_phone"
P27-032,001310144_8,so762_pilot,0131,train,7,FRIEND,d,stop,001310144,D:\speech-lab\data\speechocean762\WAVE\SPEAKER0131\001310144.WAV,"blind_id,word,target_phone"
P27-033,001310152_1,so762_pilot,0131,train,7,IT,t,stop,001310152,D:\speech-lab\data\speechocean762\WAVE\SPEAKER0131\001310152.WAV,"blind_id,word,target_phone"
P27-034,001310152_3,so762_pilot,0131,train,7,IS,z,fricative,001310152,D:\speech-lab\data\speechocean762\WAVE\SPEAKER0131\001310152.WAV,"blind_id,word,target_phone"
P27-035,001310152_7,so762_pilot,0131,train,7,LONG,ŋ,nasal,001310152,D:\speech-lab\data\speechocean762\WAVE\SPEAKER0131\001310152.WAV,"blind_id,word,target_phone"
P27-036,001310154_2,so762_pilot,0131,train,7,THEN,n,nasal,001310154,D:\speech-lab\data\speechocean762\WAVE\SPEAKER0131\001310154.WAV,"blind_id,word,target_phone"
P27-037,001310155_5,so762_pilot,0131,train,7,ASKED,t,stop,001310155,D:\speech-lab\data\speechocean762\WAVE\SPEAKER0131\001310155.WAV,"blind_id,word,target_phone"
P27-038,001310162_3,so762_pilot,0131,train,7,STEP,p,stop,001310162,D:\speech-lab\data\speechocean762\WAVE\SPEAKER0131\001310162.WAV,"blind_id,word,target_phone"
P27-039,001310162_5,so762_pilot,0131,train,7,UP,p,stop,001310162,D:\speech-lab\data\speechocean762\WAVE\SPEAKER0131\001310162.WAV,"blind_id,word,target_phone"
P27-040,001310165_3,so762_pilot,0131,train,7,GOAT,t,stop,001310165,D:\speech-lab\data\speechocean762\WAVE\SPEAKER0131\001310165.WAV,"blind_id,word,target_phone"
P27-041,001310165_5,so762_pilot,0131,train,7,UP,p,stop,001310165,D:\speech-lab\data\speechocean762\WAVE\SPEAKER0131\001310165.WAV,"blind_id,word,target_phone"
P27-042,001310165_8,so762_pilot,0131,train,7,THIS,s,fricative,001310165,D:\speech-lab\data\speechocean762\WAVE\SPEAKER0131\001310165.WAV,"blind_id,word,target_phone"
P27-043,001310165_13,so762_pilot,0131,train,7,MORNING,ŋ,nasal,001310165,D:\speech-lab\data\speechocean762\WAVE\SPEAKER0131\001310165.WAV,"blind_id,word,target_phone"
P27-044,001310168_2,so762_pilot,0131,train,7,COME,m,nasal,001310168,D:\speech-lab\data\speechocean762\WAVE\SPEAKER0131\001310168.WAV,"blind_id,word,target_phone"
P27-045,001330002_7,so762_pilot,0133,train,7,LIKES,s,fricative,001330002,D:\speech-lab\data\speechocean762\WAVE\SPEAKER0133\001330002.WAV,"blind_id,word,target_phone"
P27-046,001330027_2,so762_pilot,0133,train,7,NINE,n,nasal,001330027,D:\speech-lab\data\speechocean762\WAVE\SPEAKER0133\001330027.WAV,"blind_id,word,target_phone"
P27-047,001330033_6,so762_pilot,0133,train,7,SIX,s,fricative,001330033,D:\speech-lab\data\speechocean762\WAVE\SPEAKER0133\001330033.WAV,"blind_id,word,target_phone"
P27-048,001330033_9,so762_pilot,0133,train,7,NINE,n,nasal,001330033,D:\speech-lab\data\speechocean762\WAVE\SPEAKER0133\001330033.WAV,"blind_id,word,target_phone"
P27-049,001330033_11,so762_pilot,0133,train,7,EIGHT,t,stop,001330033,D:\speech-lab\data\speechocean762\WAVE\SPEAKER0133\001330033.WAV,"blind_id,word,target_phone"
P27-050,001330057_2,so762_pilot,0133,train,7,JACK,k,stop,001330057,D:\speech-lab\data\speechocean762\WAVE\SPEAKER0133\001330057.WAV,"blind_id,word,target_phone"
P27-051,001330057_6,so762_pilot,0133,train,7,LIKES,s,fricative,001330057,D:\speech-lab\data\speechocean762\WAVE\SPEAKER0133\001330057.WAV,"blind_id,word,target_phone"
P27-052,001330057_9,so762_pilot,0133,train,7,HOT,t,stop,001330057,D:\speech-lab\data\speechocean762\WAVE\SPEAKER0133\001330057.WAV,"blind_id,word,target_phone"
P27-053,001330057_12,so762_pilot,0133,train,7,DOG,ɡ,stop,001330057,D:\speech-lab\data\speechocean762\WAVE\SPEAKER0133\001330057.WAV,"blind_id,word,target_phone"
P27-054,001330067_6,so762_pilot,0133,train,7,BILLY'S,s,fricative,001330067,D:\speech-lab\data\speechocean762\WAVE\SPEAKER0133\001330067.WAV,"blind_id,word,target_phone"
P27-055,001330067_9,so762_pilot,0133,train,7,MOUTH,θ,fricative,001330067,D:\speech-lab\data\speechocean762\WAVE\SPEAKER0133\001330067.WAV,"blind_id,word,target_phone"
P27-056,001330068_8,so762_pilot,0133,train,7,STEVEN'S,s,fricative,001330068,D:\speech-lab\data\speechocean762\WAVE\SPEAKER0133\001330068.WAV,"blind_id,word,target_phone"
P27-057,001330068_11,so762_pilot,0133,train,7,KING,ŋ,nasal,001330068,D:\speech-lab\data\speechocean762\WAVE\SPEAKER0133\001330068.WAV,"blind_id,word,target_phone"
P27-058,001330075_7,so762_pilot,0133,train,7,LIKES,s,fricative,001330075,D:\speech-lab\data\speechocean762\WAVE\SPEAKER0133\001330075.WAV,"blind_id,word,target_phone"
P27-059,001330075_12,so762_pilot,0133,train,7,RED,d,stop,001330075,D:\speech-lab\data\speechocean762\WAVE\SPEAKER0133\001330075.WAV,"blind_id,word,target_phone"
P27-060,001330075_16,so762_pilot,0133,train,7,CLOUD,d,stop,001330075,D:\speech-lab\data\speechocean762\WAVE\SPEAKER0133\001330075.WAV,"blind_id,word,target_phone"
P27-061,001330097_7,so762_pilot,0133,train,7,CAN,n,nasal,001330097,D:\speech-lab\data\speechocean762\WAVE\SPEAKER0133\001330097.WAV,"blind_id,word,target_phone"
P27-062,001330097_10,so762_pilot,0133,train,7,SEEN,n,nasal,001330097,D:\speech-lab\data\speechocean762\WAVE\SPEAKER0133\001330097.WAV,"blind_id,word,target_phone"
P27-063,001330097_16,so762_pilot,0133,train,7,GARDEN,n,nasal,001330097,D:\speech-lab\data\speechocean762\WAVE\SPEAKER0133\001330097.WAV,"blind_id,word,target_phone"
P27-064,001330099_5,so762_pilot,0133,train,7,IS,z,fricative,001330099,D:\speech-lab\data\speechocean762\WAVE\SPEAKER0133\001330099.WAV,"blind_id,word,target_phone"
P27-065,001330099_8,so762_pilot,0133,train,7,WAS,z,fricative,001330099,D:\speech-lab\data\speechocean762\WAVE\SPEAKER0133\001330099.WAV,"blind_id,word,target_phone"
P27-066,001330099_13,so762_pilot,0133,train,7,WALKING,ŋ,nasal,001330099,D:\speech-lab\data\speechocean762\WAVE\SPEAKER0133\001330099.WAV,"blind_id,word,target_phone"
P27-067,001330112_4,so762_pilot,0133,train,7,DAVID,d,stop,001330112,D:\speech-lab\data\speechocean762\WAVE\SPEAKER0133\001330112.WAV,"blind_id,word,target_phone"
P27-068,001330112_7,so762_pilot,0133,train,7,THIS,s,fricative,001330112,D:\speech-lab\data\speechocean762\WAVE\SPEAKER0133\001330112.WAV,"blind_id,word,target_phone"
P27-069,001330112_9,so762_pilot,0133,train,7,IS,z,fricative,001330112,D:\speech-lab\data\speechocean762\WAVE\SPEAKER0133\001330112.WAV,"blind_id,word,target_phone"
P27-070,001330115_5,so762_pilot,0133,train,7,IS,z,fricative,001330115,D:\speech-lab\data\speechocean762\WAVE\SPEAKER0133\001330115.WAV,"blind_id,word,target_phone"
P27-071,001330115_8,so762_pilot,0133,train,7,NOT,t,stop,001330115,D:\speech-lab\data\speechocean762\WAVE\SPEAKER0133\001330115.WAV,"blind_id,word,target_phone"
P27-072,001330115_13,so762_pilot,0133,train,7,REAL,l,liquid,001330115,D:\speech-lab\data\speechocean762\WAVE\SPEAKER0133\001330115.WAV,"blind_id,word,target_phone"
P27-073,001330115_16,so762_pilot,0133,train,7,NURSE,s,fricative,001330115,D:\speech-lab\data\speechocean762\WAVE\SPEAKER0133\001330115.WAV,"blind_id,word,target_phone"
P27-074,001330118_8,so762_pilot,0133,train,7,WANTS,s,fricative,001330118,D:\speech-lab\data\speechocean762\WAVE\SPEAKER0133\001330118.WAV,"blind_id,word,target_phone"
P27-075,001330118_16,so762_pilot,0133,train,7,GOOD,d,stop,001330118,D:\speech-lab\data\speechocean762\WAVE\SPEAKER0133\001330118.WAV,"blind_id,word,target_phone"
P27-076,001330126_4,so762_pilot,0133,train,7,STEVEN,n,nasal,001330126,D:\speech-lab\data\speechocean762\WAVE\SPEAKER0133\001330126.WAV,"blind_id,word,target_phone"
P27-077,001330126_8,so762_pilot,0133,train,7,LIKES,s,fricative,001330126,D:\speech-lab\data\speechocean762\WAVE\SPEAKER0133\001330126.WAV,"blind_id,word,target_phone"
P27-078,001330128_5,so762_pilot,0133,train,7,LIKES,s,fricative,001330128,D:\speech-lab\data\speechocean762\WAVE\SPEAKER0133\001330128.WAV,"blind_id,word,target_phone"
P27-079,001330129_3,so762_pilot,0133,train,7,CAN,n,nasal,001330129,D:\speech-lab\data\speechocean762\WAVE\SPEAKER0133\001330129.WAV,"blind_id,word,target_phone"
P27-080,001330129_7,so762_pilot,0133,train,7,SMELL,l,liquid,001330129,D:\speech-lab\data\speechocean762\WAVE\SPEAKER0133\001330129.WAV,"blind_id,word,target_phone"
P27-081,001330129_12,so762_pilot,0133,train,7,SOAP,p,stop,001330129,D:\speech-lab\data\speechocean762\WAVE\SPEAKER0133\001330129.WAV,"blind_id,word,target_phone"
P27-082,001330143_3,so762_pilot,0133,train,7,WILL,l,liquid,001330143,D:\speech-lab\data\speechocean762\WAVE\SPEAKER0133\001330143.WAV,"blind_id,word,target_phone"
P27-083,001330143_6,so762_pilot,0133,train,7,HAVE,v,fricative,001330143,D:\speech-lab\data\speechocean762\WAVE\SPEAKER0133\001330143.WAV,"blind_id,word,target_phone"
P27-084,001330143_14,so762_pilot,0133,train,7,REVENGE,dʒ,affricate,001330143,D:\speech-lab\data\speechocean762\WAVE\SPEAKER0133\001330143.WAV,"blind_id,word,target_phone"
P27-085,001330146_2,so762_pilot,0133,train,7,AND,d,stop,001330146,D:\speech-lab\data\speechocean762\WAVE\SPEAKER0133\001330146.WAV,"blind_id,word,target_phone"
P27-086,001330146_9,so762_pilot,0133,train,7,MAKE,k,stop,001330146,D:\speech-lab\data\speechocean762\WAVE\SPEAKER0133\001330146.WAV,"blind_id,word,target_phone"
P27-087,001330146_15,so762_pilot,0133,train,7,CUPS,s,fricative,001330146,D:\speech-lab\data\speechocean762\WAVE\SPEAKER0133\001330146.WAV,"blind_id,word,target_phone"
P27-088,001330155_9,so762_pilot,0133,train,7,PRINTERS,z,fricative,001330155,D:\speech-lab\data\speechocean762\WAVE\SPEAKER0133\001330155.WAV,"blind_id,word,target_phone"
P27-089,001330170_4,so762_pilot,0133,train,7,CUB,b,stop,001330170,D:\speech-lab\data\speechocean762\WAVE\SPEAKER0133\001330170.WAV,"blind_id,word,target_phone"
P27-090,001330170_6,so762_pilot,0133,train,7,IS,z,fricative,001330170,D:\speech-lab\data\speechocean762\WAVE\SPEAKER0133\001330170.WAV,"blind_id,word,target_phone"
P27-091,001330170_9,so762_pilot,0133,train,7,MINE,n,nasal,001330170,D:\speech-lab\data\speechocean762\WAVE\SPEAKER0133\001330170.WAV,"blind_id,word,target_phone"
P27-092,001330172_4,so762_pilot,0133,train,7,CAN'T,t,stop,001330172,D:\speech-lab\data\speechocean762\WAVE\SPEAKER0133\001330172.WAV,"blind_id,word,target_phone"
P27-093,001330172_9,so762_pilot,0133,train,7,BELIEVE,v,fricative,001330172,D:\speech-lab\data\speechocean762\WAVE\SPEAKER0133\001330172.WAV,"blind_id,word,target_phone"
P27-094,001330172_12,so762_pilot,0133,train,7,THAT,t,stop,001330172,D:\speech-lab\data\speechocean762\WAVE\SPEAKER0133\001330172.WAV,"blind_id,word,target_phone"
P27-095,001490002_7,so762_pilot,0149,train,7,LIKES,s,fricative,001490002,D:\speech-lab\data\speechocean762\WAVE\SPEAKER0149\001490002.WAV,"blind_id,word,target_phone"
P27-096,001490002_16,so762_pilot,0149,train,7,BALLON,ŋ,nasal,001490002,D:\speech-lab\data\speechocean762\WAVE\SPEAKER0149\001490002.WAV,"blind_id,word,target_phone"
P27-097,001490016_2,so762_pilot,0149,train,7,JACK,k,stop,001490016,D:\speech-lab\data\speechocean762\WAVE\SPEAKER0149\001490016.WAV,"blind_id,word,target_phone"
P27-098,001490016_6,so762_pilot,0149,train,7,WENT,t,stop,001490016,D:\speech-lab\data\speechocean762\WAVE\SPEAKER0149\001490016.WAV,"blind_id,word,target_phone"
P27-099,001490024_4,so762_pilot,0149,train,7,DAVID,d,stop,001490024,D:\speech-lab\data\speechocean762\WAVE\SPEAKER0149\001490024.WAV,"blind_id,word,target_phone"
P27-100,001490024_8,so762_pilot,0149,train,7,LIVES,z,fricative,001490024,D:\speech-lab\data\speechocean762\WAVE\SPEAKER0149\001490024.WAV,"blind_id,word,target_phone"
P27-101,001490024_10,so762_pilot,0149,train,7,IN,n,nasal,001490024,D:\speech-lab\data\speechocean762\WAVE\SPEAKER0149\001490024.WAV,"blind_id,word,target_phone"
P27-102,001490024_15,so762_pilot,0149,train,7,JAPAN,n,nasal,001490024,D:\speech-lab\data\speechocean762\WAVE\SPEAKER0149\001490024.WAV,"blind_id,word,target_phone"
P27-103,001490032_2,so762_pilot,0149,train,7,FOUR,ɹ,liquid,001490032,D:\speech-lab\data\speechocean762\WAVE\SPEAKER0149\001490032.WAV,"blind_id,word,target_phone"
P27-104,001490032_8,so762_pilot,0149,train,7,SIX,s,fricative,001490032,D:\speech-lab\data\speechocean762\WAVE\SPEAKER0149\001490032.WAV,"blind_id,word,target_phone"
P27-105,001490032_12,so762_pilot,0149,train,7,SIX,s,fricative,001490032,D:\speech-lab\data\speechocean762\WAVE\SPEAKER0149\001490032.WAV,"blind_id,word,target_phone"
P27-106,001490039_3,so762_pilot,0149,train,7,SEVEN,n,nasal,001490039,D:\speech-lab\data\speechocean762\WAVE\SPEAKER0149\001490039.WAV,"blind_id,word,target_phone"
P27-107,001490039_9,so762_pilot,0149,train,7,NINE,n,nasal,001490039,D:\speech-lab\data\speechocean762\WAVE\SPEAKER0149\001490039.WAV,"blind_id,word,target_phone"
P27-108,001490039_12,so762_pilot,0149,train,7,NINE,n,nasal,001490039,D:\speech-lab\data\speechocean762\WAVE\SPEAKER0149\001490039.WAV,"blind_id,word,target_phone"
P27-109,001490045_6,so762_pilot,0149,train,7,IS,z,fricative,001490045,D:\speech-lab\data\speechocean762\WAVE\SPEAKER0149\001490045.WAV,"blind_id,word,target_phone"
P27-110,001490045_9,so762_pilot,0149,train,7,GOOD,d,stop,001490045,D:\speech-lab\data\speechocean762\WAVE\SPEAKER0149\001490045.WAV,"blind_id,word,target_phone"
P27-111,001490045_11,so762_pilot,0149,train,7,AT,t,stop,001490045,D:\speech-lab\data\speechocean762\WAVE\SPEAKER0149\001490045.WAV,"blind_id,word,target_phone"
P27-112,001490045_14,so762_pilot,0149,train,7,ROCK,k,stop,001490045,D:\speech-lab\data\speechocean762\WAVE\SPEAKER0149\001490045.WAV,"blind_id,word,target_phone"
P27-113,001490045_20,so762_pilot,0149,train,7,CLIMBING,ŋ,nasal,001490045,D:\speech-lab\data\speechocean762\WAVE\SPEAKER0149\001490045.WAV,"blind_id,word,target_phone"
P27-114,001490052_5,so762_pilot,0149,train,7,IS,z,fricative,001490052,D:\speech-lab\data\speechocean762\WAVE\SPEAKER0149\001490052.WAV,"blind_id,word,target_phone"
P27-115,001490052_8,so762_pilot,0149,train,7,GOOD,d,stop,001490052,D:\speech-lab\data\speechocean762\WAVE\SPEAKER0149\001490052.WAV,"blind_id,word,target_phone"
P27-116,001490052_10,so762_pilot,0149,train,7,AT,t,stop,001490052,D:\speech-lab\data\speechocean762\WAVE\SPEAKER0149\001490052.WAV,"blind_id,word,target_phone"
P27-117,001490052_15,so762_pilot,0149,train,7,RUNNING,ŋ,nasal,001490052,D:\speech-lab\data\speechocean762\WAVE\SPEAKER0149\001490052.WAV,"blind_id,word,target_phone"
P27-118,001490056_6,so762_pilot,0149,train,7,LATE,t,stop,001490056,D:\speech-lab\data\speechocean762\WAVE\SPEAKER0149\001490056.WAV,"blind_id,word,target_phone"
P27-119,001490056_11,so762_pilot,0149,train,7,LITTLE,l,liquid,001490056,D:\speech-lab\data\speechocean762\WAVE\SPEAKER0149\001490056.WAV,"blind_id,word,target_phone"
P27-120,001490056_14,so762_pilot,0149,train,7,RICE,s,fricative,001490056,D:\speech-lab\data\speechocean762\WAVE\SPEAKER0149\001490056.WAV,"blind_id,word,target_phone"
P27-121,001490077_7,so762_pilot,0149,train,7,LIKES,s,fricative,001490077,D:\speech-lab\data\speechocean762\WAVE\SPEAKER0149\001490077.WAV,"blind_id,word,target_phone"
P27-122,001490077_11,so762_pilot,0149,train,7,LIKES,s,fricative,001490077,D:\speech-lab\data\speechocean762\WAVE\SPEAKER0149\001490077.WAV,"blind_id,word,target_phone"
P27-123,001490077_16,so762_pilot,0149,train,7,RED,d,stop,001490077,D:\speech-lab\data\speechocean762\WAVE\SPEAKER0149\001490077.WAV,"blind_id,word,target_phone"
P27-124,001490077_21,so762_pilot,0149,train,7,GLOVES,z,fricative,001490077,D:\speech-lab\data\speechocean762\WAVE\SPEAKER0149\001490077.WAV,"blind_id,word,target_phone"
P27-125,001490080_7,so762_pilot,0149,train,7,LIKES,s,fricative,001490080,D:\speech-lab\data\speechocean762\WAVE\SPEAKER0149\001490080.WAV,"blind_id,word,target_phone"
P27-126,001490080_16,so762_pilot,0149,train,7,BOOTS,s,fricative,001490080,D:\speech-lab\data\speechocean762\WAVE\SPEAKER0149\001490080.WAV,"blind_id,word,target_phone"
P27-127,001490093_6,so762_pilot,0149,train,7,CAN,n,nasal,001490093,D:\speech-lab\data\speechocean762\WAVE\SPEAKER0149\001490093.WAV,"blind_id,word,target_phone"
P27-128,001490093_17,so762_pilot,0149,train,7,CLASSROOM,m,nasal,001490093,D:\speech-lab\data\speechocean762\WAVE\SPEAKER0149\001490093.WAV,"blind_id,word,target_phone"
P27-129,001490101_2,so762_pilot,0149,train,7,WHEN,n,nasal,001490101,D:\speech-lab\data\speechocean762\WAVE\SPEAKER0149\001490101.WAV,"blind_id,word,target_phone"
P27-130,001490101_10,so762_pilot,0149,train,7,WALKED,t,stop,001490101,D:\speech-lab\data\speechocean762\WAVE\SPEAKER0149\001490101.WAV,"blind_id,word,target_phone"
P27-131,001490109_2,so762_pilot,0149,train,7,MIKE,k,stop,001490109,D:\speech-lab\data\speechocean762\WAVE\SPEAKER0149\001490109.WAV,"blind_id,word,target_phone"
P27-132,001490109_5,so762_pilot,0149,train,7,GOT,t,stop,001490109,D:\speech-lab\data\speechocean762\WAVE\SPEAKER0149\001490109.WAV,"blind_id,word,target_phone"
P27-133,001490109_10,so762_pilot,0149,train,7,PEN,n,nasal,001490109,D:\speech-lab\data\speechocean762\WAVE\SPEAKER0149\001490109.WAV,"blind_id,word,target_phone"
P27-134,001490127_7,so762_pilot,0149,train,7,LIVES,z,fricative,001490127,D:\speech-lab\data\speechocean762\WAVE\SPEAKER0149\001490127.WAV,"blind_id,word,target_phone"
P27-135,001490127_9,so762_pilot,0149,train,7,IN,n,nasal,001490127,D:\speech-lab\data\speechocean762\WAVE\SPEAKER0149\001490127.WAV,"blind_id,word,target_phone"
P27-136,001490131_4,so762_pilot,0149,train,7,ASKED,t,stop,001490131,D:\speech-lab\data\speechocean762\WAVE\SPEAKER0149\001490131.WAV,"blind_id,word,target_phone"
P27-137,001490131_9,so762_pilot,0149,train,7,MOON,n,nasal,001490131,D:\speech-lab\data\speechocean762\WAVE\SPEAKER0149\001490131.WAV,"blind_id,word,target_phone"
P27-138,001490138_2,so762_pilot,0149,train,7,DAD,d,stop,001490138,D:\speech-lab\data\speechocean762\WAVE\SPEAKER0149\001490138.WAV,"blind_id,word,target_phone"
P27-139,001490138_5,so762_pilot,0149,train,7,GOT,t,stop,001490138,D:\speech-lab\data\speechocean762\WAVE\SPEAKER0149\001490138.WAV,"blind_id,word,target_phone"
P27-140,001490138_12,so762_pilot,0149,train,7,PAINTS,s,fricative,001490138,D:\speech-lab\data\speechocean762\WAVE\SPEAKER0149\001490138.WAV,"blind_id,word,target_phone"
P27-141,001490153_1,so762_pilot,0149,train,7,AT,t,stop,001490153,D:\speech-lab\data\speechocean762\WAVE\SPEAKER0149\001490153.WAV,"blind_id,word,target_phone"
P27-142,001490153_5,so762_pilot,0149,train,7,SCHOOL,l,liquid,001490153,D:\speech-lab\data\speechocean762\WAVE\SPEAKER0149\001490153.WAV,"blind_id,word,target_phone"
P27-143,001490153_8,so762_pilot,0149,train,7,BEN,n,nasal,001490153,D:\speech-lab\data\speechocean762\WAVE\SPEAKER0149\001490153.WAV,"blind_id,word,target_phone"
P27-144,001490153_11,so762_pilot,0149,train,7,WAS,z,fricative,001490153,D:\speech-lab\data\speechocean762\WAVE\SPEAKER0149\001490153.WAV,"blind_id,word,target_phone"
P27-145,001490153_16,so762_pilot,0149,train,7,PLAYING,ŋ,nasal,001490153,D:\speech-lab\data\speechocean762\WAVE\SPEAKER0149\001490153.WAV,"blind_id,word,target_phone"
P27-146,001490155_2,so762_pilot,0149,train,7,WELL,l,liquid,001490155,D:\speech-lab\data\speechocean762\WAVE\SPEAKER0149\001490155.WAV,"blind_id,word,target_phone"
P27-147,001490161_4,so762_pilot,0149,train,7,IS,z,fricative,001490161,D:\speech-lab\data\speechocean762\WAVE\SPEAKER0149\001490161.WAV,"blind_id,word,target_phone"
P27-148,001490161_9,so762_pilot,0149,train,7,CHEESE,z,fricative,001490161,D:\speech-lab\data\speechocean762\WAVE\SPEAKER0149\001490161.WAV,"blind_id,word,target_phone"
P27-149,001490171_3,so762_pilot,0149,train,7,PLEASE,z,fricative,001490171,D:\speech-lab\data\speechocean762\WAVE\SPEAKER0149\001490171.WAV,"blind_id,word,target_phone"
P27-150,001490171_7,so762_pilot,0149,train,7,PLEASE,z,fricative,001490171,D:\speech-lab\data\speechocean762\WAVE\SPEAKER0149\001490171.WAV,"blind_id,word,target_phone"
P27-151,010420022_7,so762_pilot,1042,train,7,LIVED,d,stop,010420022,D:\speech-lab\data\speechocean762\WAVE\SPEAKER1042\010420022.WAV,"blind_id,word,target_phone"
P27-152,010420022_9,so762_pilot,1042,train,7,IN,n,nasal,010420022,D:\speech-lab\data\speechocean762\WAVE\SPEAKER1042\010420022.WAV,"blind_id,word,target_phone"
P27-153,010420022_13,so762_pilot,1042,train,7,FANS,z,fricative,010420022,D:\speech-lab\data\speechocean762\WAVE\SPEAKER1042\010420022.WAV,"blind_id,word,target_phone"
P27-154,010420023_2,so762_pilot,1042,train,7,JACK,k,stop,010420023,D:\speech-lab\data\speechocean762\WAVE\SPEAKER1042\010420023.WAV,"blind_id,word,target_phone"
P27-155,010420023_4,so762_pilot,1042,train,7,IS,z,fricative,010420023,D:\speech-lab\data\speechocean762\WAVE\SPEAKER1042\010420023.WAV,"blind_id,word,target_phone"
P27-156,010420023_8,so762_pilot,1042,train,7,FROM,m,nasal,010420023,D:\speech-lab\data\speechocean762\WAVE\SPEAKER1042\010420023.WAV,"blind_id,word,target_phone"
P27-157,010420025_6,so762_pilot,1042,train,7,IS,z,fricative,010420025,D:\speech-lab\data\speechocean762\WAVE\SPEAKER1042\010420025.WAV,"blind_id,word,target_phone"
P27-158,010420025_10,so762_pilot,1042,train,7,FROM,m,nasal,010420025,D:\speech-lab\data\speechocean762\WAVE\SPEAKER1042\010420025.WAV,"blind_id,word,target_phone"
P27-159,010420034_2,so762_pilot,1042,train,7,ONE,n,nasal,010420034,D:\speech-lab\data\speechocean762\WAVE\SPEAKER1042\010420034.WAV,"blind_id,word,target_phone"
P27-160,010420034_6,so762_pilot,1042,train,7,SEVEN,n,nasal,010420034,D:\speech-lab\data\speechocean762\WAVE\SPEAKER1042\010420034.WAV,"blind_id,word,target_phone"
P27-161,010420034_9,so762_pilot,1042,train,7,FIVE,v,fricative,010420034,D:\speech-lab\data\speechocean762\WAVE\SPEAKER1042\010420034.WAV,"blind_id,word,target_phone"
P27-162,010420034_12,so762_pilot,1042,train,7,FIVE,v,fricative,010420034,D:\speech-lab\data\speechocean762\WAVE\SPEAKER1042\010420034.WAV,"blind_id,word,target_phone"
P27-163,010420040_2,so762_pilot,1042,train,7,NINE,n,nasal,010420040,D:\speech-lab\data\speechocean762\WAVE\SPEAKER1042\010420040.WAV,"blind_id,word,target_phone"
P27-164,010420040_6,so762_pilot,1042,train,7,SIX,s,fricative,010420040,D:\speech-lab\data\speechocean762\WAVE\SPEAKER1042\010420040.WAV,"blind_id,word,target_phone"
P27-165,010420040_11,so762_pilot,1042,train,7,ONE,n,nasal,010420040,D:\speech-lab\data\speechocean762\WAVE\SPEAKER1042\010420040.WAV,"blind_id,word,target_phone"
P27-166,010420047_6,so762_pilot,1042,train,7,NINE,n,nasal,010420047,D:\speech-lab\data\speechocean762\WAVE\SPEAKER1042\010420047.WAV,"blind_id,word,target_phone"
P27-167,010420059_3,so762_pilot,1042,train,7,LOVES,z,fricative,010420059,D:\speech-lab\data\speechocean762\WAVE\SPEAKER1042\010420059.WAV,"blind_id,word,target_phone"
P27-168,010420059_7,so762_pilot,1042,train,7,SMELL,l,liquid,010420059,D:\speech-lab\data\speechocean762\WAVE\SPEAKER1042\010420059.WAV,"blind_id,word,target_phone"
P27-169,010420059_11,so762_pilot,1042,train,7,FRESH,ʃ,fricative,010420059,D:\speech-lab\data\speechocean762\WAVE\SPEAKER1042\010420059.WAV,"blind_id,word,target_phone"
P27-170,010420059_14,so762_pilot,1042,train,7,BUFF,f,fricative,010420059,D:\speech-lab\data\speechocean762\WAVE\SPEAKER1042\010420059.WAV,"blind_id,word,target_phone"
P27-171,010420060_6,so762_pilot,1042,train,7,GOT,t,stop,010420060,D:\speech-lab\data\speechocean762\WAVE\SPEAKER1042\010420060.WAV,"blind_id,word,target_phone"
P27-172,010420060_9,so762_pilot,1042,train,7,SOME,m,nasal,010420060,D:\speech-lab\data\speechocean762\WAVE\SPEAKER1042\010420060.WAV,"blind_id,word,target_phone"
P27-173,010420064_4,so762_pilot,1042,train,7,DAVID,d,stop,010420064,D:\speech-lab\data\speechocean762\WAVE\SPEAKER1042\010420064.WAV,"blind_id,word,target_phone"
P27-174,010420064_7,so762_pilot,1042,train,7,GOT,t,stop,010420064,D:\speech-lab\data\speechocean762\WAVE\SPEAKER1042\010420064.WAV,"blind_id,word,target_phone"
P27-175,010420064_10,so762_pilot,1042,train,7,SOME,m,nasal,010420064,D:\speech-lab\data\speechocean762\WAVE\SPEAKER1042\010420064.WAV,"blind_id,word,target_phone"
P27-176,010420064_13,so762_pilot,1042,train,7,LAMB,m,nasal,010420064,D:\speech-lab\data\speechocean762\WAVE\SPEAKER1042\010420064.WAV,"blind_id,word,target_phone"
P27-177,010420102_7,so762_pilot,1042,train,7,GOT,t,stop,010420102,D:\speech-lab\data\speechocean762\WAVE\SPEAKER1042\010420102.WAV,"blind_id,word,target_phone"
P27-178,010420102_9,so762_pilot,1042,train,7,ON,n,nasal,010420102,D:\speech-lab\data\speechocean762\WAVE\SPEAKER1042\010420102.WAV,"blind_id,word,target_phone"
P27-179,010420102_17,so762_pilot,1042,train,7,CARES,z,fricative,010420102,D:\speech-lab\data\speechocean762\WAVE\SPEAKER1042\010420102.WAV,"blind_id,word,target_phone"
P27-180,010420105_2,so762_pilot,1042,train,7,JACK,k,stop,010420105,D:\speech-lab\data\speechocean762\WAVE\SPEAKER1042\010420105.WAV,"blind_id,word,target_phone"
P27-181,010420105_5,so762_pilot,1042,train,7,WAS,z,fricative,010420105,D:\speech-lab\data\speechocean762\WAVE\SPEAKER1042\010420105.WAV,"blind_id,word,target_phone"
P27-182,010420105_10,so762_pilot,1042,train,7,WALKING,ŋ,nasal,010420105,D:\speech-lab\data\speechocean762\WAVE\SPEAKER1042\010420105.WAV,"blind_id,word,target_phone"
P27-183,010420105_15,so762_pilot,1042,train,7,FAT,t,stop,010420105,D:\speech-lab\data\speechocean762\WAVE\SPEAKER1042\010420105.WAV,"blind_id,word,target_phone"
P27-184,010420107_9,so762_pilot,1042,train,7,WHEN,n,nasal,010420107,D:\speech-lab\data\speechocean762\WAVE\SPEAKER1042\010420107.WAV,"blind_id,word,target_phone"
P27-185,010420107_11,so762_pilot,1042,train,7,ON,n,nasal,010420107,D:\speech-lab\data\speechocean762\WAVE\SPEAKER1042\010420107.WAV,"blind_id,word,target_phone"
P27-186,010420129_5,so762_pilot,1042,train,7,LOVES,z,fricative,010420129,D:\speech-lab\data\speechocean762\WAVE\SPEAKER1042\010420129.WAV,"blind_id,word,target_phone"
P27-187,010420129_8,so762_pilot,1042,train,7,BACK,k,stop,010420129,D:\speech-lab\data\speechocean762\WAVE\SPEAKER1042\010420129.WAV,"blind_id,word,target_phone"
P27-188,010420129_14,so762_pilot,1042,train,7,MUSHROOM,m,nasal,010420129,D:\speech-lab\data\speechocean762\WAVE\SPEAKER1042\010420129.WAV,"blind_id,word,target_phone"
P27-189,010420133_4,so762_pilot,1042,train,7,DAVID,d,stop,010420133,D:\speech-lab\data\speechocean762\WAVE\SPEAKER1042\010420133.WAV,"blind_id,word,target_phone"
P27-190,010420133_7,so762_pilot,1042,train,7,THIS,s,fricative,010420133,D:\speech-lab\data\speechocean762\WAVE\SPEAKER1042\010420133.WAV,"blind_id,word,target_phone"
P27-191,010420133_9,so762_pilot,1042,train,7,IS,z,fricative,010420133,D:\speech-lab\data\speechocean762\WAVE\SPEAKER1042\010420133.WAV,"blind_id,word,target_phone"
P27-192,010420134_6,so762_pilot,1042,train,7,GOT,t,stop,010420134,D:\speech-lab\data\speechocean762\WAVE\SPEAKER1042\010420134.WAV,"blind_id,word,target_phone"
P27-193,010420134_15,so762_pilot,1042,train,7,EGGPLANT,t,stop,010420134,D:\speech-lab\data\speechocean762\WAVE\SPEAKER1042\010420134.WAV,"blind_id,word,target_phone"
P27-194,010420143_3,so762_pilot,1042,train,7,ALICE,s,fricative,010420143,D:\speech-lab\data\speechocean762\WAVE\SPEAKER1042\010420143.WAV,"blind_id,word,target_phone"
P27-195,010420143_6,so762_pilot,1042,train,7,WILL,l,liquid,010420143,D:\speech-lab\data\speechocean762\WAVE\SPEAKER1042\010420143.WAV,"blind_id,word,target_phone"
P27-196,010420143_10,so762_pilot,1042,train,7,ARRIVE,v,fricative,010420143,D:\speech-lab\data\speechocean762\WAVE\SPEAKER1042\010420143.WAV,"blind_id,word,target_phone"
P27-197,010420143_12,so762_pilot,1042,train,7,IN,n,nasal,010420143,D:\speech-lab\data\speechocean762\WAVE\SPEAKER1042\010420143.WAV,"blind_id,word,target_phone"
P27-198,010420143_24,so762_pilot,1042,train,7,SIXTH,θ,fricative,010420143,D:\speech-lab\data\speechocean762\WAVE\SPEAKER1042\010420143.WAV,"blind_id,word,target_phone"
P27-199,010420151_2,so762_pilot,1042,train,7,THAT,t,stop,010420151,D:\speech-lab\data\speechocean762\WAVE\SPEAKER1042\010420151.WAV,"blind_id,word,target_phone"
P27-200,010420151_4,so762_pilot,1042,train,7,IS,z,fricative,010420151,D:\speech-lab\data\speechocean762\WAVE\SPEAKER1042\010420151.WAV,"blind_id,word,target_phone"
P27-201,010420151_9,so762_pilot,1042,train,7,NAME,m,nasal,010420151,D:\speech-lab\data\speechocean762\WAVE\SPEAKER1042\010420151.WAV,"blind_id,word,target_phone"
P27-202,010420157_6,so762_pilot,1042,train,7,BEAUTIFUL,l,liquid,010420157,D:\speech-lab\data\speechocean762\WAVE\SPEAKER1042\010420157.WAV,"blind_id,word,target_phone"
P27-203,010420157_11,so762_pilot,1042,train,7,NAME,m,nasal,010420157,D:\speech-lab\data\speechocean762\WAVE\SPEAKER1042\010420157.WAV,"blind_id,word,target_phone"
P27-204,010420157_13,so762_pilot,1042,train,7,IS,z,fricative,010420157,D:\speech-lab\data\speechocean762\WAVE\SPEAKER1042\010420157.WAV,"blind_id,word,target_phone"
P27-205,010420167_3,so762_pilot,1042,train,7,HAVE,v,fricative,010420167,D:\speech-lab\data\speechocean762\WAVE\SPEAKER1042\010420167.WAV,"blind_id,word,target_phone"
P27-206,010420167_8,so762_pilot,1042,train,7,ONE,n,nasal,010420167,D:\speech-lab\data\speechocean762\WAVE\SPEAKER1042\010420167.WAV,"blind_id,word,target_phone"
P27-207,010420167_11,so762_pilot,1042,train,7,BUT,t,stop,010420167,D:\speech-lab\data\speechocean762\WAVE\SPEAKER1042\010420167.WAV,"blind_id,word,target_phone"
P27-208,010420175_6,so762_pilot,1042,train,7,LIKE,k,stop,010420175,D:\speech-lab\data\speechocean762\WAVE\SPEAKER1042\010420175.WAV,"blind_id,word,target_phone"
P27-209,010420175_8,so762_pilot,1042,train,7,IT,t,stop,010420175,D:\speech-lab\data\speechocean762\WAVE\SPEAKER1042\010420175.WAV,"blind_id,word,target_phone"
P27-210,010440006_6,so762_pilot,1044,train,7,IS,z,fricative,010440006,D:\speech-lab\data\speechocean762\WAVE\SPEAKER1044\010440006.WAV,"blind_id,word,target_phone"
P27-211,010440006_10,so762_pilot,1044,train,7,GOING,ŋ,nasal,010440006,D:\speech-lab\data\speechocean762\WAVE\SPEAKER1044\010440006.WAV,"blind_id,word,target_phone"
P27-212,010440006_17,so762_pilot,1044,train,7,SHARK,k,stop,010440006,D:\speech-lab\data\speechocean762\WAVE\SPEAKER1044\010440006.WAV,"blind_id,word,target_phone"
P27-213,010440008_4,so762_pilot,1044,train,7,DAVID,d,stop,010440008,D:\speech-lab\data\speechocean762\WAVE\SPEAKER1044\010440008.WAV,"blind_id,word,target_phone"
P27-214,010440008_7,so762_pilot,1044,train,7,CAN,n,nasal,010440008,D:\speech-lab\data\speechocean762\WAVE\SPEAKER1044\010440008.WAV,"blind_id,word,target_phone"
P27-215,010440008_11,so762_pilot,1044,train,7,PAINT,t,stop,010440008,D:\speech-lab\data\speechocean762\WAVE\SPEAKER1044\010440008.WAV,"blind_id,word,target_phone"
P27-216,010440012_6,so762_pilot,1044,train,7,RAN,n,nasal,010440012,D:\speech-lab\data\speechocean762\WAVE\SPEAKER1044\010440012.WAV,"blind_id,word,target_phone"
P27-217,010440012_13,so762_pilot,1044,train,7,FROM,m,nasal,010440012,D:\speech-lab\data\speechocean762\WAVE\SPEAKER1044\010440012.WAV,"blind_id,word,target_phone"
P27-218,010440012_20,so762_pilot,1044,train,7,SQUID,d,stop,010440012,D:\speech-lab\data\speechocean762\WAVE\SPEAKER1044\010440012.WAV,"blind_id,word,target_phone"
P27-219,010440017_2,so762_pilot,1044,train,7,TIM,m,nasal,010440017,D:\speech-lab\data\speechocean762\WAVE\SPEAKER1044\010440017.WAV,"blind_id,word,target_phone"
P27-220,010440017_6,so762_pilot,1044,train,7,WENT,t,stop,010440017,D:\speech-lab\data\speechocean762\WAVE\SPEAKER1044\010440017.WAV,"blind_id,word,target_phone"
P27-221,010440038_3,so762_pilot,1044,train,7,SEVEN,n,nasal,010440038,D:\speech-lab\data\speechocean762\WAVE\SPEAKER1044\010440038.WAV,"blind_id,word,target_phone"
P27-222,010440038_6,so762_pilot,1044,train,7,FOUR,ɹ,liquid,010440038,D:\speech-lab\data\speechocean762\WAVE\SPEAKER1044\010440038.WAV,"blind_id,word,target_phone"
P27-223,010440038_9,so762_pilot,1044,train,7,ONE,n,nasal,010440038,D:\speech-lab\data\speechocean762\WAVE\SPEAKER1044\010440038.WAV,"blind_id,word,target_phone"
P27-224,010440039_6,so762_pilot,1044,train,7,SIX,s,fricative,010440039,D:\speech-lab\data\speechocean762\WAVE\SPEAKER1044\010440039.WAV,"blind_id,word,target_phone"
P27-225,010440039_9,so762_pilot,1044,train,7,FOUR,ɹ,liquid,010440039,D:\speech-lab\data\speechocean762\WAVE\SPEAKER1044\010440039.WAV,"blind_id,word,target_phone"
P27-226,010440039_13,so762_pilot,1044,train,7,SEVEN,n,nasal,010440039,D:\speech-lab\data\speechocean762\WAVE\SPEAKER1044\010440039.WAV,"blind_id,word,target_phone"
P27-227,010440053_4,so762_pilot,1044,train,7,DAVID,d,stop,010440053,D:\speech-lab\data\speechocean762\WAVE\SPEAKER1044\010440053.WAV,"blind_id,word,target_phone"
P27-228,010440053_6,so762_pilot,1044,train,7,IS,z,fricative,010440053,D:\speech-lab\data\speechocean762\WAVE\SPEAKER1044\010440053.WAV,"blind_id,word,target_phone"
P27-229,010440053_8,so762_pilot,1044,train,7,AN,n,nasal,010440053,D:\speech-lab\data\speechocean762\WAVE\SPEAKER1044\010440053.WAV,"blind_id,word,target_phone"
P27-230,010440053_14,so762_pilot,1044,train,7,EXPERT,t,stop,010440053,D:\speech-lab\data\speechocean762\WAVE\SPEAKER1044\010440053.WAV,"blind_id,word,target_phone"
P27-231,010440053_16,so762_pilot,1044,train,7,AT,t,stop,010440053,D:\speech-lab\data\speechocean762\WAVE\SPEAKER1044\010440053.WAV,"blind_id,word,target_phone"
P27-232,010440053_24,so762_pilot,1044,train,7,AMERICAN,n,nasal,010440053,D:\speech-lab\data\speechocean762\WAVE\SPEAKER1044\010440053.WAV,"blind_id,word,target_phone"
P27-233,010440053_30,so762_pilot,1044,train,7,FOOTBALL,l,liquid,010440053,D:\speech-lab\data\speechocean762\WAVE\SPEAKER1044\010440053.WAV,"blind_id,word,target_phone"
P27-234,010440064_2,so762_pilot,1044,train,7,DOES,z,fricative,010440064,D:\speech-lab\data\speechocean762\WAVE\SPEAKER1044\010440064.WAV,"blind_id,word,target_phone"
P27-235,010440064_5,so762_pilot,1044,train,7,NEIL,l,liquid,010440064,D:\speech-lab\data\speechocean762\WAVE\SPEAKER1044\010440064.WAV,"blind_id,word,target_phone"
P27-236,010440064_8,so762_pilot,1044,train,7,LIKE,k,stop,010440064,D:\speech-lab\data\speechocean762\WAVE\SPEAKER1044\010440064.WAV,"blind_id,word,target_phone"
P27-237,010440064_15,so762_pilot,1044,train,7,NOODLES,z,fricative,010440064,D:\speech-lab\data\speechocean762\WAVE\SPEAKER1044\010440064.WAV,"blind_id,word,target_phone"
P27-238,010440077_3,so762_pilot,1044,train,7,LET'S,s,fricative,010440077,D:\speech-lab\data\speechocean762\WAVE\SPEAKER1044\010440077.WAV,"blind_id,word,target_phone"
P27-239,010440077_10,so762_pilot,1044,train,7,JACK'S,s,fricative,010440077,D:\speech-lab\data\speechocean762\WAVE\SPEAKER1044\010440077.WAV,"blind_id,word,target_phone"
P27-240,010440077_12,so762_pilot,1044,train,7,ARM,m,nasal,010440077,D:\speech-lab\data\speechocean762\WAVE\SPEAKER1044\010440077.WAV,"blind_id,word,target_phone"
P27-241,010440093_4,so762_pilot,1044,train,7,IS,z,fricative,010440093,D:\speech-lab\data\speechocean762\WAVE\SPEAKER1044\010440093.WAV,"blind_id,word,target_phone"
P27-242,010440093_9,so762_pilot,1044,train,7,LAYLA'S,z,fricative,010440093,D:\speech-lab\data\speechocean762\WAVE\SPEAKER1044\010440093.WAV,"blind_id,word,target_phone"
P27-243,010440093_13,so762_pilot,1044,train,7,CLOTH,θ,fricative,010440093,D:\speech-lab\data\speechocean762\WAVE\SPEAKER1044\010440093.WAV,"blind_id,word,target_phone"
P27-244,010440099_2,so762_pilot,1044,train,7,WHAT,t,stop,010440099,D:\speech-lab\data\speechocean762\WAVE\SPEAKER1044\010440099.WAV,"blind_id,word,target_phone"
P27-245,010440099_4,so762_pilot,1044,train,7,OUT,t,stop,010440099,D:\speech-lab\data\speechocean762\WAVE\SPEAKER1044\010440099.WAV,"blind_id,word,target_phone"
P27-246,010440099_9,so762_pilot,1044,train,7,CAR,ɹ,liquid,010440099,D:\speech-lab\data\speechocean762\WAVE\SPEAKER1044\010440099.WAV,"blind_id,word,target_phone"
P27-247,010440106_4,so762_pilot,1044,train,7,NEIL,l,liquid,010440106,D:\speech-lab\data\speechocean762\WAVE\SPEAKER1044\010440106.WAV,"blind_id,word,target_phone"
P27-248,010440106_8,so762_pilot,1044,train,7,WENT,t,stop,010440106,D:\speech-lab\data\speechocean762\WAVE\SPEAKER1044\010440106.WAV,"blind_id,word,target_phone"
P27-249,010440106_10,so762_pilot,1044,train,7,ON,n,nasal,010440106,D:\speech-lab\data\speechocean762\WAVE\SPEAKER1044\010440106.WAV,"blind_id,word,target_phone"
P27-250,010440107_2,so762_pilot,1044,train,7,THEN,n,nasal,010440107,D:\speech-lab\data\speechocean762\WAVE\SPEAKER1044\010440107.WAV,"blind_id,word,target_phone"
P27-251,010440107_10,so762_pilot,1044,train,7,WALKED,t,stop,010440107,D:\speech-lab\data\speechocean762\WAVE\SPEAKER1044\010440107.WAV,"blind_id,word,target_phone"
P27-252,010440107_15,so762_pilot,1044,train,7,THEM,m,nasal,010440107,D:\speech-lab\data\speechocean762\WAVE\SPEAKER1044\010440107.WAV,"blind_id,word,target_phone"
P27-253,010440107_18,so762_pilot,1044,train,7,PARK,k,stop,010440107,D:\speech-lab\data\speechocean762\WAVE\SPEAKER1044\010440107.WAV,"blind_id,word,target_phone"
P27-254,010440117_2,so762_pilot,1044,train,7,THEN,n,nasal,010440117,D:\speech-lab\data\speechocean762\WAVE\SPEAKER1044\010440117.WAV,"blind_id,word,target_phone"
P27-255,010440117_7,so762_pilot,1044,train,7,DAVID,d,stop,010440117,D:\speech-lab\data\speechocean762\WAVE\SPEAKER1044\010440117.WAV,"blind_id,word,target_phone"
P27-256,010440117_11,so762_pilot,1044,train,7,WALKED,t,stop,010440117,D:\speech-lab\data\speechocean762\WAVE\SPEAKER1044\010440117.WAV,"blind_id,word,target_phone"
P27-257,010440117_16,so762_pilot,1044,train,7,PARK,k,stop,010440117,D:\speech-lab\data\speechocean762\WAVE\SPEAKER1044\010440117.WAV,"blind_id,word,target_phone"
P27-258,010440119_5,so762_pilot,1044,train,7,IS,z,fricative,010440119,D:\speech-lab\data\speechocean762\WAVE\SPEAKER1044\010440119.WAV,"blind_id,word,target_phone"
P27-259,010440119_10,so762_pilot,1044,train,7,DRAWING,ŋ,nasal,010440119,D:\speech-lab\data\speechocean762\WAVE\SPEAKER1044\010440119.WAV,"blind_id,word,target_phone"
P27-260,010440119_18,so762_pilot,1044,train,7,MUSHROOM,m,nasal,010440119,D:\speech-lab\data\speechocean762\WAVE\SPEAKER1044\010440119.WAV,"blind_id,word,target_phone"
P27-261,010440120_7,so762_pilot,1044,train,7,LOVES,z,fricative,010440120,D:\speech-lab\data\speechocean762\WAVE\SPEAKER1044\010440120.WAV,"blind_id,word,target_phone"
P27-262,010440127_3,so762_pilot,1044,train,7,LOWEN,n,nasal,010440127,D:\speech-lab\data\speechocean762\WAVE\SPEAKER1044\010440127.WAV,"blind_id,word,target_phone"
P27-263,010440127_6,so762_pilot,1044,train,7,THIS,s,fricative,010440127,D:\speech-lab\data\speechocean762\WAVE\SPEAKER1044\010440127.WAV,"blind_id,word,target_phone"
P27-264,010440127_8,so762_pilot,1044,train,7,IS,z,fricative,010440127,D:\speech-lab\data\speechocean762\WAVE\SPEAKER1044\010440127.WAV,"blind_id,word,target_phone"
P27-265,010440127_13,so762_pilot,1044,train,7,CARROT,t,stop,010440127,D:\speech-lab\data\speechocean762\WAVE\SPEAKER1044\010440127.WAV,"blind_id,word,target_phone"
P27-266,010440149_2,so762_pilot,1044,train,7,CAN,n,nasal,010440149,D:\speech-lab\data\speechocean762\WAVE\SPEAKER1044\010440149.WAV,"blind_id,word,target_phone"
P27-267,010440150_2,so762_pilot,1044,train,7,LOOK,k,stop,010440150,D:\speech-lab\data\speechocean762\WAVE\SPEAKER1044\010440150.WAV,"blind_id,word,target_phone"
P27-268,010440150_4,so762_pilot,1044,train,7,AT,t,stop,010440150,D:\speech-lab\data\speechocean762\WAVE\SPEAKER1044\010440150.WAV,"blind_id,word,target_phone"
P27-269,010440150_9,so762_pilot,1044,train,7,OLD,d,stop,010440150,D:\speech-lab\data\speechocean762\WAVE\SPEAKER1044\010440150.WAV,"blind_id,word,target_phone"
P27-270,010440150_12,so762_pilot,1044,train,7,HOUSE,s,fricative,010440150,D:\speech-lab\data\speechocean762\WAVE\SPEAKER1044\010440150.WAV,"blind_id,word,target_phone"
P27-271,010440154_5,so762_pilot,1044,train,7,NOT,t,stop,010440154,D:\speech-lab\data\speechocean762\WAVE\SPEAKER1044\010440154.WAV,"blind_id,word,target_phone"
P27-272,010440154_9,so762_pilot,1044,train,7,GOING,ŋ,nasal,010440154,D:\speech-lab\data\speechocean762\WAVE\SPEAKER1044\010440154.WAV,"blind_id,word,target_phone"
P27-273,010460017_3,so762_pilot,1046,dev,7,SAND,d,stop,010460017,D:\speech-lab\data\speechocean762\WAVE\SPEAKER1046\010460017.WAV,"blind_id,word,target_phone"
P27-274,010460017_6,so762_pilot,1046,dev,7,RAN,n,nasal,010460017,D:\speech-lab\data\speechocean762\WAVE\SPEAKER1046\010460017.WAV,"blind_id,word,target_phone"
P27-275,010460017_13,so762_pilot,1046,dev,7,FROM,m,nasal,010460017,D:\speech-lab\data\speechocean762\WAVE\SPEAKER1046\010460017.WAV,"blind_id,word,target_phone"
P27-276,010460020_6,so762_pilot,1046,dev,7,CAN,n,nasal,010460020,D:\speech-lab\data\speechocean762\WAVE\SPEAKER1046\010460020.WAV,"blind_id,word,target_phone"
P27-277,010460030_9,so762_pilot,1046,dev,7,SIX,s,fricative,010460030,D:\speech-lab\data\speechocean762\WAVE\SPEAKER1046\010460030.WAV,"blind_id,word,target_phone"
P27-278,010460034_2,so762_pilot,1046,dev,7,ONE,n,nasal,010460034,D:\speech-lab\data\speechocean762\WAVE\SPEAKER1046\010460034.WAV,"blind_id,word,target_phone"
P27-279,010460034_4,so762_pilot,1046,dev,7,EIGHT,t,stop,010460034,D:\speech-lab\data\speechocean762\WAVE\SPEAKER1046\010460034.WAV,"blind_id,word,target_phone"
P27-280,010460041_9,so762_pilot,1046,dev,7,ONE,n,nasal,010460041,D:\speech-lab\data\speechocean762\WAVE\SPEAKER1046\010460041.WAV,"blind_id,word,target_phone"
P27-281,010460050_2,so762_pilot,1046,dev,7,TIM,m,nasal,010460050,D:\speech-lab\data\speechocean762\WAVE\SPEAKER1046\010460050.WAV,"blind_id,word,target_phone"
P27-282,010460050_4,so762_pilot,1046,dev,7,IS,z,fricative,010460050,D:\speech-lab\data\speechocean762\WAVE\SPEAKER1046\010460050.WAV,"blind_id,word,target_phone"
P27-283,010460050_7,so762_pilot,1046,dev,7,GOOD,d,stop,010460050,D:\speech-lab\data\speechocean762\WAVE\SPEAKER1046\010460050.WAV,"blind_id,word,target_phone"
P27-284,010460050_9,so762_pilot,1046,dev,7,AT,t,stop,010460050,D:\speech-lab\data\speechocean762\WAVE\SPEAKER1046\010460050.WAV,"blind_id,word,target_phone"
P27-285,010460050_14,so762_pilot,1046,dev,7,MOUNTAIN,n,nasal,010460050,D:\speech-lab\data\speechocean762\WAVE\SPEAKER1046\010460050.WAV,"blind_id,word,target_phone"
P27-286,010460050_18,so762_pilot,1046,dev,7,BANK,k,stop,010460050,D:\speech-lab\data\speechocean762\WAVE\SPEAKER1046\010460050.WAV,"blind_id,word,target_phone"
P27-287,010460053_3,so762_pilot,1046,dev,7,LIKE,k,stop,010460053,D:\speech-lab\data\speechocean762\WAVE\SPEAKER1046\010460053.WAV,"blind_id,word,target_phone"
P27-288,010460053_5,so762_pilot,1046,dev,7,ICE,s,fricative,010460053,D:\speech-lab\data\speechocean762\WAVE\SPEAKER1046\010460053.WAV,"blind_id,word,target_phone"
P27-289,010460053_11,so762_pilot,1046,dev,7,SKATING,ŋ,nasal,010460053,D:\speech-lab\data\speechocean762\WAVE\SPEAKER1046\010460053.WAV,"blind_id,word,target_phone"
P27-290,010460061_7,so762_pilot,1046,dev,7,SMALL,l,liquid,010460061,D:\speech-lab\data\speechocean762\WAVE\SPEAKER1046\010460061.WAV,"blind_id,word,target_phone"
P27-291,010460061_12,so762_pilot,1046,dev,7,FRIEND,d,stop,010460061,D:\speech-lab\data\speechocean762\WAVE\SPEAKER1046\010460061.WAV,"blind_id,word,target_phone"
P27-292,010460061_15,so762_pilot,1046,dev,7,RICE,s,fricative,010460061,D:\speech-lab\data\speechocean762\WAVE\SPEAKER1046\010460061.WAV,"blind_id,word,target_phone"
P27-293,010460066_2,so762_pilot,1046,dev,7,DOES,z,fricative,010460066,D:\speech-lab\data\speechocean762\WAVE\SPEAKER1046\010460066.WAV,"blind_id,word,target_phone"
P27-294,010460066_10,so762_pilot,1046,dev,7,LIKES,s,fricative,010460066,D:\speech-lab\data\speechocean762\WAVE\SPEAKER1046\010460066.WAV,"blind_id,word,target_phone"
P27-295,010460066_15,so762_pilot,1046,dev,7,FOOD,d,stop,010460066,D:\speech-lab\data\speechocean762\WAVE\SPEAKER1046\010460066.WAV,"blind_id,word,target_phone"
P27-296,010460066_19,so762_pilot,1046,dev,7,FRIES,z,fricative,010460066,D:\speech-lab\data\speechocean762\WAVE\SPEAKER1046\010460066.WAV,"blind_id,word,target_phone"
P27-297,010460079_2,so762_pilot,1046,dev,7,JIM,m,nasal,010460079,D:\speech-lab\data\speechocean762\WAVE\SPEAKER1046\010460079.WAV,"blind_id,word,target_phone"
P27-298,010460079_5,so762_pilot,1046,dev,7,HAS,z,fricative,010460079,D:\speech-lab\data\speechocean762\WAVE\SPEAKER1046\010460079.WAV,"blind_id,word,target_phone"
P27-299,010460079_9,so762_pilot,1046,dev,7,BIG,ɡ,stop,010460079,D:\speech-lab\data\speechocean762\WAVE\SPEAKER1046\010460079.WAV,"blind_id,word,target_phone"
P27-300,010460079_12,so762_pilot,1046,dev,7,HAD,d,stop,010460079,D:\speech-lab\data\speechocean762\WAVE\SPEAKER1046\010460079.WAV,"blind_id,word,target_phone"
P27-301,010460088_6,so762_pilot,1046,dev,7,GOT,t,stop,010460088,D:\speech-lab\data\speechocean762\WAVE\SPEAKER1046\010460088.WAV,"blind_id,word,target_phone"
P27-302,010460111_6,so762_pilot,1046,dev,7,WAS,z,fricative,010460111,D:\speech-lab\data\speechocean762\WAVE\SPEAKER1046\010460111.WAV,"blind_id,word,target_phone"
P27-303,010460111_11,so762_pilot,1046,dev,7,WALKING,ŋ,nasal,010460111,D:\speech-lab\data\speechocean762\WAVE\SPEAKER1046\010460111.WAV,"blind_id,word,target_phone"
P27-304,010460111_19,so762_pilot,1046,dev,7,BATHROOM,m,nasal,010460111,D:\speech-lab\data\speechocean762\WAVE\SPEAKER1046\010460111.WAV,"blind_id,word,target_phone"
P27-305,010460114_5,so762_pilot,1046,dev,7,LAND,d,stop,010460114,D:\speech-lab\data\speechocean762\WAVE\SPEAKER1046\010460114.WAV,"blind_id,word,target_phone"
P27-306,010460114_9,so762_pilot,1046,dev,7,WENT,t,stop,010460114,D:\speech-lab\data\speechocean762\WAVE\SPEAKER1046\010460114.WAV,"blind_id,word,target_phone"
P27-307,010460114_18,so762_pilot,1046,dev,7,FAT,t,stop,010460114,D:\speech-lab\data\speechocean762\WAVE\SPEAKER1046\010460114.WAV,"blind_id,word,target_phone"
P27-308,010460120_7,so762_pilot,1046,dev,7,LOVES,z,fricative,010460120,D:\speech-lab\data\speechocean762\WAVE\SPEAKER1046\010460120.WAV,"blind_id,word,target_phone"
P27-309,010460120_10,so762_pilot,1046,dev,7,PEARL,l,liquid,010460120,D:\speech-lab\data\speechocean762\WAVE\SPEAKER1046\010460120.WAV,"blind_id,word,target_phone"
P27-310,010460149_2,so762_pilot,1046,dev,7,AND,d,stop,010460149,D:\speech-lab\data\speechocean762\WAVE\SPEAKER1046\010460149.WAV,"blind_id,word,target_phone"
P27-311,010460149_6,so762_pilot,1046,dev,7,FROM,m,nasal,010460149,D:\speech-lab\data\speechocean762\WAVE\SPEAKER1046\010460149.WAV,"blind_id,word,target_phone"
P27-312,010460149_9,so762_pilot,1046,dev,7,AND,d,stop,010460149,D:\speech-lab\data\speechocean762\WAVE\SPEAKER1046\010460149.WAV,"blind_id,word,target_phone"
P27-313,010460152_5,so762_pilot,1046,dev,7,LOT,t,stop,010460152,D:\speech-lab\data\speechocean762\WAVE\SPEAKER1046\010460152.WAV,"blind_id,word,target_phone"
P27-314,010460152_9,so762_pilot,1046,dev,7,DOG,ɡ,stop,010460152,D:\speech-lab\data\speechocean762\WAVE\SPEAKER1046\010460152.WAV,"blind_id,word,target_phone"
P27-315,010460153_4,so762_pilot,1046,dev,7,RELIES,z,fricative,010460153,D:\speech-lab\data\speechocean762\WAVE\SPEAKER1046\010460153.WAV,"blind_id,word,target_phone"
P27-316,010460153_7,so762_pilot,1046,dev,7,COME,m,nasal,010460153,D:\speech-lab\data\speechocean762\WAVE\SPEAKER1046\010460153.WAV,"blind_id,word,target_phone"
P27-317,010460155_4,so762_pilot,1046,dev,7,WHAT,t,stop,010460155,D:\speech-lab\data\speechocean762\WAVE\SPEAKER1046\010460155.WAV,"blind_id,word,target_phone"
P27-318,010460155_8,so762_pilot,1046,dev,7,GOOD,d,stop,010460155,D:\speech-lab\data\speechocean762\WAVE\SPEAKER1046\010460155.WAV,"blind_id,word,target_phone"
P27-319,010460158_2,so762_pilot,1046,dev,7,BUT,t,stop,010460158,D:\speech-lab\data\speechocean762\WAVE\SPEAKER1046\010460158.WAV,"blind_id,word,target_phone"
P27-320,010460158_5,so762_pilot,1046,dev,7,IT'S,s,fricative,010460158,D:\speech-lab\data\speechocean762\WAVE\SPEAKER1046\010460158.WAV,"blind_id,word,target_phone"
P27-321,010460158_8,so762_pilot,1046,dev,7,NOT,t,stop,010460158,D:\speech-lab\data\speechocean762\WAVE\SPEAKER1046\010460158.WAV,"blind_id,word,target_phone"
P27-322,010460162_5,so762_pilot,1046,dev,7,GOOD,d,stop,010460162,D:\speech-lab\data\speechocean762\WAVE\SPEAKER1046\010460162.WAV,"blind_id,word,target_phone"
P27-323,010460162_8,so762_pilot,1046,dev,7,HAVE,v,fricative,010460162,D:\speech-lab\data\speechocean762\WAVE\SPEAKER1046\010460162.WAV,"blind_id,word,target_phone"
P27-324,010460162_11,so762_pilot,1046,dev,7,COME,m,nasal,010460162,D:\speech-lab\data\speechocean762\WAVE\SPEAKER1046\010460162.WAV,"blind_id,word,target_phone"
P27-325,010610015_6,so762_pilot,1061,dev,7,CAN,n,nasal,010610015,D:\speech-lab\data\speechocean762\WAVE\SPEAKER1061\010610015.WAV,"blind_id,word,target_phone"
P27-326,010610017_2,so762_pilot,1061,dev,7,AND,d,stop,010610017,D:\speech-lab\data\speechocean762\WAVE\SPEAKER1061\010610017.WAV,"blind_id,word,target_phone"
P27-327,010610017_5,so762_pilot,1061,dev,7,THERE,ɹ,liquid,010610017,D:\speech-lab\data\speechocean762\WAVE\SPEAKER1061\010610017.WAV,"blind_id,word,target_phone"
P27-328,010610017_8,so762_pilot,1061,dev,7,WAS,z,fricative,010610017,D:\speech-lab\data\speechocean762\WAVE\SPEAKER1061\010610017.WAV,"blind_id,word,target_phone"
P27-329,010610017_11,so762_pilot,1061,dev,7,DUCK,k,stop,010610017,D:\speech-lab\data\speechocean762\WAVE\SPEAKER1061\010610017.WAV,"blind_id,word,target_phone"
P27-330,010610024_5,so762_pilot,1061,dev,7,IS,z,fricative,010610024,D:\speech-lab\data\speechocean762\WAVE\SPEAKER1061\010610024.WAV,"blind_id,word,target_phone"
P27-331,010610024_9,so762_pilot,1061,dev,7,FROM,m,nasal,010610024,D:\speech-lab\data\speechocean762\WAVE\SPEAKER1061\010610024.WAV,"blind_id,word,target_phone"
P27-332,010610025_7,so762_pilot,1061,dev,7,LOVES,z,fricative,010610025,D:\speech-lab\data\speechocean762\WAVE\SPEAKER1061\010610025.WAV,"blind_id,word,target_phone"
P27-333,010610035_2,so762_pilot,1061,dev,7,FIVE,v,fricative,010610035,D:\speech-lab\data\speechocean762\WAVE\SPEAKER1061\010610035.WAV,"blind_id,word,target_phone"
P27-334,010610035_8,so762_pilot,1061,dev,7,NINE,n,nasal,010610035,D:\speech-lab\data\speechocean762\WAVE\SPEAKER1061\010610035.WAV,"blind_id,word,target_phone"
P27-335,010610035_10,so762_pilot,1061,dev,7,EIGHT,t,stop,010610035,D:\speech-lab\data\speechocean762\WAVE\SPEAKER1061\010610035.WAV,"blind_id,word,target_phone"
P27-336,010610057_2,so762_pilot,1061,dev,7,DOES,z,fricative,010610057,D:\speech-lab\data\speechocean762\WAVE\SPEAKER1061\010610057.WAV,"blind_id,word,target_phone"
P27-337,010610057_9,so762_pilot,1061,dev,7,LIKE,k,stop,010610057,D:\speech-lab\data\speechocean762\WAVE\SPEAKER1061\010610057.WAV,"blind_id,word,target_phone"
P27-338,010610057_15,so762_pilot,1061,dev,7,STEAK,k,stop,010610057,D:\speech-lab\data\speechocean762\WAVE\SPEAKER1061\010610057.WAV,"blind_id,word,target_phone"
P27-339,010610067_8,so762_pilot,1061,dev,7,SMELLS,z,fricative,010610067,D:\speech-lab\data\speechocean762\WAVE\SPEAKER1061\010610067.WAV,"blind_id,word,target_phone"
P27-340,010610067_12,so762_pilot,1061,dev,7,FRESH,ʃ,fricative,010610067,D:\speech-lab\data\speechocean762\WAVE\SPEAKER1061\010610067.WAV,"blind_id,word,target_phone"
P27-341,010610069_6,so762_pilot,1061,dev,7,ATE,t,stop,010610069,D:\speech-lab\data\speechocean762\WAVE\SPEAKER1061\010610069.WAV,"blind_id,word,target_phone"
P27-342,010610069_11,so762_pilot,1061,dev,7,LITTLE,l,liquid,010610069,D:\speech-lab\data\speechocean762\WAVE\SPEAKER1061\010610069.WAV,"blind_id,word,target_phone"
P27-343,010610069_15,so762_pilot,1061,dev,7,PORK,k,stop,010610069,D:\speech-lab\data\speechocean762\WAVE\SPEAKER1061\010610069.WAV,"blind_id,word,target_phone"
P27-344,010610073_7,so762_pilot,1061,dev,7,HAS,z,fricative,010610073,D:\speech-lab\data\speechocean762\WAVE\SPEAKER1061\010610073.WAV,"blind_id,word,target_phone"
P27-345,010610073_11,so762_pilot,1061,dev,7,BIG,ɡ,stop,010610073,D:\speech-lab\data\speechocean762\WAVE\SPEAKER1061\010610073.WAV,"blind_id,word,target_phone"
P27-346,010610080_5,so762_pilot,1061,dev,7,TIM'S,s,fricative,010610080,D:\speech-lab\data\speechocean762\WAVE\SPEAKER1061\010610080.WAV,"blind_id,word,target_phone"
P27-347,010610080_8,so762_pilot,1061,dev,7,TOOTH,θ,fricative,010610080,D:\speech-lab\data\speechocean762\WAVE\SPEAKER1061\010610080.WAV,"blind_id,word,target_phone"
P27-348,010610087_7,so762_pilot,1061,dev,7,NEEDS,z,fricative,010610087,D:\speech-lab\data\speechocean762\WAVE\SPEAKER1061\010610087.WAV,"blind_id,word,target_phone"
P27-349,010610087_13,so762_pilot,1061,dev,7,CAP,p,stop,010610087,D:\speech-lab\data\speechocean762\WAVE\SPEAKER1061\010610087.WAV,"blind_id,word,target_phone"
P27-350,010610094_7,so762_pilot,1061,dev,7,LIKES,s,fricative,010610094,D:\speech-lab\data\speechocean762\WAVE\SPEAKER1061\010610094.WAV,"blind_id,word,target_phone"
P27-351,010610094_13,so762_pilot,1061,dev,7,RED,d,stop,010610094,D:\speech-lab\data\speechocean762\WAVE\SPEAKER1061\010610094.WAV,"blind_id,word,target_phone"
P27-352,010610094_18,so762_pilot,1061,dev,7,GLOVES,z,fricative,010610094,D:\speech-lab\data\speechocean762\WAVE\SPEAKER1061\010610094.WAV,"blind_id,word,target_phone"
P27-353,010610099_3,so762_pilot,1061,dev,7,LOWEN,n,nasal,010610099,D:\speech-lab\data\speechocean762\WAVE\SPEAKER1061\010610099.WAV,"blind_id,word,target_phone"
P27-354,010610099_6,so762_pilot,1061,dev,7,GOT,t,stop,010610099,D:\speech-lab\data\speechocean762\WAVE\SPEAKER1061\010610099.WAV,"blind_id,word,target_phone"
P27-355,010610099_8,so762_pilot,1061,dev,7,ON,n,nasal,010610099,D:\speech-lab\data\speechocean762\WAVE\SPEAKER1061\010610099.WAV,"blind_id,word,target_phone"
P27-356,010610099_13,so762_pilot,1061,dev,7,BUS,s,fricative,010610099,D:\speech-lab\data\speechocean762\WAVE\SPEAKER1061\010610099.WAV,"blind_id,word,target_phone"
P27-357,010610102_4,so762_pilot,1061,dev,7,STEVEN,n,nasal,010610102,D:\speech-lab\data\speechocean762\WAVE\SPEAKER1061\010610102.WAV,"blind_id,word,target_phone"
P27-358,010610102_7,so762_pilot,1061,dev,7,CAN,n,nasal,010610102,D:\speech-lab\data\speechocean762\WAVE\SPEAKER1061\010610102.WAV,"blind_id,word,target_phone"
P27-359,010610102_14,so762_pilot,1061,dev,7,VAN,n,nasal,010610102,D:\speech-lab\data\speechocean762\WAVE\SPEAKER1061\010610102.WAV,"blind_id,word,target_phone"
P27-360,010610113_6,so762_pilot,1061,dev,7,CAN,n,nasal,010610113,D:\speech-lab\data\speechocean762\WAVE\SPEAKER1061\010610113.WAV,"blind_id,word,target_phone"
P27-361,010610113_14,so762_pilot,1061,dev,7,POST,t,stop,010610113,D:\speech-lab\data\speechocean762\WAVE\SPEAKER1061\010610113.WAV,"blind_id,word,target_phone"
P27-362,010610113_18,so762_pilot,1061,dev,7,OFFICE,s,fricative,010610113,D:\speech-lab\data\speechocean762\WAVE\SPEAKER1061\010610113.WAV,"blind_id,word,target_phone"
P27-363,010610114_9,so762_pilot,1061,dev,7,WENT,t,stop,010610114,D:\speech-lab\data\speechocean762\WAVE\SPEAKER1061\010610114.WAV,"blind_id,word,target_phone"
P27-364,010610114_11,so762_pilot,1061,dev,7,ON,n,nasal,010610114,D:\speech-lab\data\speechocean762\WAVE\SPEAKER1061\010610114.WAV,"blind_id,word,target_phone"
P27-365,010610114_20,so762_pilot,1061,dev,7,ROOM,m,nasal,010610114,D:\speech-lab\data\speechocean762\WAVE\SPEAKER1061\010610114.WAV,"blind_id,word,target_phone"
P27-366,010610129_4,so762_pilot,1061,dev,7,DAVID,d,stop,010610129,D:\speech-lab\data\speechocean762\WAVE\SPEAKER1061\010610129.WAV,"blind_id,word,target_phone"
P27-367,010610129_7,so762_pilot,1061,dev,7,THIS,s,fricative,010610129,D:\speech-lab\data\speechocean762\WAVE\SPEAKER1061\010610129.WAV,"blind_id,word,target_phone"
P27-368,010610129_9,so762_pilot,1061,dev,7,IS,z,fricative,010610129,D:\speech-lab\data\speechocean762\WAVE\SPEAKER1061\010610129.WAV,"blind_id,word,target_phone"
P27-369,010610129_14,so762_pilot,1061,dev,7,GARLIC,k,stop,010610129,D:\speech-lab\data\speechocean762\WAVE\SPEAKER1061\010610129.WAV,"blind_id,word,target_phone"
P27-370,010610151_2,so762_pilot,1061,dev,7,WHERE,ɹ,liquid,010610151,D:\speech-lab\data\speechocean762\WAVE\SPEAKER1061\010610151.WAV,"blind_id,word,target_phone"
P27-371,010610151_4,so762_pilot,1061,dev,7,IS,z,fricative,010610151,D:\speech-lab\data\speechocean762\WAVE\SPEAKER1061\010610151.WAV,"blind_id,word,target_phone"
P27-372,010610151_7,so762_pilot,1061,dev,7,HIS,z,fricative,010610151,D:\speech-lab\data\speechocean762\WAVE\SPEAKER1061\010610151.WAV,"blind_id,word,target_phone"
P27-373,010610151_10,so762_pilot,1061,dev,7,HOME,m,nasal,010610151,D:\speech-lab\data\speechocean762\WAVE\SPEAKER1061\010610151.WAV,"blind_id,word,target_phone"
P27-374,010610165_2,so762_pilot,1061,dev,7,AND,d,stop,010610165,D:\speech-lab\data\speechocean762\WAVE\SPEAKER1061\010610165.WAV,"blind_id,word,target_phone"
P27-375,010610165_5,so762_pilot,1061,dev,7,THIS,s,fricative,010610165,D:\speech-lab\data\speechocean762\WAVE\SPEAKER1061\010610165.WAV,"blind_id,word,target_phone"
P27-376,010610165_7,so762_pilot,1061,dev,7,IS,z,fricative,010610165,D:\speech-lab\data\speechocean762\WAVE\SPEAKER1061\010610165.WAV,"blind_id,word,target_phone"
P27-377,010610165_10,so762_pilot,1061,dev,7,HAIR,ɹ,liquid,010610165,D:\speech-lab\data\speechocean762\WAVE\SPEAKER1061\010610165.WAV,"blind_id,word,target_phone"
P27-378,010610165_13,so762_pilot,1061,dev,7,BOOK,k,stop,010610165,D:\speech-lab\data\speechocean762\WAVE\SPEAKER1061\010610165.WAV,"blind_id,word,target_phone"
P27-379,010610171_2,so762_pilot,1061,dev,7,WHAT,t,stop,010610171,D:\speech-lab\data\speechocean762\WAVE\SPEAKER1061\010610171.WAV,"blind_id,word,target_phone"
P27-380,010610171_5,so762_pilot,1061,dev,7,AM,m,nasal,010610171,D:\speech-lab\data\speechocean762\WAVE\SPEAKER1061\010610171.WAV,"blind_id,word,target_phone"
P27-381,010610171_10,so762_pilot,1061,dev,7,DOING,ŋ,nasal,010610171,D:\speech-lab\data\speechocean762\WAVE\SPEAKER1061\010610171.WAV,"blind_id,word,target_phone"
P27-382,010610171_12,so762_pilot,1061,dev,7,IT,t,stop,010610171,D:\speech-lab\data\speechocean762\WAVE\SPEAKER1061\010610171.WAV,"blind_id,word,target_phone"
P27-383,010750002_4,so762_pilot,1075,test,7,DAVID,d,stop,010750002,D:\speech-lab\data\speechocean762\WAVE\SPEAKER1075\010750002.WAV,"blind_id,word,target_phone"
P27-384,010750002_7,so762_pilot,1075,test,7,CAN,n,nasal,010750002,D:\speech-lab\data\speechocean762\WAVE\SPEAKER1075\010750002.WAV,"blind_id,word,target_phone"
P27-385,010750002_14,so762_pilot,1075,test,7,CAT,t,stop,010750002,D:\speech-lab\data\speechocean762\WAVE\SPEAKER1075\010750002.WAV,"blind_id,word,target_phone"
P27-386,010750003_2,so762_pilot,1075,test,7,TIM,m,nasal,010750003,D:\speech-lab\data\speechocean762\WAVE\SPEAKER1075\010750003.WAV,"blind_id,word,target_phone"
P27-387,010750003_5,so762_pilot,1075,test,7,CAN,n,nasal,010750003,D:\speech-lab\data\speechocean762\WAVE\SPEAKER1075\010750003.WAV,"blind_id,word,target_phone"
P27-388,010750003_13,so762_pilot,1075,test,7,WHALE,l,liquid,010750003,D:\speech-lab\data\speechocean762\WAVE\SPEAKER1075\010750003.WAV,"blind_id,word,target_phone"
P27-389,010750010_3,so762_pilot,1075,test,7,LIKE,k,stop,010750010,D:\speech-lab\data\speechocean762\WAVE\SPEAKER1075\010750010.WAV,"blind_id,word,target_phone"
P27-390,010750011_6,so762_pilot,1075,test,7,CAN,n,nasal,010750011,D:\speech-lab\data\speechocean762\WAVE\SPEAKER1075\010750011.WAV,"blind_id,word,target_phone"
P27-391,010750011_14,so762_pilot,1075,test,7,EAGLE,l,liquid,010750011,D:\speech-lab\data\speechocean762\WAVE\SPEAKER1075\010750011.WAV,"blind_id,word,target_phone"
P27-392,010750024_8,so762_pilot,1075,test,7,LOVES,z,fricative,010750024,D:\speech-lab\data\speechocean762\WAVE\SPEAKER1075\010750024.WAV,"blind_id,word,target_phone"
P27-393,010750026_7,so762_pilot,1075,test,7,LOVES,z,fricative,010750026,D:\speech-lab\data\speechocean762\WAVE\SPEAKER1075\010750026.WAV,"blind_id,word,target_phone"
P27-394,010750026_12,so762_pilot,1075,test,7,JAPAN,n,nasal,010750026,D:\speech-lab\data\speechocean762\WAVE\SPEAKER1075\010750026.WAV,"blind_id,word,target_phone"
P27-395,010750035_2,so762_pilot,1075,test,7,ITS,s,fricative,010750035,D:\speech-lab\data\speechocean762\WAVE\SPEAKER1075\010750035.WAV,"blind_id,word,target_phone"
P27-396,010750035_10,so762_pilot,1075,test,7,ONE,n,nasal,010750035,D:\speech-lab\data\speechocean762\WAVE\SPEAKER1075\010750035.WAV,"blind_id,word,target_phone"
P27-397,010750043_8,so762_pilot,1075,test,7,ONE,n,nasal,010750043,D:\speech-lab\data\speechocean762\WAVE\SPEAKER1075\010750043.WAV,"blind_id,word,target_phone"
P27-398,010750043_12,so762_pilot,1075,test,7,SEVEN,n,nasal,010750043,D:\speech-lab\data\speechocean762\WAVE\SPEAKER1075\010750043.WAV,"blind_id,word,target_phone"
P27-399,010750060_7,so762_pilot,1075,test,7,LET'S,s,fricative,010750060,D:\speech-lab\data\speechocean762\WAVE\SPEAKER1075\010750060.WAV,"blind_id,word,target_phone"
P27-400,010750060_12,so762_pilot,1075,test,7,LITTLE,l,liquid,010750060,D:\speech-lab\data\speechocean762\WAVE\SPEAKER1075\010750060.WAV,"blind_id,word,target_phone"
P27-401,010750060_15,so762_pilot,1075,test,7,TELL,l,liquid,010750060,D:\speech-lab\data\speechocean762\WAVE\SPEAKER1075\010750060.WAV,"blind_id,word,target_phone"
P27-402,010750062_7,so762_pilot,1075,test,7,GOATS,s,fricative,010750062,D:\speech-lab\data\speechocean762\WAVE\SPEAKER1075\010750062.WAV,"blind_id,word,target_phone"
P27-403,010750062_10,so762_pilot,1075,test,7,SOME,m,nasal,010750062,D:\speech-lab\data\speechocean762\WAVE\SPEAKER1075\010750062.WAV,"blind_id,word,target_phone"
P27-404,010750062_14,so762_pilot,1075,test,7,PORK,k,stop,010750062,D:\speech-lab\data\speechocean762\WAVE\SPEAKER1075\010750062.WAV,"blind_id,word,target_phone"
P27-405,010750072_2,so762_pilot,1075,test,7,LOOK,k,stop,010750072,D:\speech-lab\data\speechocean762\WAVE\SPEAKER1075\010750072.WAV,"blind_id,word,target_phone"
P27-406,010750072_4,so762_pilot,1075,test,7,AT,t,stop,010750072,D:\speech-lab\data\speechocean762\WAVE\SPEAKER1075\010750072.WAV,"blind_id,word,target_phone"
P27-407,010750072_7,so762_pilot,1075,test,7,ELLS,z,fricative,010750072,D:\speech-lab\data\speechocean762\WAVE\SPEAKER1075\010750072.WAV,"blind_id,word,target_phone"
P27-408,010750072_10,so762_pilot,1075,test,7,NOSE,z,fricative,010750072,D:\speech-lab\data\speechocean762\WAVE\SPEAKER1075\010750072.WAV,"blind_id,word,target_phone"
P27-409,010750094_2,so762_pilot,1075,test,7,LOOK,k,stop,010750094,D:\speech-lab\data\speechocean762\WAVE\SPEAKER1075\010750094.WAV,"blind_id,word,target_phone"
P27-410,010750094_4,so762_pilot,1075,test,7,AT,t,stop,010750094,D:\speech-lab\data\speechocean762\WAVE\SPEAKER1075\010750094.WAV,"blind_id,word,target_phone"
P27-411,010750094_7,so762_pilot,1075,test,7,THAT,t,stop,010750094,D:\speech-lab\data\speechocean762\WAVE\SPEAKER1075\010750094.WAV,"blind_id,word,target_phone"
P27-412,010750094_12,so762_pilot,1075,test,7,TINA'S,s,fricative,010750094,D:\speech-lab\data\speechocean762\WAVE\SPEAKER1075\010750094.WAV,"blind_id,word,target_phone"
P27-413,010750094_18,so762_pilot,1075,test,7,SANDALS,z,fricative,010750094,D:\speech-lab\data\speechocean762\WAVE\SPEAKER1075\010750094.WAV,"blind_id,word,target_phone"
P27-414,010750097_6,so762_pilot,1075,test,7,GOT,t,stop,010750097,D:\speech-lab\data\speechocean762\WAVE\SPEAKER1075\010750097.WAV,"blind_id,word,target_phone"
P27-415,010750097_8,so762_pilot,1075,test,7,ON,n,nasal,010750097,D:\speech-lab\data\speechocean762\WAVE\SPEAKER1075\010750097.WAV,"blind_id,word,target_phone"
P27-416,010750097_14,so762_pilot,1075,test,7,TRAIN,n,nasal,010750097,D:\speech-lab\data\speechocean762\WAVE\SPEAKER1075\010750097.WAV,"blind_id,word,target_phone"
P27-417,010750099_2,so762_pilot,1075,test,7,AND,d,stop,010750099,D:\speech-lab\data\speechocean762\WAVE\SPEAKER1075\010750099.WAV,"blind_id,word,target_phone"
P27-418,010750099_5,so762_pilot,1075,test,7,CAN,n,nasal,010750099,D:\speech-lab\data\speechocean762\WAVE\SPEAKER1075\010750099.WAV,"blind_id,word,target_phone"
P27-419,010750099_12,so762_pilot,1075,test,7,VAN,n,nasal,010750099,D:\speech-lab\data\speechocean762\WAVE\SPEAKER1075\010750099.WAV,"blind_id,word,target_phone"
P27-420,010750102_3,so762_pilot,1075,test,7,SAND,d,stop,010750102,D:\speech-lab\data\speechocean762\WAVE\SPEAKER1075\010750102.WAV,"blind_id,word,target_phone"
P27-421,010750102_6,so762_pilot,1075,test,7,GOT,t,stop,010750102,D:\speech-lab\data\speechocean762\WAVE\SPEAKER1075\010750102.WAV,"blind_id,word,target_phone"
P27-422,010750102_8,so762_pilot,1075,test,7,ON,n,nasal,010750102,D:\speech-lab\data\speechocean762\WAVE\SPEAKER1075\010750102.WAV,"blind_id,word,target_phone"
P27-423,010750102_13,so762_pilot,1075,test,7,CAR,ɹ,liquid,010750102,D:\speech-lab\data\speechocean762\WAVE\SPEAKER1075\010750102.WAV,"blind_id,word,target_phone"
P27-424,010750104_2,so762_pilot,1075,test,7,SOME,m,nasal,010750104,D:\speech-lab\data\speechocean762\WAVE\SPEAKER1075\010750104.WAV,"blind_id,word,target_phone"
P27-425,010750104_8,so762_pilot,1075,test,7,WITH,ð,fricative,010750104,D:\speech-lab\data\speechocean762\WAVE\SPEAKER1075\010750104.WAV,"blind_id,word,target_phone"
P27-426,010750104_10,so762_pilot,1075,test,7,ON,n,nasal,010750104,D:\speech-lab\data\speechocean762\WAVE\SPEAKER1075\010750104.WAV,"blind_id,word,target_phone"
P27-427,010750104_17,so762_pilot,1075,test,7,TEACHER'S,s,fricative,010750104,D:\speech-lab\data\speechocean762\WAVE\SPEAKER1075\010750104.WAV,"blind_id,word,target_phone"
P27-428,010750104_21,so762_pilot,1075,test,7,OFFICE,s,fricative,010750104,D:\speech-lab\data\speechocean762\WAVE\SPEAKER1075\010750104.WAV,"blind_id,word,target_phone"
P27-429,010750117_6,so762_pilot,1075,test,7,COME,m,nasal,010750117,D:\speech-lab\data\speechocean762\WAVE\SPEAKER1075\010750117.WAV,"blind_id,word,target_phone"
P27-430,010750117_15,so762_pilot,1075,test,7,GARDEN,n,nasal,010750117,D:\speech-lab\data\speechocean762\WAVE\SPEAKER1075\010750117.WAV,"blind_id,word,target_phone"
P27-431,010750163_6,so762_pilot,1075,test,7,HAVE,v,fricative,010750163,D:\speech-lab\data\speechocean762\WAVE\SPEAKER1075\010750163.WAV,"blind_id,word,target_phone"
P27-432,010750163_8,so762_pilot,1075,test,7,IT,t,stop,010750163,D:\speech-lab\data\speechocean762\WAVE\SPEAKER1075\010750163.WAV,"blind_id,word,target_phone"
P27-433,010750168_6,so762_pilot,1075,test,7,THANK,k,stop,010750168,D:\speech-lab\data\speechocean762\WAVE\SPEAKER1075\010750168.WAV,"blind_id,word,target_phone"
P27-434,010760001_8,so762_pilot,1076,test,7,LIKES,s,fricative,010760001,D:\speech-lab\data\speechocean762\WAVE\SPEAKER1076\010760001.WAV,"blind_id,word,target_phone"
P27-435,010760001_13,so762_pilot,1076,test,7,ORANGE,dʒ,affricate,010760001,D:\speech-lab\data\speechocean762\WAVE\SPEAKER1076\010760001.WAV,"blind_id,word,target_phone"
P27-436,010760002_6,so762_pilot,1076,test,7,THAN,n,nasal,010760002,D:\speech-lab\data\speechocean762\WAVE\SPEAKER1076\010760002.WAV,"blind_id,word,target_phone"
P27-437,010760002_10,so762_pilot,1076,test,7,POINT,t,stop,010760002,D:\speech-lab\data\speechocean762\WAVE\SPEAKER1076\010760002.WAV,"blind_id,word,target_phone"
P27-438,010760013_6,so762_pilot,1076,test,7,CAN,n,nasal,010760013,D:\speech-lab\data\speechocean762\WAVE\SPEAKER1076\010760013.WAV,"blind_id,word,target_phone"
P27-439,010760013_14,so762_pilot,1076,test,7,DUCK,k,stop,010760013,D:\speech-lab\data\speechocean762\WAVE\SPEAKER1076\010760013.WAV,"blind_id,word,target_phone"
P27-440,010760032_6,so762_pilot,1076,test,7,NINE,n,nasal,010760032,D:\speech-lab\data\speechocean762\WAVE\SPEAKER1076\010760032.WAV,"blind_id,word,target_phone"
P27-441,010760032_10,so762_pilot,1076,test,7,SEVEN,n,nasal,010760032,D:\speech-lab\data\speechocean762\WAVE\SPEAKER1076\010760032.WAV,"blind_id,word,target_phone"
P27-442,010760032_12,so762_pilot,1076,test,7,EIGHT,t,stop,010760032,D:\speech-lab\data\speechocean762\WAVE\SPEAKER1076\010760032.WAV,"blind_id,word,target_phone"
P27-443,010760038_2,so762_pilot,1076,test,7,NINE,n,nasal,010760038,D:\speech-lab\data\speechocean762\WAVE\SPEAKER1076\010760038.WAV,"blind_id,word,target_phone"
P27-444,010760038_5,so762_pilot,1076,test,7,NINE,n,nasal,010760038,D:\speech-lab\data\speechocean762\WAVE\SPEAKER1076\010760038.WAV,"blind_id,word,target_phone"
P27-445,010760038_7,so762_pilot,1076,test,7,EIGHT,t,stop,010760038,D:\speech-lab\data\speechocean762\WAVE\SPEAKER1076\010760038.WAV,"blind_id,word,target_phone"
P27-446,010760060_2,so762_pilot,1076,test,7,DOES,z,fricative,010760060,D:\speech-lab\data\speechocean762\WAVE\SPEAKER1076\010760060.WAV,"blind_id,word,target_phone"
P27-447,010760060_5,so762_pilot,1076,test,7,JUNE,n,nasal,010760060,D:\speech-lab\data\speechocean762\WAVE\SPEAKER1076\010760060.WAV,"blind_id,word,target_phone"
P27-448,010760060_8,so762_pilot,1076,test,7,LIKE,k,stop,010760060,D:\speech-lab\data\speechocean762\WAVE\SPEAKER1076\010760060.WAV,"blind_id,word,target_phone"
P27-449,010760060_15,so762_pilot,1076,test,7,NOODLES,z,fricative,010760060,D:\speech-lab\data\speechocean762\WAVE\SPEAKER1076\010760060.WAV,"blind_id,word,target_phone"
P27-450,010760062_4,so762_pilot,1076,test,7,LOCKING,ŋ,nasal,010760062,D:\speech-lab\data\speechocean762\WAVE\SPEAKER1076\010760062.WAV,"blind_id,word,target_phone"
P27-451,010760062_7,so762_pilot,1076,test,7,LIKE,k,stop,010760062,D:\speech-lab\data\speechocean762\WAVE\SPEAKER1076\010760062.WAV,"blind_id,word,target_phone"
P27-452,010760062_10,so762_pilot,1076,test,7,FISH,ʃ,fricative,010760062,D:\speech-lab\data\speechocean762\WAVE\SPEAKER1076\010760062.WAV,"blind_id,word,target_phone"
P27-453,010760067_5,so762_pilot,1076,test,7,AT,t,stop,010760067,D:\speech-lab\data\speechocean762\WAVE\SPEAKER1076\010760067.WAV,"blind_id,word,target_phone"
P27-454,010760067_10,so762_pilot,1076,test,7,LITTLE,l,liquid,010760067,D:\speech-lab\data\speechocean762\WAVE\SPEAKER1076\010760067.WAV,"blind_id,word,target_phone"
P27-455,010760067_14,so762_pilot,1076,test,7,MUTTON,n,nasal,010760067,D:\speech-lab\data\speechocean762\WAVE\SPEAKER1076\010760067.WAV,"blind_id,word,target_phone"
P27-456,010760076_3,so762_pilot,1076,test,7,LET'S,s,fricative,010760076,D:\speech-lab\data\speechocean762\WAVE\SPEAKER1076\010760076.WAV,"blind_id,word,target_phone"
P27-457,010760076_11,so762_pilot,1076,test,7,LILLY'S,s,fricative,010760076,D:\speech-lab\data\speechocean762\WAVE\SPEAKER1076\010760076.WAV,"blind_id,word,target_phone"
P27-458,010760076_15,so762_pilot,1076,test,7,HAND,d,stop,010760076,D:\speech-lab\data\speechocean762\WAVE\SPEAKER1076\010760076.WAV,"blind_id,word,target_phone"
P27-459,010760079_2,so762_pilot,1076,test,7,LESS,s,fricative,010760079,D:\speech-lab\data\speechocean762\WAVE\SPEAKER1076\010760079.WAV,"blind_id,word,target_phone"
P27-460,010760079_10,so762_pilot,1076,test,7,JAYME'S,z,fricative,010760079,D:\speech-lab\data\speechocean762\WAVE\SPEAKER1076\010760079.WAV,"blind_id,word,target_phone"
P27-461,010760079_13,so762_pilot,1076,test,7,MOUTH,θ,fricative,010760079,D:\speech-lab\data\speechocean762\WAVE\SPEAKER1076\010760079.WAV,"blind_id,word,target_phone"
P27-462,010760089_7,so762_pilot,1076,test,7,GOT,t,stop,010760089,D:\speech-lab\data\speechocean762\WAVE\SPEAKER1076\010760089.WAV,"blind_id,word,target_phone"
P27-463,010760089_12,so762_pilot,1076,test,7,SHIRT,t,stop,010760089,D:\speech-lab\data\speechocean762\WAVE\SPEAKER1076\010760089.WAV,"blind_id,word,target_phone"
P27-464,010760097_6,so762_pilot,1076,test,7,IS,z,fricative,010760097,D:\speech-lab\data\speechocean762\WAVE\SPEAKER1076\010760097.WAV,"blind_id,word,target_phone"
P27-465,010760097_12,so762_pilot,1076,test,7,CLEANING,ŋ,nasal,010760097,D:\speech-lab\data\speechocean762\WAVE\SPEAKER1076\010760097.WAV,"blind_id,word,target_phone"
P27-466,010760108_9,so762_pilot,1076,test,7,WENT,t,stop,010760108,D:\speech-lab\data\speechocean762\WAVE\SPEAKER1076\010760108.WAV,"blind_id,word,target_phone"
P27-467,010760108_19,so762_pilot,1076,test,7,POST,t,stop,010760108,D:\speech-lab\data\speechocean762\WAVE\SPEAKER1076\010760108.WAV,"blind_id,word,target_phone"
P27-468,010760108_23,so762_pilot,1076,test,7,OFFICE,s,fricative,010760108,D:\speech-lab\data\speechocean762\WAVE\SPEAKER1076\010760108.WAV,"blind_id,word,target_phone"
P27-469,010760111_6,so762_pilot,1076,test,7,CAN,n,nasal,010760111,D:\speech-lab\data\speechocean762\WAVE\SPEAKER1076\010760111.WAV,"blind_id,word,target_phone"
P27-470,010760111_16,so762_pilot,1076,test,7,MUSIC,k,stop,010760111,D:\speech-lab\data\speechocean762\WAVE\SPEAKER1076\010760111.WAV,"blind_id,word,target_phone"
P27-471,010760111_19,so762_pilot,1076,test,7,ROOM,m,nasal,010760111,D:\speech-lab\data\speechocean762\WAVE\SPEAKER1076\010760111.WAV,"blind_id,word,target_phone"
P27-472,010760116_8,so762_pilot,1076,test,7,WHAT'S,s,fricative,010760116,D:\speech-lab\data\speechocean762\WAVE\SPEAKER1076\010760116.WAV,"blind_id,word,target_phone"
P27-473,010760116_13,so762_pilot,1076,test,7,WALKING,ŋ,nasal,010760116,D:\speech-lab\data\speechocean762\WAVE\SPEAKER1076\010760116.WAV,"blind_id,word,target_phone"
P27-474,010760116_22,so762_pilot,1076,test,7,CARD,d,stop,010760116,D:\speech-lab\data\speechocean762\WAVE\SPEAKER1076\010760116.WAV,"blind_id,word,target_phone"
P27-475,010760136_7,so762_pilot,1076,test,7,MIND,d,stop,010760136,D:\speech-lab\data\speechocean762\WAVE\SPEAKER1076\010760136.WAV,"blind_id,word,target_phone"
P27-476,010760136_12,so762_pilot,1076,test,7,PEN,n,nasal,010760136,D:\speech-lab\data\speechocean762\WAVE\SPEAKER1076\010760136.WAV,"blind_id,word,target_phone"
P27-477,010760151_8,so762_pilot,1076,test,7,SCHOOL,l,liquid,010760151,D:\speech-lab\data\speechocean762\WAVE\SPEAKER1076\010760151.WAV,"blind_id,word,target_phone"
P27-478,010760162_8,so762_pilot,1076,test,7,AM,m,nasal,010760162,D:\speech-lab\data\speechocean762\WAVE\SPEAKER1076\010760162.WAV,"blind_id,word,target_phone"
P27-479,010760169_1,so762_pilot,1076,test,7,IS,z,fricative,010760169,D:\speech-lab\data\speechocean762\WAVE\SPEAKER1076\010760169.WAV,"blind_id,word,target_phone"
P27-480,010760169_3,so762_pilot,1076,test,7,IT,t,stop,010760169,D:\speech-lab\data\speechocean762\WAVE\SPEAKER1076\010760169.WAV,"blind_id,word,target_phone"
P27-481,010760169_8,so762_pilot,1076,test,7,GIRL,l,liquid,010760169,D:\speech-lab\data\speechocean762\WAVE\SPEAKER1076\010760169.WAV,"blind_id,word,target_phone"
P27-482,014690004_3,so762_pilot,1469,train,6,RAN,n,nasal,014690004,D:\speech-lab\data\speechocean762\WAVE\SPEAKER1469\014690004.WAV,"blind_id,word,target_phone"
P27-483,014690004_10,so762_pilot,1469,train,6,FROM,m,nasal,014690004,D:\speech-lab\data\speechocean762\WAVE\SPEAKER1469\014690004.WAV,"blind_id,word,target_phone"
P27-484,014690004_15,so762_pilot,1469,train,6,GOAT,t,stop,014690004,D:\speech-lab\data\speechocean762\WAVE\SPEAKER1469\014690004.WAV,"blind_id,word,target_phone"
P27-485,014690006_5,so762_pilot,1469,train,6,IS,z,fricative,014690006,D:\speech-lab\data\speechocean762\WAVE\SPEAKER1469\014690006.WAV,"blind_id,word,target_phone"
P27-486,014690006_9,so762_pilot,1469,train,6,GOING,ŋ,nasal,014690006,D:\speech-lab\data\speechocean762\WAVE\SPEAKER1469\014690006.WAV,"blind_id,word,target_phone"
P27-487,014690006_16,so762_pilot,1469,train,6,CAT,t,stop,014690006,D:\speech-lab\data\speechocean762\WAVE\SPEAKER1469\014690006.WAV,"blind_id,word,target_phone"
P27-488,014690018_3,so762_pilot,1469,train,6,LOWEN,n,nasal,014690018,D:\speech-lab\data\speechocean762\WAVE\SPEAKER1469\014690018.WAV,"blind_id,word,target_phone"
P27-489,014690018_5,so762_pilot,1469,train,6,IS,z,fricative,014690018,D:\speech-lab\data\speechocean762\WAVE\SPEAKER1469\014690018.WAV,"blind_id,word,target_phone"
P27-490,014690018_9,so762_pilot,1469,train,6,GOING,ŋ,nasal,014690018,D:\speech-lab\data\speechocean762\WAVE\SPEAKER1469\014690018.WAV,"blind_id,word,target_phone"
P27-491,014690018_16,so762_pilot,1469,train,6,MOUSE,s,fricative,014690018,D:\speech-lab\data\speechocean762\WAVE\SPEAKER1469\014690018.WAV,"blind_id,word,target_phone"
P27-492,014690020_9,so762_pilot,1469,train,6,WENT,t,stop,014690020,D:\speech-lab\data\speechocean762\WAVE\SPEAKER1469\014690020.WAV,"blind_id,word,target_phone"
P27-493,014690020_15,so762_pilot,1469,train,6,FIND,d,stop,014690020,D:\speech-lab\data\speechocean762\WAVE\SPEAKER1469\014690020.WAV,"blind_id,word,target_phone"
P27-494,014690047_3,so762_pilot,1469,train,6,SEVEN,n,nasal,014690047,D:\speech-lab\data\speechocean762\WAVE\SPEAKER1469\014690047.WAV,"blind_id,word,target_phone"
P27-495,014690047_7,so762_pilot,1469,train,6,SEVEN,n,nasal,014690047,D:\speech-lab\data\speechocean762\WAVE\SPEAKER1469\014690047.WAV,"blind_id,word,target_phone"
P27-496,014690047_9,so762_pilot,1469,train,6,EIGHT,t,stop,014690047,D:\speech-lab\data\speechocean762\WAVE\SPEAKER1469\014690047.WAV,"blind_id,word,target_phone"
P27-497,014690047_13,so762_pilot,1469,train,6,SIX,s,fricative,014690047,D:\speech-lab\data\speechocean762\WAVE\SPEAKER1469\014690047.WAV,"blind_id,word,target_phone"
P27-498,014690048_5,so762_pilot,1469,train,6,IS,z,fricative,014690048,D:\speech-lab\data\speechocean762\WAVE\SPEAKER1469\014690048.WAV,"blind_id,word,target_phone"
P27-499,014690048_8,so762_pilot,1469,train,6,NOT,t,stop,014690048,D:\speech-lab\data\speechocean762\WAVE\SPEAKER1469\014690048.WAV,"blind_id,word,target_phone"
P27-500,014690048_15,so762_pilot,1469,train,6,GOOD,d,stop,014690048,D:\speech-lab\data\speechocean762\WAVE\SPEAKER1469\014690048.WAV,"blind_id,word,target_phone"
P27-501,014690048_17,so762_pilot,1469,train,6,AT,t,stop,014690048,D:\speech-lab\data\speechocean762\WAVE\SPEAKER1469\014690048.WAV,"blind_id,word,target_phone"
P27-502,014690050_6,so762_pilot,1469,train,6,IS,z,fricative,014690050,D:\speech-lab\data\speechocean762\WAVE\SPEAKER1469\014690050.WAV,"blind_id,word,target_phone"
P27-503,014690050_9,so762_pilot,1469,train,6,NOT,t,stop,014690050,D:\speech-lab\data\speechocean762\WAVE\SPEAKER1469\014690050.WAV,"blind_id,word,target_phone"
P27-504,014690050_16,so762_pilot,1469,train,6,GOOD,d,stop,014690050,D:\speech-lab\data\speechocean762\WAVE\SPEAKER1469\014690050.WAV,"blind_id,word,target_phone"
P27-505,014690050_18,so762_pilot,1469,train,6,AT,t,stop,014690050,D:\speech-lab\data\speechocean762\WAVE\SPEAKER1469\014690050.WAV,"blind_id,word,target_phone"
P27-506,014690050_25,so762_pilot,1469,train,6,VOLLEYBALL,l,liquid,014690050,D:\speech-lab\data\speechocean762\WAVE\SPEAKER1469\014690050.WAV,"blind_id,word,target_phone"
P27-507,014690055_6,so762_pilot,1469,train,6,IS,z,fricative,014690055,D:\speech-lab\data\speechocean762\WAVE\SPEAKER1469\014690055.WAV,"blind_id,word,target_phone"
P27-508,014690055_9,so762_pilot,1469,train,6,NOT,t,stop,014690055,D:\speech-lab\data\speechocean762\WAVE\SPEAKER1469\014690055.WAV,"blind_id,word,target_phone"
P27-509,014690055_16,so762_pilot,1469,train,6,GOOD,d,stop,014690055,D:\speech-lab\data\speechocean762\WAVE\SPEAKER1469\014690055.WAV,"blind_id,word,target_phone"
P27-510,014690055_18,so762_pilot,1469,train,6,AT,t,stop,014690055,D:\speech-lab\data\speechocean762\WAVE\SPEAKER1469\014690055.WAV,"blind_id,word,target_phone"
P27-511,014690055_23,so762_pilot,1469,train,6,TENNIS,s,fricative,014690055,D:\speech-lab\data\speechocean762\WAVE\SPEAKER1469\014690055.WAV,"blind_id,word,target_phone"
P27-512,014690062_2,so762_pilot,1469,train,6,DOES,z,fricative,014690062,D:\speech-lab\data\speechocean762\WAVE\SPEAKER1469\014690062.WAV,"blind_id,word,target_phone"
P27-513,014690062_6,so762_pilot,1469,train,6,LOWEN,n,nasal,014690062,D:\speech-lab\data\speechocean762\WAVE\SPEAKER1469\014690062.WAV,"blind_id,word,target_phone"
P27-514,014690062_9,so762_pilot,1469,train,6,LIKE,k,stop,014690062,D:\speech-lab\data\speechocean762\WAVE\SPEAKER1469\014690062.WAV,"blind_id,word,target_phone"
P27-515,014690062_15,so762_pilot,1469,train,6,STEAK,k,stop,014690062,D:\speech-lab\data\speechocean762\WAVE\SPEAKER1469\014690062.WAV,"blind_id,word,target_phone"
P27-516,014690067_6,so762_pilot,1469,train,6,ATE,t,stop,014690067,D:\speech-lab\data\speechocean762\WAVE\SPEAKER1469\014690067.WAV,"blind_id,word,target_phone"
P27-517,014690067_11,so762_pilot,1469,train,6,LITTLE,l,liquid,014690067,D:\speech-lab\data\speechocean762\WAVE\SPEAKER1469\014690067.WAV,"blind_id,word,target_phone"
P27-518,014690067_14,so762_pilot,1469,train,6,MEAT,t,stop,014690067,D:\speech-lab\data\speechocean762\WAVE\SPEAKER1469\014690067.WAV,"blind_id,word,target_phone"
P27-519,014690074_6,so762_pilot,1469,train,6,HAS,z,fricative,014690074,D:\speech-lab\data\speechocean762\WAVE\SPEAKER1469\014690074.WAV,"blind_id,word,target_phone"
P27-520,014690074_10,so762_pilot,1469,train,6,BIG,ɡ,stop,014690074,D:\speech-lab\data\speechocean762\WAVE\SPEAKER1469\014690074.WAV,"blind_id,word,target_phone"
P27-521,014690082_2,so762_pilot,1469,train,6,TIM,m,nasal,014690082,D:\speech-lab\data\speechocean762\WAVE\SPEAKER1469\014690082.WAV,"blind_id,word,target_phone"
P27-522,014690082_6,so762_pilot,1469,train,6,LOVES,z,fricative,014690082,D:\speech-lab\data\speechocean762\WAVE\SPEAKER1469\014690082.WAV,"blind_id,word,target_phone"
P27-523,014690110_4,so762_pilot,1469,train,6,JACK,k,stop,014690110,D:\speech-lab\data\speechocean762\WAVE\SPEAKER1469\014690110.WAV,"blind_id,word,target_phone"
P27-524,014690110_8,so762_pilot,1469,train,6,WENT,t,stop,014690110,D:\speech-lab\data\speechocean762\WAVE\SPEAKER1469\014690110.WAV,"blind_id,word,target_phone"
P27-525,014690110_21,so762_pilot,1469,train,6,CLASSROOM,m,nasal,014690110,D:\speech-lab\data\speechocean762\WAVE\SPEAKER1469\014690110.WAV,"blind_id,word,target_phone"
P27-526,014690113_4,so762_pilot,1469,train,6,MIKE,k,stop,014690113,D:\speech-lab\data\speechocean762\WAVE\SPEAKER1469\014690113.WAV,"blind_id,word,target_phone"
P27-527,014690113_8,so762_pilot,1469,train,6,WENT,t,stop,014690113,D:\speech-lab\data\speechocean762\WAVE\SPEAKER1469\014690113.WAV,"blind_id,word,target_phone"
P27-528,014690113_19,so762_pilot,1469,train,6,LIVING,ŋ,nasal,014690113,D:\speech-lab\data\speechocean762\WAVE\SPEAKER1469\014690113.WAV,"blind_id,word,target_phone"
P27-529,014690113_22,so762_pilot,1469,train,6,ROOM,m,nasal,014690113,D:\speech-lab\data\speechocean762\WAVE\SPEAKER1469\014690113.WAV,"blind_id,word,target_phone"
P27-530,014690121_7,so762_pilot,1469,train,6,WASHED,t,stop,014690121,D:\speech-lab\data\speechocean762\WAVE\SPEAKER1469\014690121.WAV,"blind_id,word,target_phone"
P27-531,014690125_2,so762_pilot,1469,train,6,JACK,k,stop,014690125,D:\speech-lab\data\speechocean762\WAVE\SPEAKER1469\014690125.WAV,"blind_id,word,target_phone"
P27-532,014690125_5,so762_pilot,1469,train,6,THIS,s,fricative,014690125,D:\speech-lab\data\speechocean762\WAVE\SPEAKER1469\014690125.WAV,"blind_id,word,target_phone"
P27-533,014690125_7,so762_pilot,1469,train,6,IS,z,fricative,014690125,D:\speech-lab\data\speechocean762\WAVE\SPEAKER1469\014690125.WAV,"blind_id,word,target_phone"
P27-534,014690125_12,so762_pilot,1469,train,6,CARROT,t,stop,014690125,D:\speech-lab\data\speechocean762\WAVE\SPEAKER1469\014690125.WAV,"blind_id,word,target_phone"
P27-535,014690136_6,so762_pilot,1469,train,6,THIS,s,fricative,014690136,D:\speech-lab\data\speechocean762\WAVE\SPEAKER1469\014690136.WAV,"blind_id,word,target_phone"
P27-536,014690136_8,so762_pilot,1469,train,6,IS,z,fricative,014690136,D:\speech-lab\data\speechocean762\WAVE\SPEAKER1469\014690136.WAV,"blind_id,word,target_phone"
P27-537,014690136_14,so762_pilot,1469,train,6,GARLIC,k,stop,014690136,D:\speech-lab\data\speechocean762\WAVE\SPEAKER1469\014690136.WAV,"blind_id,word,target_phone"
P27-538,014690144_6,so762_pilot,1469,train,6,WILL,l,liquid,014690144,D:\speech-lab\data\speechocean762\WAVE\SPEAKER1469\014690144.WAV,"blind_id,word,target_phone"
P27-539,014690144_10,so762_pilot,1469,train,6,ARRIVE,v,fricative,014690144,D:\speech-lab\data\speechocean762\WAVE\SPEAKER1469\014690144.WAV,"blind_id,word,target_phone"
P27-540,014690144_12,so762_pilot,1469,train,6,IN,n,nasal,014690144,D:\speech-lab\data\speechocean762\WAVE\SPEAKER1469\014690144.WAV,"blind_id,word,target_phone"
P27-541,014690150_2,so762_pilot,1469,train,6,AND,d,stop,014690150,D:\speech-lab\data\speechocean762\WAVE\SPEAKER1469\014690150.WAV,"blind_id,word,target_phone"
P27-542,014690150_8,so762_pilot,1469,train,6,IT,t,stop,014690150,D:\speech-lab\data\speechocean762\WAVE\SPEAKER1469\014690150.WAV,"blind_id,word,target_phone"
P27-543,014690167_5,so762_pilot,1469,train,6,NOT,t,stop,014690167,D:\speech-lab\data\speechocean762\WAVE\SPEAKER1469\014690167.WAV,"blind_id,word,target_phone"
P27-544,014690167_10,so762_pilot,1469,train,6,THAT,t,stop,014690167,D:\speech-lab\data\speechocean762\WAVE\SPEAKER1469\014690167.WAV,"blind_id,word,target_phone"
P27-545,014690167_14,so762_pilot,1469,train,6,CAN,n,nasal,014690167,D:\speech-lab\data\speechocean762\WAVE\SPEAKER1469\014690167.WAV,"blind_id,word,target_phone"
P27-546,014690167_18,so762_pilot,1469,train,6,HELP,p,stop,014690167,D:\speech-lab\data\speechocean762\WAVE\SPEAKER1469\014690167.WAV,"blind_id,word,target_phone"
