file,utterance,speaker_id,siak_score,duration_s,soft_full,confidence_0_1,n_hits,n_exact,n_soft,n_miss,mean_sim,mean_posterior,processing_s,error
test141fifi09_001_t00000000_write.flac,write,test141_fifi,73,0.8,100.0,0.094,3,3,0,0,1.0,0.094398,15.54,
test141fifi09_009_t00000221_read.flac,read,test141_fifi,10,0.29,14.2,0.001,3,0,2,1,0.1421,0.001959,0.3,
test141fifi09_017_t00000486_sorry.flac,sorry,test141_fifi,79,0.79,80.1,0.055,4,3,1,0,0.801,0.064954,0.43,
test141fifi09_023_t00000612_river.flac,river,test141_fifi,17,1.02,30.0,0.003,4,1,1,2,0.3,0.00666,0.43,
test141fifi09_031_t01209343_leaf.flac,leaf,test141_fifi,81,1.02,100.0,0.051,3,3,0,0,1.0,0.050938,0.41,
test141fifi09_041_t01209553_wrong.flac,wrong,test141_fifi,17,2.516,11.7,0.0,3,0,2,1,0.1167,0.000133,0.65,
test141fifi09_046_t01209679_hard.flac,hard,test141_fifi,43,0.69,54.4,0.004,4,2,1,1,0.5439,0.005784,0.35,
test141fifi09_051_t01209769_dark.flac,dark,test141_fifi,23,0.58,100.0,0.056,4,4,0,0,1.0,0.056027,0.32,
test141fifi09_056_t01209941_hard.flac,hard,test141_fifi,39,0.57,100.0,0.095,4,4,0,0,1.0,0.095212,0.35,
test141fifi09_062_t01210063_soft.flac,soft,test141_fifi,81,1.07,100.0,0.062,4,4,0,0,1.0,0.062384,0.46,
test141fifi09_069_t01210232_cool.flac,cool,test141_fifi,80,0.656,100.0,0.058,3,3,0,0,1.0,0.058471,0.36,
test141fifi09_076_t01210382_pig.flac,pig,test141_fifi,83,0.91,42.5,0.0,3,1,1,1,0.4252,0.000823,0.38,
test141fifi09_082_t01210500_chicken.flac,chicken,test141_fifi,28,0.52,80.0,0.088,5,4,0,1,0.8002,0.111123,0.32,
test141fifi09_087_t01210605_grass.flac,grass,test141_fifi,49,0.61,29.4,0.001,4,1,1,2,0.2939,0.001238,0.34,
test141fifi09_092_t01210729_country.flac,country,test141_fifi,19,0.5,50.0,0.001,6,3,0,3,0.5001,0.002774,0.32,
test141fifi09_097_t01210832_carrot.flac,carrot,test141_fifi,69,0.98,80.0,0.052,5,4,0,1,0.8,0.066239,0.39,
test141fifi09_105_t01210989_cut.flac,cut,test141_fifi,40,0.82,72.5,0.03,3,2,1,0,0.7253,0.036886,0.36,
test141fifi09_111_t01211159_fit.flac,fit,test141_fifi,97,0.88,100.0,0.066,3,3,0,0,1.0,0.066141,0.36,
test141fifi09_117_t01211314_buy.flac,buy,test141_fifi,48,0.94,100.0,0.044,2,2,0,0,1.0,0.044278,0.38,
test141fifi09_122_t01211408_money.flac,money,test141_fifi,96,0.79,100.0,0.077,4,4,0,0,1.0,0.07669,0.41,
test144fifi07_001_t00000000_friend.flac,friend,test144_fifi,57,0.97,100.0,0.176,5,5,0,0,1.0,0.175949,0.4,
test144fifi07_006_t00000082_write.flac,write,test144_fifi,19,1.42,72.5,0.028,3,2,1,0,0.7251,0.034943,0.46,
test144fifi07_010_t00000180_bye-bye.flac,bye bye,test144_fifi,64,0.91,100.0,0.079,4,4,0,0,1.0,0.078686,0.36,
test144fifi07_015_t00000279_come-on.flac,come on,test144_fifi,68,1.14,83.6,0.093,5,4,1,0,0.836,0.105387,0.43,
test144fifi07_019_t00000368_moon.flac,moon,test144_fifi,59,0.79,67.0,0.026,3,2,0,1,0.6698,0.039234,0.35,
test144fifi07_023_t00000460_flower.flac,flower,test144_fifi,53,0.91,50.0,0.014,4,2,0,2,0.5,0.027524,0.36,
test144fifi07_029_t00159299_lake.flac,lake,test144_fifi,96,0.91,66.7,0.019,3,2,0,1,0.6667,0.02902,0.43,
test144fifi07_032_t00159361_air.flac,air,test144_fifi,62,1.06,100.0,0.022,2,2,0,0,1.0,0.021815,0.4,
test144fifi07_039_t00421240_cool.flac,cool,test144_fifi,28,0.77,100.0,0.1,3,3,0,0,1.0,0.099609,0.36,
test144fifi07_043_t00421363_bad.flac,bad,test144_fifi,2,0.77,66.7,0.014,3,2,0,1,0.6667,0.021481,0.34,
test144fifi07_051_t00520801_pig.flac,pig,test144_fifi,84,0.73,42.5,0.013,3,1,1,1,0.4253,0.025816,0.35,
test144fifi07_055_t00600426_dog.flac,dog,test144_fifi,30,1.17,33.3,0.002,3,1,0,2,0.3333,0.005408,0.42,
test144fifi07_062_t00600565_berry.flac,berry,test144_fifi,31,1.13,100.0,0.131,4,4,0,0,1.0,0.130823,0.43,
test144fifi07_070_t00600777_belt.flac,belt,test144_fifi,47,1.08,29.4,0.0,4,1,1,2,0.2938,0.000244,0.43,
test144fifi07_073_t00600841_wear.flac,wear,test144_fifi,89,1.38,100.0,0.04,3,3,0,0,1.0,0.040202,0.47,
test144fifi07_079_t00600979_movie.flac,movie,test144_fifi,96,1.61,75.0,0.051,4,3,0,1,0.7502,0.068173,0.51,
test144fifi07_083_t00601056_swim.flac,swim,test144_fifi,61,1.0,50.1,0.001,4,2,0,2,0.501,0.002737,0.4,
test144fifi07_086_t00601111_game.flac,game,test144_fifi,58,0.89,72.5,0.03,3,2,1,0,0.725,0.037492,0.37,
test144fifi07_091_t00601244_ice-hockey.flac,ice hockey,test144_fifi,53,1.19,37.2,0.009,6,2,1,3,0.3717,0.019042,0.5,
test144fifi07_098_t00601447_neighbour.flac,neighbour,test144_fifi,85,0.87,25.0,0.003,4,1,0,3,0.25,0.007297,0.47,
test145enuk12_000_t00000000_bye-bye.flac,bye bye,test145_enuk,51,0.9,100.0,0.071,4,4,0,0,1.0,0.071179,0.39,
test145enuk12_004_t00000061_bush.flac,bush,test145_enuk,70,0.5,66.7,0.006,3,2,0,1,0.6667,0.009732,0.31,
test145enuk12_009_t00000110_hard.flac,hard,test145_enuk,86,0.89,100.0,0.104,4,4,0,0,1.0,0.104268,0.38,
test145enuk12_014_t00000155_quiet.flac,quiet,test145_enuk,59,0.78,100.0,0.099,5,5,0,0,1.0,0.098904,0.37,
test145enuk12_018_t00000211_butter.flac,butter,test145_enuk,96,0.73,54.4,0.02,4,2,1,1,0.5439,0.033274,0.35,
test145enuk12_025_t00000300_listen.flac,listen,test145_enuk,98,0.95,80.0,0.112,5,4,0,1,0.8002,0.140812,0.39,
test145enuk12_029_t00000331_feel.flac,feel,test145_enuk,98,0.8,100.0,0.063,3,3,0,0,1.0,0.062739,0.36,
test145enuk12_034_t00000403_well-done.flac,well done,test145_enuk,80,1.08,100.0,0.155,6,6,0,0,1.0,0.15539,0.43,
test145enuk12_038_t00000444_i-am-sorry.flac,i am sorry,test145_enuk,92,1.34,85.7,0.072,7,6,0,1,0.8571,0.085324,0.5,
test145enuk12_043_t00000509_hat.flac,hat,test145_enuk,51,0.6,33.4,0.001,3,1,0,2,0.3341,0.001711,0.33,
test145enuk12_047_t00000564_dog.flac,dog,test145_enuk,56,0.93,33.3,0.003,3,1,0,2,0.3333,0.006772,0.45,
test145enuk12_051_t00000595_cow.flac,cow,test145_enuk,67,0.5,50.0,0.012,2,1,0,1,0.5,0.022791,0.3,
test145enuk12_056_t00000640_tongue.flac,tongue,test145_enuk,84,0.55,33.4,0.015,3,1,0,2,0.3344,0.037404,0.32,
test145enuk12_060_t00000690_carrot.flac,carrot,test145_enuk,82,0.92,100.0,0.106,5,5,0,0,1.0,0.106391,0.39,
test145enuk12_065_t00000739_sister.flac,sister,test145_enuk,96,1.05,80.0,0.053,5,4,0,1,0.8,0.067121,0.42,
test145enuk12_069_t00000800_hand.flac,hand,test145_enuk,25,0.6,75.0,0.02,4,3,0,1,0.75,0.026802,0.33,
test145enuk12_074_t00000864_feet.flac,feet,test145_enuk,51,0.66,100.0,0.047,3,3,0,0,1.0,0.046587,0.33,
test145enuk12_078_t00000921_low.flac,low,test145_enuk,82,1.12,50.0,0.005,2,1,0,1,0.5,0.00947,0.4,
test145enuk12_083_t00000964_wrong.flac,wrong,test145_enuk,85,0.67,73.5,0.024,3,2,1,0,0.7349,0.029904,0.36,
test145enuk12_089_t00001045_leaf.flac,leaf,test145_enuk,91,0.63,100.0,0.081,3,3,0,0,1.0,0.081286,0.32,
test147enuk08_000_t00000000_come-on.flac,come on,test147_enuk,92,1.23,83.5,0.043,5,4,1,0,0.8352,0.048517,0.45,
test147enuk08_003_t00000054_teacher.flac,teacher,test147_enuk,37,0.47,50.0,0.014,4,2,0,2,0.5001,0.0267,0.32,
test147enuk08_010_t00000140_coat.flac,coat,test147_enuk,21,0.45,33.4,0.006,3,1,0,2,0.3341,0.014215,0.27,
test147enuk08_015_t00000183_shop.flac,shop,test147_enuk,12,0.57,73.4,0.007,3,2,1,0,0.7342,0.008614,0.35,
test147enuk08_025_t00000340_sound.flac,sound,test147_enuk,58,0.82,56.3,0.002,4,2,1,1,0.5628,0.003361,0.37,
test147enuk08_029_t00000381_tongue.flac,tongue,test147_enuk,81,0.54,33.4,0.014,3,1,0,2,0.3341,0.034404,0.33,
test147enuk08_033_t00000436_my-name-is.flac,my name is,test147_enuk,97,1.32,85.7,0.089,7,6,0,1,0.8571,0.10522,0.47,
test147enuk08_038_t00000512_meat.flac,meat,test147_enuk,43,0.63,100.0,0.018,3,3,0,0,1.0,0.018089,0.33,
test147enuk08_042_t00000563_sun.flac,sun,test147_enuk,83,1.09,72.5,0.025,3,2,1,0,0.7253,0.031211,0.4,
test147enuk08_045_t00000603_pig.flac,pig,test147_enuk,95,0.75,33.3,0.004,3,1,0,2,0.3333,0.009079,0.35,
test147enuk08_052_t00000694_game.flac,game,test147_enuk,81,0.74,100.0,0.044,3,3,0,0,1.0,0.043745,0.35,
test147enuk08_056_t00000725_ball.flac,ball,test147_enuk,68,0.77,33.3,0.001,3,1,0,2,0.3333,0.0018,0.32,
test147enuk08_060_t00000766_taste.flac,taste,test147_enuk,95,1.06,100.0,0.076,4,4,0,0,1.0,0.076281,0.41,
test147enuk08_063_t00000788_feel.flac,feel,test147_enuk,95,0.84,66.7,0.023,3,2,0,1,0.6672,0.033878,0.36,
test147enuk08_067_t00000835_lips.flac,lips,test147_enuk,37,0.53,25.0,0.004,4,1,0,3,0.25,0.010979,0.3,
test147enuk08_071_t00000887_i-live-in-finland.flac,i live in finland,test147_enuk,54,0.88,32.7,0.013,13,4,1,8,0.3272,0.031394,0.39,
test147enuk08_075_t00000948_toe.flac,toe,test147_enuk,82,1.01,50.0,0.005,2,1,0,1,0.5,0.009435,0.43,
test147enuk08_078_t00000996_finger.flac,finger,test147_enuk,81,0.98,60.0,0.03,5,3,0,2,0.6,0.049468,0.39,
test147enuk08_082_t00001040_sound.flac,sound,test147_enuk,53,1.09,56.4,0.013,4,2,1,1,0.5639,0.021768,0.42,
test147enuk08_086_t00001077_hear.flac,hear,test147_enuk,94,1.11,66.7,0.002,3,2,0,1,0.6668,0.003684,0.44,
test151othr09_001_t00000000_come-on.flac,come on,test151_othr,33,0.51,83.6,0.054,5,4,1,0,0.8356,0.061633,0.34,
test151othr09_006_t00000108_boy.flac,boy,test151_othr,84,0.68,50.0,0.008,2,1,0,1,0.5,0.015174,0.33,
test151othr09_009_t00000179_say.flac,say,test151_othr,87,0.99,50.0,0.005,2,1,0,1,0.5,0.010299,0.41,
test151othr09_013_t00000275_boy.flac,boy,test151_othr,83,0.93,50.0,0.006,2,1,0,1,0.5,0.010876,0.37,
test151othr09_016_t00000344_say.flac,say,test151_othr,84,1.02,100.0,0.034,2,2,0,0,1.0,0.034382,0.4,
test151othr09_018_t00000404_sorry.flac,sorry,test151_othr,86,0.96,100.0,0.062,4,4,0,0,1.0,0.061772,0.39,
test151othr09_022_t00000491_friend.flac,friend,test151_othr,16,0.65,100.0,0.187,5,5,0,0,1.0,0.186864,0.43,
test151othr09_024_t00000549_moon.flac,moon,test151_othr,85,0.84,100.0,0.048,3,3,0,0,1.0,0.048051,0.35,
test151othr09_027_t00000623_river.flac,river,test151_othr,73,0.83,25.0,0.002,4,1,0,3,0.25,0.006712,0.37,
test151othr09_029_t00000678_river.flac,river,test151_othr,84,0.89,25.0,0.002,4,1,0,3,0.25,0.006974,0.38,
test151othr09_039_t00000906_round.flac,round,test151_othr,81,1.14,100.0,0.069,4,4,0,0,1.0,0.068854,0.4,
test151othr09_042_t00000978_wet.flac,wet,test151_othr,38,1.58,100.0,0.07,3,3,0,0,1.0,0.07014,0.51,
test151othr09_044_t00001054_wrong.flac,wrong,test151_othr,84,0.61,66.8,0.037,3,2,0,1,0.6677,0.055786,0.32,
test151othr09_048_t00001142_field.flac,field,test151_othr,97,1.03,75.0,0.057,4,3,0,1,0.7502,0.076503,0.4,
test151othr09_050_t00001176_horse.flac,horse,test151_othr,98,0.97,100.0,0.078,4,4,0,0,1.0,0.07751,0.38,
test151othr09_053_t00001235_country.flac,country,test151_othr,96,1.07,86.3,0.105,6,5,1,0,0.8627,0.116421,0.42,
test151othr09_057_t00001416_bake.flac,bake,test151_othr,83,0.95,100.0,0.077,3,3,0,0,1.0,0.077131,0.39,
test151othr09_063_t00001579_fit.flac,fit,test151_othr,82,1.39,33.3,0.002,3,1,0,2,0.3333,0.005168,0.45,
test151othr09_066_t00001642_shop.flac,shop,test151_othr,95,0.79,100.0,0.067,3,3,0,0,1.0,0.067113,0.34,
test151othr09_069_t00001712_shirt.flac,shirt,test151_othr,83,1.18,33.3,0.002,3,1,0,2,0.3333,0.005431,0.42,
train018fifi09_004_t00000000_sorry.flac,sorry,train018_fifi,62,0.9,75.0,0.023,4,3,0,1,0.75,0.030861,0.38,
train018fifi09_025_t00080623_sea.flac,sea,train018_fifi,82,0.54,100.0,0.05,2,2,0,0,1.0,0.050467,0.35,
train018fifi09_045_t00444764_loud.flac,loud,train018_fifi,21,0.66,33.3,0.005,3,1,0,2,0.3334,0.011774,0.32,
train018fifi09_067_t00445547_bad.flac,bad,train018_fifi,11,0.67,33.3,0.001,3,1,0,2,0.3334,0.002748,0.32,
train018fifi09_124_t00600999_shoe.flac,shoe,train018_fifi,1,0.5,0.0,0.0,2,0,0,2,0.0001,0.000285,0.3,
train018fifi09_169_t01035956_fun.flac,fun,train018_fifi,20,2.526,5.9,0.0,3,0,1,2,0.0586,0.000555,0.64,
train018fifi09_217_t01491411_sound.flac,sound,train018_fifi,17,0.46,50.1,0.007,4,2,0,2,0.5006,0.012505,0.4,
train018fifi09_249_t01647344_toe.flac,toe,train018_fifi,90,0.49,50.0,0.005,2,1,0,1,0.5001,0.009692,0.29,
train018fifi09_269_t01821428_cucumber.flac,cucumber,train018_fifi,50,0.57,29.4,0.009,8,2,2,4,0.294,0.022466,0.31,
train018fifi09_287_t01821893_dream.flac,dream,train018_fifi,32,0.83,100.0,0.058,4,4,0,0,1.0,0.057987,0.35,
train018fifi09_329_t02177855_use.flac,use,train018_fifi,83,0.93,66.7,0.026,3,2,0,1,0.6667,0.038434,0.34,
train018fifi09_348_t02498888_throw.flac,throw,train018_fifi,45,0.52,39.2,0.006,3,1,1,1,0.3917,0.012554,0.31,
train018fifi09_368_t02499199_sleep.flac,sleep,train018_fifi,81,0.76,100.0,0.162,4,4,0,0,1.0,0.162296,0.34,
train018fifi09_393_t02697455_these.flac,these,train018_fifi,18,0.52,33.3,0.001,3,1,0,2,0.3334,0.002188,0.31,
train018fifi09_409_t02697851_the.flac,the,train018_fifi,94,0.6,50.0,0.002,2,1,0,1,0.5,0.004548,0.31,
train018fifi09_426_t02698143_thick.flac,thick,train018_fifi,49,0.53,75.9,0.027,3,2,1,0,0.7585,0.033305,0.29,
train018fifi09_445_t02763047_swedish.flac,swedish,train018_fifi,80,1.23,54.2,0.022,6,3,1,2,0.5417,0.03698,0.41,
train018fifi09_458_t02763259_england.flac,england,train018_fifi,22,0.54,31.2,0.003,7,2,1,4,0.312,0.00662,0.31,
train018fifi09_493_t03019659_maths.flac,maths,train018_fifi,80,0.96,0.0,0.0,0,0,0,0,0.0,0.0,0.33,
train018fifi09_508_t03019849_bath.flac,bath,train018_fifi,23,0.62,5.9,0.001,3,0,1,2,0.0591,0.001922,0.31,
train023fifi08_001_t00000000_book.flac,book,train023_fifi,29,0.31,66.7,0.062,3,2,0,1,0.667,0.093013,0.27,
train023fifi08_007_t00000073_friend.flac,friend,train023_fifi,19,0.752,100.0,0.131,5,5,0,0,1.0,0.131429,0.38,
train023fifi08_017_t00000189_play.flac,play,train023_fifi,89,0.54,5.9,0.0,3,0,1,2,0.0591,0.001696,0.3,
train023fifi08_026_t00000290_girl.flac,girl,train023_fifi,64,0.782,5.8,0.0,3,0,1,2,0.0584,0.000285,0.34,
train023fifi08_033_t00000364_say.flac,say,train023_fifi,68,0.712,50.0,0.007,2,1,0,1,0.5,0.01331,0.33,
train023fifi08_039_t00000423_hello.flac,hello,train023_fifi,45,0.742,50.0,0.022,4,2,0,2,0.5004,0.041111,0.34,
train023fifi08_048_t00003410_rock.flac,rock,train023_fifi,74,0.59,33.6,0.015,3,1,0,2,0.3357,0.036444,0.31,
train023fifi08_056_t00003487_cool.flac,cool,train023_fifi,11,0.43,67.1,0.006,3,2,0,1,0.6709,0.009595,0.3,
train023fifi08_066_t00003624_belt.flac,belt,train023_fifi,71,0.742,100.0,0.207,4,4,0,0,1.0,0.20711,0.33,
train023fifi08_075_t00003770_socks.flac,socks,train023_fifi,79,1.586,80.7,0.048,4,3,1,0,0.807,0.055968,0.5,
train023fifi08_086_t00006056_sorry.flac,sorry,train023_fifi,28,1.002,54.4,0.002,4,2,1,1,0.5439,0.003727,0.39,
train023fifi08_096_t00006170_socks.flac,socks,train023_fifi,84,1.024,100.0,0.054,4,4,0,0,1.0,0.053629,0.37,
train023fifi08_105_t00006259_shirt.flac,shirt,train023_fifi,47,0.914,0.0,0.0,3,0,0,3,0.0,2.6e-05,0.35,
train023fifi08_114_t00006344_money.flac,money,train023_fifi,36,0.54,54.4,0.003,4,2,1,1,0.5442,0.004465,0.3,
train023fifi08_136_t00500467_read.flac,read,train023_fifi,30,0.782,14.2,0.0,3,0,2,1,0.142,0.000997,0.34,
train023fifi08_154_t00500658_boy.flac,boy,train023_fifi,28,1.526,0.0,0.0,2,0,0,2,0.0001,0.000213,0.5,
train023fifi08_170_t00500825_school.flac,school,train023_fifi,52,0.972,75.1,0.053,4,3,0,1,0.7511,0.071311,0.4,
train023fifi08_181_t00500963_shirt.flac,shirt,train023_fifi,67,0.794,0.0,0.0,3,0,0,3,0.0001,0.00021,0.34,
train023fifi08_190_t00501064_wash.flac,wash,train023_fifi,55,0.52,5.8,0.0,3,0,1,2,0.0584,0.000431,0.3,
train023fifi08_203_t00501183_shop.flac,shop,train023_fifi,22,0.63,0.0,0.0,3,0,0,3,0.0001,0.000153,0.33,
train027fifi10_002_t00000000_learn.flac,learn,train027_fifi,21,0.58,66.8,0.028,3,2,0,1,0.6681,0.042238,0.31,
train027fifi10_011_t00000299_boy.flac,boy,train027_fifi,85,0.73,50.0,0.007,2,1,0,1,0.5,0.013695,0.33,
train027fifi10_019_t00000485_high.flac,high,train027_fifi,82,0.95,50.0,0.002,2,1,0,1,0.5,0.003608,0.35,
train027fifi10_028_t00000716_round.flac,round,train027_fifi,52,0.62,50.0,0.004,4,2,0,2,0.5003,0.008318,0.31,
train027fifi10_039_t00001062_pig.flac,pig,train027_fifi,86,0.62,75.8,0.016,3,2,1,0,0.7585,0.019534,0.33,
train027fifi10_049_t00001323_field.flac,field,train027_fifi,46,0.6,81.3,0.037,4,3,1,0,0.8125,0.04384,0.3,
train027fifi10_058_t00001612_candy.flac,candy,train027_fifi,71,1.09,100.0,0.117,5,5,0,0,1.0,0.117291,0.39,
train027fifi10_066_t00001845_wear.flac,wear,train027_fifi,92,0.75,100.0,0.056,3,3,0,0,1.0,0.055653,0.34,
train027fifi10_078_t00002150_shirt.flac,shirt,train027_fifi,39,1.22,0.0,0.0,3,0,0,3,0.0001,0.000126,0.42,
train027fifi10_086_t00003178_lemon.flac,lemon,train027_fifi,82,1.26,100.0,0.13,5,5,0,0,1.0,0.129839,0.49,
train027fifi10_094_t00003422_it.flac,it,train027_fifi,92,0.78,50.0,0.009,2,1,0,1,0.5,0.017736,0.34,
train027fifi10_102_t00003559_lion.flac,lion,train027_fifi,99,0.9,75.0,0.068,4,3,0,1,0.75,0.09084,0.33,
train027fifi10_112_t00003685_elephant.flac,elephant,train027_fifi,85,1.21,100.0,0.091,7,7,0,0,1.0,0.091225,0.44,
train027fifi10_120_t00003794_elephant.flac,elephant,train027_fifi,92,1.03,100.0,0.146,7,7,0,0,1.0,0.146247,0.4,
train027fifi10_128_t01198733_baseball.flac,baseball,train027_fifi,50,0.92,100.0,0.133,6,6,0,0,1.0,0.13304,0.39,
train027fifi10_136_t01198938_loud.flac,loud,train027_fifi,82,1.39,66.7,0.015,3,2,0,1,0.6667,0.021818,0.46,
train027fifi10_144_t01199113_good.flac,good,train027_fifi,83,0.95,100.0,0.061,3,3,0,0,1.0,0.060723,0.34,
train027fifi10_153_t01199287_flower.flac,flower,train027_fifi,87,0.88,75.0,0.009,4,3,0,1,0.75,0.012091,0.33,
train027fifi10_161_t01199442_ice-hockey.flac,ice hockey,train027_fifi,85,1.31,100.0,0.08,6,6,0,0,1.0,0.080088,0.47,
train027fifi10_173_t01199721_low.flac,low,train027_fifi,84,1.0,50.0,0.008,2,1,0,1,0.5,0.014677,0.37,
train031fifi09_001_t00000000_hen.flac,hen,train031_fifi,32,0.31,100.0,0.113,3,3,0,0,1.0,0.112621,0.27,
train031fifi09_009_t00000117_pig.flac,pig,train031_fifi,79,0.55,41.7,0.001,3,1,1,1,0.4168,0.00186,0.3,
train031fifi09_016_t00000286_carrot.flac,carrot,train031_fifi,76,0.82,80.0,0.041,5,4,0,1,0.8,0.052217,0.36,
train031fifi09_021_t00000435_candy.flac,candy,train031_fifi,59,1.24,85.0,0.024,5,4,1,0,0.85,0.027836,0.41,
train031fifi09_028_t00000611_money.flac,money,train031_fifi,94,1.04,100.0,0.065,4,4,0,0,1.0,0.064597,0.38,
train031fifi09_037_t00000846_buy.flac,buy,train031_fifi,16,0.89,50.0,0.0,2,1,0,1,0.5001,0.000412,0.31,
train031fifi09_045_t00000971_candy.flac,candy,train031_fifi,81,1.12,100.0,0.096,5,5,0,0,1.0,0.095796,0.38,
train031fifi09_056_t00001153_north.flac,north,train031_fifi,22,0.81,29.5,0.007,4,1,1,2,0.2947,0.016619,0.34,
train031fifi09_062_t00001277_thing.flac,thing,train031_fifi,19,1.52,39.2,0.004,3,1,1,1,0.3917,0.00764,0.46,
train031fifi09_069_t00001396_theatre.flac,theatre,train031_fifi,36,1.05,3.5,0.0,5,0,1,4,0.035,8.7e-05,0.53,
train031fifi09_081_t00001529_there.flac,there,train031_fifi,42,0.97,0.0,0.0,3,0,0,3,0.0001,0.000134,0.35,
train031fifi09_090_t00001587_brother.flac,brother,train031_fifi,43,0.64,40.0,0.008,5,2,0,3,0.4,0.018949,0.32,
train031fifi09_097_t00001766_round.flac,round,train031_fifi,72,1.47,56.6,0.017,4,2,1,1,0.566,0.027178,0.46,
train031fifi09_112_t00002042_hen.flac,hen,train031_fifi,94,0.78,100.0,0.09,3,3,0,0,1.0,0.090183,0.33,
train031fifi09_138_t00002365_grass.flac,grass,train031_fifi,19,0.51,0.0,0.0,4,0,0,4,0.0004,0.000771,0.36,
train031fifi09_150_t00002643_breakfast.flac,breakfast,train031_fifi,4,0.98,27.8,0.008,8,2,1,5,0.2783,0.020544,0.38,
train031fifi09_156_t00002699_dream.flac,dream,train031_fifi,77,1.17,79.4,0.023,4,3,1,0,0.7938,0.02724,0.39,
train031fifi09_164_t00002776_candy.flac,candy,train031_fifi,50,0.8,100.0,0.195,5,5,0,0,1.0,0.194598,0.35,
train031fifi09_178_t00002952_socks.flac,socks,train031_fifi,40,1.01,61.3,0.009,4,2,2,0,0.6126,0.013009,0.39,
train031fifi09_186_t00003032_best.flac,best,train031_fifi,20,0.87,80.6,0.017,4,3,1,0,0.8063,0.019488,0.35,
train038enuk07_000_t00000000_write.flac,write,train038_enuk,16,0.7,66.7,0.034,3,2,0,1,0.6668,0.050938,0.33,
train038enuk07_005_t00000054_school.flac,school,train038_enuk,66,1.08,54.6,0.03,4,2,1,1,0.5456,0.048579,0.43,
train038enuk07_011_t00000137_breakfast.flac,breakfast,train038_enuk,61,1.57,100.0,0.109,8,8,0,0,1.0,0.109373,0.51,
train038enuk07_016_t00000213_cap.flac,cap,train038_enuk,47,0.89,66.7,0.027,3,2,0,1,0.6667,0.040748,0.35,
train038enuk07_022_t00000264_socks.flac,socks,train038_enuk,13,0.9,25.0,0.0,4,1,0,3,0.25,0.000986,0.35,
train038enuk07_029_t00000424_family.flac,family,train038_enuk,89,1.02,100.0,0.123,6,6,0,0,1.0,0.123332,0.4,
train038enuk07_035_t00000504_hard.flac,hard,train038_enuk,82,0.92,100.0,0.096,4,4,0,0,1.0,0.096168,0.34,
train038enuk07_042_t00000618_eye.flac,eye,train038_enuk,96,0.84,100.0,0.001,1,1,0,0,1.0,0.001462,0.33,
train038enuk07_047_t00000660_face.flac,face,train038_enuk,93,1.12,100.0,0.034,3,3,0,0,1.0,0.034188,0.38,
train038enuk07_052_t00000736_play.flac,play,train038_enuk,94,0.88,33.4,0.004,3,1,0,2,0.3339,0.011127,0.33,
train038enuk07_058_t00000841_cool.flac,cool,train038_enuk,71,0.77,6.0,0.001,3,0,1,2,0.0599,0.003242,0.32,
train038enuk07_065_t00000913_sheep.flac,sheep,train038_enuk,34,0.76,0.0,0.0,3,0,0,3,0.0,8.4e-05,0.33,
train038enuk07_072_t00000991_lick.flac,lick,train038_enuk,53,0.61,75.8,0.014,3,2,1,0,0.7583,0.017447,0.3,
train038enuk07_077_t00001060_hand.flac,hand,train038_enuk,46,0.56,81.3,0.027,4,3,1,0,0.8125,0.031806,0.3,
train038enuk07_083_t00001146_buy.flac,buy,train038_enuk,53,0.96,100.0,0.045,2,2,0,0,1.0,0.04535,0.32,
train038enuk07_090_t00001229_old.flac,old,train038_enuk,46,0.62,5.8,0.0,3,0,1,2,0.0584,0.000338,0.33,
train038enuk07_097_t00001355_eat.flac,eat,train038_enuk,17,0.46,0.1,0.0,2,0,0,2,0.0005,0.001099,0.3,
train038enuk07_105_t00001516_parents.flac,parents,train038_enuk,21,0.81,75.0,0.065,7,5,1,1,0.75,0.084826,0.38,
train038enuk07_111_t00001590_hear.flac,hear,train038_enuk,93,0.73,0.0,0.0,3,0,0,3,0.0004,0.000861,0.31,
train038enuk07_117_t00001659_speak.flac,speak,train038_enuk,42,0.94,100.0,0.048,4,4,0,0,1.0,0.047578,0.35,
train045fifi09_001_t00000000_play.flac,play,train045_fifi,83,0.89,66.7,0.027,3,2,0,1,0.6667,0.041043,0.34,
train045fifi09_006_t00000176_school.flac,school,train045_fifi,56,0.94,100.0,0.053,4,4,0,0,1.0,0.053256,0.35,
train045fifi09_014_t00000398_say.flac,say,train045_fifi,83,1.14,100.0,0.026,2,2,0,0,1.0,0.026086,0.41,
train045fifi09_020_t00000558_leaf.flac,leaf,train045_fifi,96,1.13,100.0,0.044,3,3,0,0,1.0,0.043673,0.41,
train045fifi09_028_t00000707_rock.flac,rock,train045_fifi,79,0.57,100.0,0.125,3,3,0,0,1.0,0.125475,0.33,
train045fifi09_033_t00000835_bad.flac,bad,train045_fifi,13,0.59,33.3,0.001,3,1,0,2,0.3334,0.003363,0.32,
train045fifi09_040_t00001002_dark.flac,dark,train045_fifi,17,0.7,100.0,0.022,4,4,0,0,1.0,0.022291,0.32,
train045fifi09_044_t00001106_mouse.flac,mouse,train045_fifi,71,1.16,100.0,0.04,3,3,0,0,1.0,0.04005,0.4,
train045fifi09_051_t00001282_pig.flac,pig,train045_fifi,92,0.7,42.5,0.004,3,1,1,1,0.4251,0.007709,0.33,
train045fifi09_060_t00001539_mouse.flac,mouse,train045_fifi,85,0.95,100.0,0.042,3,3,0,0,1.0,0.041517,0.34,
train045fifi09_078_t02419314_sheep.flac,sheep,train045_fifi,40,0.8,33.3,0.004,3,1,0,2,0.3333,0.010476,0.34,
train045fifi09_083_t02419416_farmer.flac,farmer,train045_fifi,21,1.3,23.5,0.003,5,1,1,3,0.2351,0.007015,0.44,
train045fifi09_092_t02419817_candy.flac,candy,train045_fifi,70,1.19,100.0,0.135,5,5,0,0,1.0,0.13458,0.41,
train045fifi09_097_t02419998_shoe.flac,shoe,train045_fifi,56,1.16,50.0,0.002,2,1,0,1,0.5001,0.003667,0.39,
train045fifi09_100_t02420075_hat.flac,hat,train045_fifi,31,1.18,100.0,0.024,3,3,0,0,1.0,0.023616,0.4,
train045fifi09_104_t02420160_wear.flac,wear,train045_fifi,63,1.05,39.2,0.009,3,1,1,1,0.3917,0.018484,0.4,
train045fifi09_109_t02420291_ball.flac,ball,train045_fifi,23,0.96,72.5,0.023,3,2,1,0,0.725,0.02878,0.35,
train045fifi09_113_t02420390_movie.flac,movie,train045_fifi,81,1.38,80.0,0.01,4,3,1,0,0.8,0.011627,0.43,
train045fifi09_117_t02420484_party.flac,party,train045_fifi,83,1.26,84.1,0.033,5,4,1,0,0.8413,0.037361,0.43,
train045fifi09_123_t02420673_baseball.flac,baseball,train045_fifi,39,1.45,11.3,0.0,6,0,3,3,0.1126,0.000335,0.47,
train050fifi11_001_t00000000_home.flac,home,train050_fifi,91,0.77,100.0,0.039,3,3,0,0,1.0,0.039138,0.35,
train050fifi11_006_t00000145_read.flac,read,train050_fifi,14,1.07,66.7,0.028,3,2,0,1,0.667,0.04242,0.39,
train050fifi11_011_t00000254_boy.flac,boy,train050_fifi,58,0.57,50.0,0.009,2,1,0,1,0.5,0.017797,0.3,
train050fifi11_016_t00000378_sun.flac,sun,train050_fifi,67,0.87,72.5,0.022,3,2,1,0,0.7251,0.028049,0.34,
train050fifi11_020_t00000472_sand.flac,sand,train050_fifi,74,1.1,100.0,0.085,4,4,0,0,1.0,0.085319,0.39,
train050fifi11_025_t01206564_right.flac,right,train050_fifi,19,0.78,100.0,0.254,3,3,0,0,1.0,0.254304,0.34,
train050fifi11_030_t01206644_dark.flac,dark,train050_fifi,73,1.18,50.1,0.014,4,2,0,2,0.5008,0.025973,0.39,
train050fifi11_035_t01206771_loud.flac,loud,train050_fifi,80,0.83,66.7,0.027,3,2,0,1,0.6667,0.041099,0.51,
train050fifi11_040_t01206965_cow.flac,cow,train050_fifi,54,0.68,50.0,0.008,2,1,0,1,0.5,0.014874,0.32,
train050fifi11_045_t01207057_hay.flac,hay,train050_fifi,23,0.72,50.0,0.009,2,1,0,1,0.5,0.01699,0.35,
train050fifi11_049_t01207131_cat.flac,cat,train050_fifi,82,0.56,100.0,0.102,3,3,0,0,1.0,0.10237,0.31,
train050fifi11_057_t01207489_bread.flac,bread,train050_fifi,69,0.67,75.0,0.065,4,3,0,1,0.75,0.0872,0.34,
train050fifi11_063_t01207637_socks.flac,socks,train050_fifi,92,0.96,100.0,0.042,4,4,0,0,1.0,0.042413,0.35,
train050fifi11_069_t01207784_shop.flac,shop,train050_fifi,83,0.71,73.4,0.039,3,2,1,0,0.7338,0.048669,0.31,
train050fifi11_073_t01207889_movie.flac,movie,train050_fifi,97,0.65,100.0,0.11,4,4,0,0,1.0,0.109715,0.32,
train050fifi11_077_t01207971_fun.flac,fun,train050_fifi,80,0.72,72.5,0.033,3,2,1,0,0.7253,0.041536,0.32,
train050fifi11_081_t01208061_sing.flac,sing,train050_fifi,96,0.79,100.0,0.079,3,3,0,0,1.0,0.079087,0.33,
train050fifi11_085_t01208178_sister.flac,sister,train050_fifi,81,0.66,84.0,0.069,5,4,1,0,0.8401,0.078692,0.33,
train050fifi11_090_t01208297_child.flac,child,train050_fifi,69,0.88,50.0,0.027,4,2,0,2,0.5,0.051944,0.35,
train050fifi11_094_t01208382_baby.flac,baby,train050_fifi,74,0.74,50.0,0.029,4,2,0,2,0.5,0.055079,0.34,
train064othr11_001_t00000000_friend.flac,friend,train064_othr,64,0.92,100.0,0.192,5,5,0,0,1.0,0.192373,0.35,
train064othr11_004_t00000057_say.flac,say,train064_othr,84,1.06,100.0,0.034,2,2,0,0,1.0,0.033743,0.38,
train064othr11_007_t00000144_girl.flac,girl,train064_othr,75,0.84,66.7,0.005,3,2,0,1,0.6675,0.007954,0.38,
train064othr11_010_t00000272_sorry.flac,sorry,train064_othr,71,1.05,100.0,0.075,4,4,0,0,1.0,0.075077,0.37,
train064othr11_012_t00000326_school.flac,school,train064_othr,84,1.09,100.0,0.132,4,4,0,0,1.0,0.131819,0.39,
train064othr11_016_t00000398_hello.flac,hello,train064_othr,76,0.89,75.0,0.073,4,3,0,1,0.75,0.097602,0.36,
train064othr11_019_t00000463_hello.flac,hello,train064_othr,81,0.86,75.0,0.041,4,3,0,1,0.75,0.055741,0.35,
train064othr11_021_t00000512_sand.flac,sand,train064_othr,78,1.13,100.0,0.081,4,4,0,0,1.0,0.080579,0.37,
train064othr11_025_t00000642_plant.flac,plant,train064_othr,77,1.1,100.0,0.095,5,5,0,0,1.0,0.09509,0.4,
train064othr11_029_t01207012_bad.flac,bad,train064_othr,67,0.81,66.7,0.016,3,2,0,1,0.6667,0.023497,0.34,
train064othr11_032_t01207083_low.flac,low,train064_othr,83,0.82,50.0,0.008,2,1,0,1,0.5,0.01549,0.36,
train064othr11_034_t01207168_right.flac,right,train064_othr,96,1.0,100.0,0.087,3,3,0,0,1.0,0.086791,0.42,
train064othr11_040_t01207380_farmer.flac,farmer,train064_othr,91,0.67,63.6,0.044,5,3,1,1,0.6363,0.064171,0.32,
train064othr11_043_t01207487_pig.flac,pig,train064_othr,94,0.85,66.7,0.018,3,2,0,1,0.6667,0.026258,0.33,
train064othr11_048_t01207646_apple.flac,apple,train064_othr,82,0.8,54.4,0.032,4,2,1,1,0.5438,0.051639,0.34,
train064othr11_052_t01207758_bread.flac,bread,train064_othr,72,1.08,100.0,0.081,4,4,0,0,1.0,0.081001,0.38,
train064othr11_055_t01207836_fit.flac,fit,train064_othr,96,0.97,100.0,0.091,3,3,0,0,1.0,0.091095,0.36,
train064othr11_057_t01207874_money.flac,money,train064_othr,91,0.85,79.4,0.063,4,3,1,0,0.7941,0.073809,0.35,
train064othr11_086_t01208659_ball.flac,ball,train064_othr,27,1.17,100.0,0.047,3,3,0,0,1.0,0.04713,0.39,
train064othr11_093_t01208823_family.flac,family,train064_othr,93,1.71,83.3,0.105,6,5,0,1,0.8333,0.127326,0.51,
train065enuk08_000_t00000000_play.flac,play,train065_enuk,19,0.44,0.0,0.0,3,0,0,3,0.0001,0.000137,0.29,
train065enuk08_002_t00000020_school.flac,school,train065_enuk,29,1.04,75.0,0.028,4,3,0,1,0.7502,0.038116,0.39,
train065enuk08_005_t00000055_plant.flac,plant,train065_enuk,50,0.72,80.2,0.073,5,4,0,1,0.8018,0.092702,0.34,
train065enuk08_008_t00000078_leaf.flac,leaf,train065_enuk,96,0.7,66.7,0.032,3,2,0,1,0.6667,0.048224,0.36,
train065enuk08_012_t00000121_money.flac,money,train065_enuk,94,0.6,100.0,0.07,4,4,0,0,1.0,0.070442,0.33,
train065enuk08_014_t00000137_best.flac,best,train065_enuk,77,1.1,100.0,0.06,4,4,0,0,1.0,0.060309,0.49,
train065enuk08_017_t00000186_sister.flac,sister,train065_enuk,95,1.11,64.5,0.024,5,3,1,1,0.6451,0.035271,0.65,
train065enuk08_020_t00000245_cow.flac,cow,train065_enuk,72,0.86,50.0,0.007,2,1,0,1,0.5,0.012496,0.32,
train065enuk08_024_t00000301_no-thank-you.flac,no thank you,train065_enuk,99,1.82,75.0,0.082,8,6,0,2,0.75,0.110887,0.55,
train065enuk08_026_t00000333_come-on.flac,come on,train065_enuk,48,0.65,47.0,0.017,5,2,2,1,0.4701,0.03021,0.42,
train065enuk08_030_t00000385_elbow.flac,elbow,train065_enuk,90,1.01,0.0,0.0,4,0,0,4,0.0002,0.00047,0.41,
train065enuk08_033_t00000426_ear.flac,ear,train065_enuk,66,0.59,50.0,0.012,2,1,0,1,0.5004,0.023578,0.34,
train065enuk08_036_t00000449_nose.flac,nose,train065_enuk,82,0.87,33.3,0.003,3,1,0,2,0.3335,0.008539,0.37,
train065enuk08_038_t00000466_eye.flac,eye,train065_enuk,95,0.94,100.0,0.006,1,1,0,0,1.0,0.005773,0.37,
train065enuk08_041_t00000493_taste.flac,taste,train065_enuk,43,0.49,29.7,0.003,4,1,1,2,0.2968,0.00793,0.35,
train065enuk08_044_t00000531_light.flac,light,train065_enuk,20,0.96,66.7,0.007,3,2,0,1,0.6667,0.009816,0.37,
train065enuk08_049_t00000578_bush.flac,bush,train065_enuk,96,0.86,33.3,0.006,3,1,0,2,0.3335,0.015195,0.37,
train065enuk08_052_t00000646_cool.flac,cool,train065_enuk,11,0.9,39.2,0.002,3,1,1,1,0.392,0.003863,0.4,
train065enuk08_056_t00000681_high.flac,high,train065_enuk,82,0.99,50.0,0.002,2,1,0,1,0.5,0.004613,0.4,
train065enuk08_061_t00000743_cake.flac,cake,train065_enuk,19,0.7,33.5,0.007,3,1,0,2,0.3346,0.017597,0.36,
train074fifi09_008_t00000130_read.flac,read,train074_fifi,69,0.73,66.7,0.036,3,2,0,1,0.6669,0.053325,0.36,
train074fifi09_010_t00000173_home.flac,home,train074_fifi,92,0.73,100.0,0.047,3,3,0,0,1.0,0.046875,0.35,
train074fifi09_012_t00000211_girl.flac,girl,train074_fifi,1,0.35,5.9,0.0,3,0,1,2,0.0586,0.001388,0.31,
train074fifi09_016_t00000285_bye-bye.flac,bye bye,train074_fifi,83,0.94,75.0,0.017,4,3,0,1,0.75,0.022892,0.43,
train074fifi09_022_t00000428_lake.flac,lake,train074_fifi,97,0.82,66.7,0.03,3,2,0,1,0.6667,0.044807,0.38,
train074fifi09_024_t00000471_bush.flac,bush,train074_fifi,81,1.1,75.8,0.006,3,2,1,0,0.7584,0.00723,0.58,
train074fifi09_026_t00000519_forest.flac,forest,train074_fifi,37,0.97,70.4,0.031,6,4,1,1,0.7042,0.041958,0.41,
train074fifi09_028_t00000577_sand.flac,sand,train074_fifi,23,0.69,50.0,0.004,4,2,0,2,0.5,0.007198,0.36,
train074fifi09_031_t00000636_forest.flac,forest,train074_fifi,27,0.9,66.8,0.047,6,4,0,2,0.6683,0.070722,0.38,
train074fifi09_033_t00000707_hard.flac,hard,train074_fifi,82,0.72,100.0,0.1,4,4,0,0,1.0,0.099723,0.4,
train074fifi09_036_t00000772_cool.flac,cool,train074_fifi,24,0.78,100.0,0.026,3,3,0,0,1.0,0.02606,0.41,
train074fifi09_038_t00000855_soft.flac,soft,train074_fifi,41,0.8,75.0,0.021,4,3,0,1,0.75,0.028673,0.39,
train074fifi09_040_t00000931_quiet.flac,quiet,train074_fifi,61,0.76,80.0,0.038,5,4,0,1,0.8001,0.048448,0.42,
train074fifi09_043_t00001130_quiet.flac,quiet,train074_fifi,40,0.9,43.7,0.017,5,2,1,2,0.437,0.032422,0.38,
train074fifi09_045_t00001189_horse.flac,horse,train074_fifi,69,1.07,80.6,0.016,4,3,1,0,0.8063,0.01889,0.41,
train074fifi09_047_t00001226_grass.flac,grass,train074_fifi,59,1.06,55.6,0.003,4,2,1,1,0.5563,0.00475,0.53,
train074fifi09_050_t00001278_mouse.flac,mouse,train074_fifi,81,1.02,100.0,0.045,3,3,0,0,1.0,0.045085,0.37,
train074fifi09_052_t00001313_country.flac,country,train074_fifi,55,0.81,86.3,0.129,6,5,1,0,0.8629,0.143253,0.33,
train074fifi09_055_t00001416_apple.flac,apple,train074_fifi,17,1.72,75.0,0.034,4,3,0,1,0.75,0.046202,0.67,
train074fifi09_058_t00001472_bake.flac,bake,train074_fifi,15,0.83,72.5,0.031,3,2,1,0,0.725,0.038345,0.43,
train078fifi10_006_t00000092_book.flac,book,train078_fifi,72,0.76,75.9,0.019,3,2,1,0,0.7594,0.023234,0.49,
train078fifi10_007_t00000111_learn.flac,learn,train078_fifi,1,0.86,66.7,0.011,3,2,0,1,0.6668,0.016907,0.38,
train078fifi10_011_t00000211_play.flac,play,train078_fifi,66,0.66,66.7,0.053,3,2,0,1,0.6667,0.079803,0.37,
train078fifi10_013_t00000244_school.flac,school,train078_fifi,51,0.88,100.0,0.135,4,4,0,0,1.0,0.134669,0.41,
train078fifi10_020_t00000430_forest.flac,forest,train078_fifi,86,0.85,100.0,0.133,6,6,0,0,1.0,0.132512,0.35,
train078fifi10_022_t00000464_sand.flac,sand,train078_fifi,80,1.41,100.0,0.041,4,4,0,0,1.0,0.041183,0.48,
train078fifi10_023_t00000481_river.flac,river,train078_fifi,67,1.14,0.1,0.0,4,0,0,4,0.0008,0.001544,0.52,
train078fifi10_025_t00000516_life.flac,life,train078_fifi,92,0.7,66.7,0.041,3,2,0,1,0.6667,0.061169,0.48,
train078fifi10_032_t00000639_sand.flac,sand,train078_fifi,58,0.85,100.0,0.087,4,4,0,0,1.0,0.087175,0.41,
train078fifi10_035_t00000713_loud.flac,loud,train078_fifi,80,1.1,66.7,0.019,3,2,0,1,0.6667,0.02824,0.39,
train078fifi10_037_t00000762_round.flac,round,train078_fifi,54,2.25,100.0,0.058,4,4,0,0,1.0,0.058156,0.67,
train078fifi10_038_t00000784_quiet.flac,quiet,train078_fifi,28,1.97,80.0,0.032,5,4,0,1,0.8,0.040763,0.65,
train078fifi10_040_t00000849_wrong.flac,wrong,train078_fifi,83,2.26,39.2,0.001,3,1,1,1,0.3917,0.002364,0.62,
train078fifi10_042_t00000892_dry.flac,dry,train078_fifi,19,1.74,14.2,0.0,3,0,2,1,0.1418,0.000437,0.69,
train078fifi10_046_t00001017_dark.flac,dark,train078_fifi,24,0.53,100.0,0.076,4,4,0,0,1.0,0.076047,0.32,
train078fifi10_048_t00001078_sheep.flac,sheep,train078_fifi,47,0.76,100.0,0.046,3,3,0,0,1.0,0.046171,0.36,
train078fifi10_049_t00001102_horse.flac,horse,train078_fifi,63,2.71,75.0,0.052,4,3,0,1,0.75,0.069539,0.75,
train078fifi10_051_t00001151_dog.flac,dog,train078_fifi,8,0.81,33.3,0.003,3,1,0,2,0.3333,0.00676,0.38,
train078fifi10_053_t00001202_cat.flac,cat,train078_fifi,71,0.86,100.0,0.022,3,3,0,0,1.0,0.021835,0.38,
train078fifi10_055_t00001266_hay.flac,hay,train078_fifi,97,0.67,50.0,0.006,2,1,0,1,0.5,0.010502,0.34,
train094fifi09_129_t00000000_write.flac,write,train094_fifi,65,0.94,100.0,0.113,3,3,0,0,1.0,0.113182,0.38,
train094fifi09_130_t00000043_read.flac,read,train094_fifi,19,0.79,33.4,0.008,3,1,0,2,0.3335,0.01901,0.46,
train094fifi09_132_t00000094_girl.flac,girl,train094_fifi,75,0.8,100.0,0.056,3,3,0,0,1.0,0.056091,0.38,
train094fifi09_133_t00000108_girl.flac,girl,train094_fifi,83,0.97,66.8,0.024,3,2,0,1,0.6683,0.036121,0.43,
train094fifi09_135_t00000145_friend.flac,friend,train094_fifi,78,1.01,100.0,0.188,5,5,0,0,1.0,0.187993,0.44,
train094fifi09_137_t00000179_speak.flac,speak,train094_fifi,81,0.97,100.0,0.104,4,4,0,0,1.0,0.103509,0.39,
train094fifi09_138_t00000211_learn.flac,learn,train094_fifi,81,0.78,66.7,0.015,3,2,0,1,0.6672,0.022621,0.35,
train094fifi09_140_t00000244_write.flac,write,train094_fifi,83,0.87,100.0,0.182,3,3,0,0,1.0,0.181719,0.36,
train094fifi09_142_t00000293_soup.flac,soup,train094_fifi,69,0.89,66.7,0.028,3,2,0,1,0.667,0.042535,0.36,
train094fifi09_143_t00000310_soup.flac,soup,train094_fifi,54,0.85,66.8,0.026,3,2,0,1,0.668,0.039174,0.36,
train094fifi09_145_t00000351_meatball.flac,meatball,train094_fifi,78,0.93,100.0,0.15,6,6,0,0,1.0,0.14964,0.39,
train094fifi09_147_t00000382_meatball.flac,meatball,train094_fifi,86,1.56,100.0,0.102,6,6,0,0,1.0,0.101607,0.58,
train094fifi09_148_t00000402_potato.flac,potato,train094_fifi,81,1.28,66.7,0.069,6,4,0,2,0.6669,0.10354,0.5,
train094fifi09_151_t00000471_cheese.flac,cheese,train094_fifi,51,0.93,66.7,0.025,3,2,0,1,0.6667,0.036794,0.36,
train094fifi09_153_t00000518_man.flac,man,train094_fifi,80,0.59,100.0,0.095,3,3,0,0,1.0,0.095158,0.31,
train094fifi09_154_t00000542_parents.flac,parents,train094_fifi,82,1.03,100.0,0.148,7,7,0,0,1.0,0.148313,0.4,
train094fifi09_156_t00000578_pet.flac,pet,train094_fifi,83,0.74,100.0,0.084,3,3,0,0,1.0,0.084145,0.33,
train094fifi09_158_t00000618_love.flac,love,train094_fifi,83,0.87,72.5,0.018,3,2,1,0,0.7252,0.02293,0.35,
train094fifi09_159_t00000639_classmate.flac,classmate,train094_fifi,58,0.98,85.9,0.089,7,6,0,1,0.8586,0.10497,0.4,
train094fifi09_161_t00000680_neighbour.flac,neighbour,train094_fifi,96,0.98,25.0,0.002,4,1,0,3,0.25,0.005611,0.36,
train095fifi10_001_t00000000_girl.flac,girl,train095_fifi,81,0.71,100.0,0.068,3,3,0,0,1.0,0.067743,0.33,
train095fifi10_002_t00000024_bye-bye.flac,bye bye,train095_fifi,51,1.03,100.0,0.022,4,4,0,0,1.0,0.021815,0.4,
train095fifi10_004_t00000150_sorry.flac,sorry,train095_fifi,84,0.76,100.0,0.07,4,4,0,0,1.0,0.070224,0.34,
train095fifi10_005_t00000178_come-on.flac,come on,train095_fifi,60,0.87,100.0,0.102,5,5,0,0,1.0,0.101588,0.35,
train095fifi10_007_t00000242_girl.flac,girl,train095_fifi,87,0.96,66.8,0.027,3,2,0,1,0.6678,0.040323,0.34,
train095fifi10_011_t00000357_bush.flac,bush,train095_fifi,51,0.87,66.7,0.015,3,2,0,1,0.6667,0.022045,0.35,
train095fifi10_013_t00000402_air.flac,air,train095_fifi,82,0.61,50.0,0.002,2,1,0,1,0.5,0.004216,0.3,
train095fifi10_018_t00000530_forest.flac,forest,train095_fifi,27,0.87,66.7,0.017,6,4,0,2,0.6667,0.025968,0.36,
train095fifi10_019_t00000566_soft.flac,soft,train095_fifi,35,0.5,100.0,0.108,4,4,0,0,1.0,0.108033,0.3,
train095fifi10_021_t00000605_hard.flac,hard,train095_fifi,84,0.86,100.0,0.113,4,4,0,0,1.0,0.113195,0.34,
train095fifi10_023_t00000651_quiet.flac,quiet,train095_fifi,62,1.48,80.0,0.019,5,4,0,1,0.8,0.024353,0.51,
train095fifi10_024_t00000683_high.flac,high,train095_fifi,81,0.82,50.0,0.006,2,1,0,1,0.5,0.012213,0.34,
train095fifi10_027_t00000782_bad.flac,bad,train095_fifi,65,1.12,100.0,0.036,3,3,0,0,1.0,0.035672,0.38,
train095fifi10_028_t00000816_cool.flac,cool,train095_fifi,84,0.87,72.5,0.015,3,2,1,0,0.725,0.018979,0.36,
train095fifi10_030_t00000963_bad.flac,bad,train095_fifi,26,0.56,100.0,0.062,3,3,0,0,1.0,0.061789,0.3,
train095fifi10_032_t00001091_door.flac,door,train095_fifi,93,0.73,100.0,0.101,3,3,0,0,1.0,0.100641,0.33,
train095fifi10_033_t00001147_kitchen.flac,kitchen,train095_fifi,94,0.75,100.0,0.184,5,5,0,0,1.0,0.184244,0.34,
train095fifi10_035_t00001189_phone.flac,phone,train095_fifi,92,1.01,66.7,0.019,3,2,0,1,0.6667,0.027829,0.37,
train095fifi10_036_t00001211_dream.flac,dream,train095_fifi,82,0.9,100.0,0.096,4,4,0,0,1.0,0.096186,0.39,
train095fifi10_039_t00001298_window.flac,window,train095_fifi,81,1.05,65.0,0.112,5,3,1,1,0.65,0.163014,0.41,
train102fifi10_001_t00000000_play.flac,play,train102_fifi,56,0.91,66.7,0.026,3,2,0,1,0.6667,0.038912,0.34,
train102fifi10_002_t00000019_speak.flac,speak,train102_fifi,83,0.77,100.0,0.12,4,4,0,0,1.0,0.119808,0.34,
train102fifi10_004_t00000073_write.flac,write,train102_fifi,72,1.04,100.0,0.104,3,3,0,0,1.0,0.104111,0.38,
train102fifi10_005_t00000102_bye-bye.flac,bye bye,train102_fifi,66,0.98,100.0,0.036,4,4,0,0,1.0,0.036056,0.37,
train102fifi10_007_t00000142_girl.flac,girl,train102_fifi,31,1.16,66.9,0.016,3,2,0,1,0.6687,0.024641,0.42,
train102fifi10_008_t00000164_friend.flac,friend,train102_fifi,76,0.91,85.0,0.1,5,4,1,0,0.85,0.113371,0.36,
train102fifi10_009_t00000203_say.flac,say,train102_fifi,79,0.88,100.0,0.051,2,2,0,0,1.0,0.050952,0.34,
train102fifi10_012_t00000280_moon.flac,moon,train102_fifi,26,0.73,39.2,0.003,3,1,1,1,0.3917,0.005633,0.34,
train102fifi10_013_t00000298_forest.flac,forest,train102_fifi,43,0.88,100.0,0.134,6,6,0,0,1.0,0.133919,0.34,
train102fifi10_014_t00000323_lake.flac,lake,train102_fifi,71,0.9,66.7,0.01,3,2,0,1,0.6667,0.014643,0.34,
train102fifi10_015_t00000340_plant.flac,plant,train102_fifi,1,0.96,60.1,0.024,5,3,0,2,0.6011,0.039987,0.37,
train102fifi10_017_t00000396_flower.flac,flower,train102_fifi,40,0.64,50.0,0.03,4,2,0,2,0.5,0.057508,0.31,
train102fifi10_025_t00000654_mouth.flac,mouth,train102_fifi,81,0.81,100.0,0.052,3,3,0,0,1.0,0.051569,0.32,
train102fifi10_026_t00000684_month.flac,month,train102_fifi,40,0.93,33.8,0.001,4,1,2,1,0.3375,0.002247,0.43,
train102fifi10_027_t00000706_thank-you.flac,thank you,train102_fifi,80,1.14,69.6,0.045,6,4,1,1,0.6958,0.061494,0.43,
train102fifi10_029_t00000753_bath.flac,bath,train102_fifi,50,1.2,39.2,0.006,3,1,1,1,0.392,0.011082,0.44,
train102fifi10_035_t00000896_those.flac,those,train102_fifi,66,1.06,33.4,0.002,3,1,0,2,0.3336,0.004903,0.4,
train104fifi08_002_t00000000_learn.flac,learn,train104_fifi,56,0.49,66.7,0.024,3,2,0,1,0.6673,0.035661,0.31,
train104fifi08_004_t00000129_play.flac,play,train104_fifi,69,0.56,66.7,0.026,3,2,0,1,0.6667,0.038998,0.33,
train104fifi08_008_t00000231_book.flac,book,train104_fifi,17,0.48,0.0,0.0,3,0,0,3,0.0001,0.000198,0.37,
train104fifi08_012_t00000410_speak.flac,speak,train104_fifi,83,0.93,100.0,0.097,4,4,0,0,1.0,0.097405,0.43,
train104fifi08_013_t00000449_write.flac,write,train104_fifi,29,0.61,100.0,0.126,3,3,0,0,1.0,0.126174,0.31,
train104fifi08_018_t00000583_boy.flac,boy,train104_fifi,55,0.55,12.5,0.0,2,0,1,1,0.1251,0.00021,0.31,
train104fifi08_022_t00000673_rock.flac,rock,train104_fifi,15,0.68,66.7,0.03,3,2,0,1,0.6667,0.044994,0.34,
train104fifi08_023_t00000691_forest.flac,forest,train104_fifi,43,1.13,100.0,0.066,6,6,0,0,1.0,0.065557,0.41,
train104fifi08_027_t00000767_air.flac,air,train104_fifi,58,0.74,58.8,0.009,2,1,1,0,0.5877,0.012373,0.41,
train104fifi08_028_t00000782_air.flac,air,train104_fifi,58,0.76,100.0,0.021,2,2,0,0,1.0,0.020719,0.32,
train104fifi08_031_t00000884_round.flac,round,train104_fifi,33,0.54,50.1,0.007,4,2,0,2,0.5009,0.012826,0.32,
train104fifi08_034_t00000977_loud.flac,loud,train104_fifi,19,0.6,33.3,0.005,3,1,0,2,0.3334,0.013226,0.31,
train104fifi08_035_t00001000_wet.flac,wet,train104_fifi,46,0.73,100.0,0.077,3,3,0,0,1.0,0.077412,0.33,
train104fifi08_036_t00001019_high.flac,high,train104_fifi,84,0.58,0.1,0.0,2,0,0,2,0.0007,0.00132,0.3,
train104fifi08_037_t00001039_quiet.flac,quiet,train104_fifi,19,0.48,40.0,0.006,5,2,0,3,0.4002,0.013687,0.28,
train104fifi08_038_t00001062_soft.flac,soft,train104_fifi,68,1.11,100.0,0.06,4,4,0,0,1.0,0.059997,0.39,
train104fifi08_040_t00001129_wet.flac,wet,train104_fifi,13,0.57,100.0,0.054,3,3,0,0,1.0,0.053934,0.3,
train104fifi08_043_t00001201_wet.flac,wet,train104_fifi,59,1.8,100.0,0.081,3,3,0,0,1.0,0.080917,0.5,
train104fifi08_050_t00001402_pig.flac,pig,train104_fifi,92,0.71,75.9,0.017,3,2,1,0,0.759,0.021518,0.35,
train104fifi08_054_t00001530_mouse.flac,mouse,train104_fifi,59,1.21,66.7,0.011,3,2,0,1,0.6667,0.016019,0.39,
train105fifi10_001_t00000000_play.flac,play,train105_fifi,81,0.8,66.7,0.041,3,2,0,1,0.6667,0.06148,0.34,
train105fifi10_003_t00000025_home.flac,home,train105_fifi,93,0.99,67.0,0.013,3,2,0,1,0.6696,0.019244,0.38,
train105fifi10_004_t00000054_play.flac,play,train105_fifi,16,0.77,5.8,0.0,3,0,1,2,0.0583,7.4e-05,0.33,
train105fifi10_005_t00000096_boy.flac,boy,train105_fifi,81,0.58,50.0,0.01,2,1,0,1,0.5,0.018705,0.31,
train105fifi10_006_t00000133_read.flac,read,train105_fifi,86,0.89,66.7,0.024,3,2,0,1,0.667,0.036479,0.34,
train105fifi10_009_t00000200_bye-bye.flac,bye bye,train105_fifi,58,1.23,100.0,0.088,4,4,0,0,1.0,0.088204,0.45,
train105fifi10_010_t00000243_write.flac,write,train105_fifi,24,0.946,100.0,0.062,3,3,0,0,1.0,0.062045,0.37,
train105fifi10_011_t00000267_write.flac,write,train105_fifi,25,0.86,66.7,0.028,3,2,0,1,0.6668,0.042277,0.33,
train105fifi10_012_t00000288_write.flac,write,train105_fifi,82,1.06,100.0,0.089,3,3,0,0,1.0,0.089294,0.37,
train105fifi10_013_t00000310_write.flac,write,train105_fifi,68,0.64,100.0,0.07,3,3,0,0,1.0,0.070279,0.32,
train105fifi10_016_t00000386_plant.flac,plant,train105_fifi,72,0.92,100.0,0.123,5,5,0,0,1.0,0.122984,0.35,
train105fifi10_020_t00000499_air.flac,air,train105_fifi,17,0.71,62.5,0.02,2,1,1,0,0.625,0.028184,0.31,
train105fifi10_021_t00000514_air.flac,air,train105_fifi,41,0.82,100.0,0.025,2,2,0,0,1.0,0.024922,0.32,
train105fifi10_022_t00000532_bush.flac,bush,train105_fifi,67,0.8,33.3,0.001,3,1,0,2,0.3335,0.001941,0.33,
train105fifi10_023_t00000559_tree.flac,tree,train105_fifi,81,1.05,100.0,0.041,3,3,0,0,1.0,0.041329,0.38,
train105fifi10_025_t00000616_lake.flac,lake,train105_fifi,21,0.62,66.7,0.026,3,2,0,1,0.6667,0.039668,0.35,
train105fifi10_026_t00000656_good.flac,good,train105_fifi,86,0.8,100.0,0.03,3,3,0,0,1.0,0.029886,0.33,
train105fifi10_027_t00000724_dark.flac,dark,train105_fifi,85,0.98,100.0,0.119,4,4,0,0,1.0,0.119296,0.37,
train105fifi10_028_t00000743_round.flac,round,train105_fifi,79,1.21,100.0,0.065,4,4,0,0,1.0,0.065034,0.39,
train105fifi10_029_t00000807_soft.flac,soft,train105_fifi,76,1.76,25.0,0.001,4,1,0,3,0.25,0.0042,0.55,
train109fifi09_003_t00000000_say.flac,say,train109_fifi,81,0.85,50.0,0.006,2,1,0,1,0.5,0.011861,0.34,
train109fifi09_004_t00000027_school.flac,school,train109_fifi,61,1.59,100.0,0.289,4,4,0,0,1.0,0.28893,0.46,
train109fifi09_005_t00000049_play.flac,play,train109_fifi,71,0.67,66.7,0.027,3,2,0,1,0.6667,0.039789,0.32,
train109fifi09_006_t00000107_speak.flac,speak,train109_fifi,84,0.74,100.0,0.131,4,4,0,0,1.0,0.13126,0.31,
train109fifi09_007_t00000125_boy.flac,boy,train109_fifi,79,0.66,50.0,0.008,2,1,0,1,0.5,0.015621,0.32,
train109fifi09_009_t00000175_moon.flac,moon,train109_fifi,84,0.53,66.7,0.017,3,2,0,1,0.6675,0.025355,0.38,
train109fifi09_010_t00000207_hello.flac,hello,train109_fifi,61,0.66,75.0,0.033,4,3,0,1,0.75,0.044722,0.31,
train109fifi09_012_t00000297_speak.flac,speak,train109_fifi,84,0.95,100.0,0.083,4,4,0,0,1.0,0.083035,0.34,
train109fifi09_013_t00000329_read.flac,read,train109_fifi,83,0.89,66.7,0.01,3,2,0,1,0.6674,0.015272,0.4,
train109fifi09_014_t00000350_friend.flac,friend,train109_fifi,82,1.18,100.0,0.192,5,5,0,0,1.0,0.192483,0.41,
train109fifi09_015_t00000390_boy.flac,boy,train109_fifi,81,0.74,50.0,0.007,2,1,0,1,0.5,0.013874,0.32,
train109fifi09_018_t00000455_air.flac,air,train109_fifi,18,0.89,50.0,0.007,2,1,0,1,0.5,0.013005,0.33,
train109fifi09_019_t00000477_flower.flac,flower,train109_fifi,63,0.89,50.0,0.005,4,2,0,2,0.5,0.009044,0.35,
train109fifi09_020_t00000495_forest.flac,forest,train109_fifi,55,0.89,83.3,0.093,6,5,0,1,0.8333,0.11272,0.34,
train109fifi09_021_t00000512_life.flac,life,train109_fifi,95,0.57,39.2,0.025,3,1,1,1,0.3917,0.049229,0.3,
train109fifi09_022_t00000530_plant.flac,plant,train109_fifi,36,0.59,83.5,0.093,5,4,1,0,0.835,0.105129,0.3,
train109fifi09_024_t00000571_flower.flac,flower,train109_fifi,32,0.87,75.0,0.03,4,3,0,1,0.75,0.040037,0.34,
train119fifi11_000_t00000000_boy.flac,boy,train119_fifi,76,0.52,50.0,0.01,2,1,0,1,0.5,0.019973,0.3,
train119fifi11_001_t00000030_sorry.flac,sorry,train119_fifi,53,0.93,80.0,0.044,4,3,1,0,0.8005,0.051609,0.33,
train119fifi11_002_t00000048_hello.flac,hello,train119_fifi,81,0.68,75.0,0.047,4,3,0,1,0.75,0.063372,0.31,
train119fifi11_003_t00000162_write.flac,write,train119_fifi,10,0.52,72.5,0.03,3,2,1,0,0.725,0.037939,0.31,
train119fifi11_004_t00000182_play.flac,play,train119_fifi,53,0.71,66.7,0.012,3,2,0,1,0.6667,0.018157,0.33,
train119fifi11_011_t00000321_friend.flac,friend,train119_fifi,82,0.78,100.0,0.171,5,5,0,0,1.0,0.171044,0.38,
train119fifi11_013_t00000411_learn.flac,learn,train119_fifi,16,0.66,66.8,0.021,3,2,0,1,0.6675,0.030786,0.3,
train119fifi11_020_t00000596_bush.flac,bush,train119_fifi,84,0.92,100.0,0.013,3,3,0,0,1.0,0.013332,0.34,
train119fifi11_021_t00000622_plant.flac,plant,train119_fifi,1,0.79,80.0,0.037,5,4,0,1,0.8001,0.047169,0.34,
train119fifi11_025_t00000794_air.flac,air,train119_fifi,4,0.77,8.8,0.0,2,0,1,1,0.0875,0.000181,0.32,
train119fifi11_031_t00000997_don-t.flac,don't,train119_fifi,38,0.42,100.0,0.159,4,4,0,0,1.0,0.158727,0.29,
train120fifi11_001_t00000000_write.flac,write,train120_fifi,82,0.99,100.0,0.083,3,3,0,0,1.0,0.083242,0.36,
train120fifi11_007_t00000111_say.flac,say,train120_fifi,64,1.21,50.0,0.005,2,1,0,1,0.5,0.010081,0.39,
train120fifi11_011_t00000200_speak.flac,speak,train120_fifi,82,1.29,100.0,0.065,4,4,0,0,1.0,0.064741,0.47,
train120fifi11_012_t00000249_home.flac,home,train120_fifi,89,0.95,100.0,0.041,3,3,0,0,1.0,0.041072,0.37,
train120fifi11_014_t00000280_home.flac,home,train120_fifi,93,0.95,100.0,0.039,3,3,0,0,1.0,0.039351,0.34,
train120fifi11_016_t00000340_home.flac,home,train120_fifi,95,0.91,66.9,0.022,3,2,0,1,0.6686,0.033539,0.34,
train120fifi11_017_t00000378_sun.flac,sun,train120_fifi,83,0.91,72.5,0.025,3,2,1,0,0.7251,0.031395,0.34,
train120fifi11_018_t00000398_plant.flac,plant,train120_fifi,1,1.17,63.5,0.01,5,3,1,1,0.635,0.014581,0.41,
train121fifi08_001_t00000000_sister.flac,sister,train121_fifi,32,0.54,45.5,0.044,5,2,1,2,0.4551,0.086652,0.32,
train121fifi08_002_t00000029_baby.flac,baby,train121_fifi,71,0.58,25.0,0.003,4,1,0,3,0.25,0.008411,0.31,
train121fifi08_005_t00000073_neighbour.flac,neighbour,train121_fifi,85,0.97,25.0,0.002,4,1,0,3,0.25,0.005611,0.36,
train121fifi08_006_t00000133_love.flac,love,train121_fifi,43,0.49,0.1,0.0,3,0,0,3,0.0005,0.001035,0.29,
train121fifi08_008_t00000168_baby.flac,baby,train121_fifi,80,0.76,50.0,0.017,4,2,0,2,0.5,0.031626,0.32,
train121fifi08_009_t00000184_baby.flac,baby,train121_fifi,81,0.96,75.0,0.059,4,3,0,1,0.75,0.079387,0.34,
train121fifi08_010_t00000207_family.flac,family,train121_fifi,78,1.14,100.0,0.173,6,6,0,0,1.0,0.173269,0.44,
train121fifi08_011_t00000225_family.flac,family,train121_fifi,86,0.93,100.0,0.103,6,6,0,0,1.0,0.102744,0.34,
train121fifi08_012_t00000247_neighbour.flac,neighbour,train121_fifi,98,1.05,25.0,0.002,4,1,0,3,0.25,0.004594,0.53,
train121fifi08_014_t00000331_pet.flac,pet,train121_fifi,91,0.57,100.0,0.146,3,3,0,0,1.0,0.14562,0.29,
train121fifi08_015_t00000351_child.flac,child,train121_fifi,52,1.7,50.0,0.006,4,2,0,2,0.5,0.010635,0.47,
train121fifi08_016_t00000375_parents.flac,parents,train121_fifi,24,0.48,57.2,0.033,7,4,0,3,0.5718,0.056083,0.3,
train121fifi08_017_t00000399_old.flac,old,train121_fifi,81,1.46,39.2,0.0,3,1,1,1,0.3917,0.000989,0.46,
train123fifi10_004_t00000091_play.flac,play,train123_fifi,84,0.77,66.7,0.052,3,2,0,1,0.6667,0.077899,0.31,
train123fifi10_005_t00000115_play.flac,play,train123_fifi,91,0.82,66.7,0.038,3,2,0,1,0.6667,0.057713,0.34,
train123fifi10_006_t00000138_girl.flac,girl,train123_fifi,43,1.0,100.0,0.08,3,3,0,0,1.0,0.07957,0.36,
train123fifi10_007_t00000158_read.flac,read,train123_fifi,20,0.74,33.4,0.005,3,1,0,2,0.3336,0.01159,0.36,
train123fifi10_009_t00000222_learn.flac,learn,train123_fifi,38,0.38,33.3,0.027,3,1,0,2,0.3334,0.067705,0.3,
train123fifi10_010_t00000252_hello.flac,hello,train123_fifi,82,0.81,75.0,0.05,4,3,0,1,0.75,0.066937,0.35,
train123fifi10_011_t00000274_write.flac,write,train123_fifi,80,0.97,100.0,0.182,3,3,0,0,1.0,0.182085,0.37,
train123fifi10_012_t00000311_sorry.flac,sorry,train123_fifi,82,0.95,100.0,0.083,4,4,0,0,1.0,0.083433,0.4,
train124fifi09_002_t00000000_school.flac,school,train124_fifi,10,0.5,80.6,0.044,4,3,1,0,0.8064,0.051692,0.3,
train124fifi09_004_t00000036_school.flac,school,train124_fifi,10,0.57,75.0,0.058,4,3,0,1,0.75,0.077388,0.31,
train124fifi09_005_t00000077_book.flac,book,train124_fifi,67,0.57,75.9,0.041,3,2,1,0,0.7592,0.051357,0.3,
train124fifi09_007_t00000123_hello.flac,hello,train124_fifi,63,0.75,75.0,0.04,4,3,0,1,0.75,0.053893,0.33,
train124fifi09_008_t00000244_write.flac,write,train124_fifi,53,0.78,100.0,0.141,3,3,0,0,1.0,0.141033,0.33,
train124fifi09_009_t00000275_girl.flac,girl,train124_fifi,39,0.53,66.8,0.005,3,2,0,1,0.6677,0.007681,0.29,
train124fifi09_010_t00000300_girl.flac,girl,train124_fifi,17,0.86,14.2,0.0,3,0,2,1,0.1418,0.000471,0.33,
train124fifi09_011_t00000320_play.flac,play,train124_fifi,67,0.83,66.7,0.031,3,2,0,1,0.6667,0.046768,0.34,
