speaker_id,target,soft_full,conf_full,bucket,boundary_flag,delta_silero_raw
child_01,eight,50.0,0.006,mid_score_variation_or_partial,,0.0
child_01,five,33.5,0.008,low_score_ambiguous,,5.7
child_01,four,72.5,0.049,mid_score_variation_or_partial,,-5.8
child_01,nine,100.0,0.05,high_score_child_vs_cmudict,BOUNDARY_SENSITIVITY,-66.2
child_01,one,72.6,0.031,mid_score_variation_or_partial,BOUNDARY_SENSITIVITY,27.4
child_01,seven,20.0,0.0,low_score_ambiguous,BOUNDARY_SENSITIVITY,20.1
child_01,ten,100.0,0.03,high_score_child_vs_cmudict,,
child_01,three,72.5,0.024,mid_score_variation_or_partial,,
child_01,two,50.0,0.005,mid_score_variation_or_partial,BOUNDARY_SENSITIVITY,-49.9
child_02,eight,50.0,0.006,mid_score_variation_or_partial,BOUNDARY_SENSITIVITY,50.0
child_02,five,100.0,0.049,high_score_child_vs_cmudict,,0.0
child_02,four,73.5,0.019,mid_score_variation_or_partial,BOUNDARY_SENSITIVITY,-33.4
child_02,one,39.2,0.004,low_score_ambiguous,,0.9
child_02,seven,100.0,0.053,high_score_child_vs_cmudict,BOUNDARY_SENSITIVITY,-34.9
child_02,six,75.0,0.039,mid_score_variation_or_partial,,0.0
child_02,ten,100.0,0.094,high_score_child_vs_cmudict,BOUNDARY_SENSITIVITY,-33.3
child_02,three,39.2,0.003,low_score_ambiguous,,-5.8
child_02,two,50.0,0.004,mid_score_variation_or_partial,BOUNDARY_SENSITIVITY,-50.0
child_03,eight,0.0,0.0,very_low_score,BOUNDARY_SENSITIVITY,50.0
child_03,five,100.0,0.08,high_score_child_vs_cmudict,,0.0
child_03,four,100.0,0.062,high_score_child_vs_cmudict,,0.0
child_03,nine,100.0,0.126,high_score_child_vs_cmudict,,0.0
child_03,seven,63.5,0.021,mid_score_variation_or_partial,BOUNDARY_SENSITIVITY,-23.5
child_03,six,50.0,0.004,mid_score_variation_or_partial,BOUNDARY_SENSITIVITY,-24.9
child_03,ten,100.0,0.148,high_score_child_vs_cmudict,BOUNDARY_SENSITIVITY,-33.3
child_03,three,39.2,0.005,low_score_ambiguous,,0.0
child_03,two,50.0,0.004,mid_score_variation_or_partial,BOUNDARY_SENSITIVITY,-50.0
child_04,eight,50.0,0.002,mid_score_variation_or_partial,,8.8
child_04,five,100.0,0.018,high_score_child_vs_cmudict,BOUNDARY_SENSITIVITY,-55.0
child_04,four,66.7,0.001,mid_score_variation_or_partial,BOUNDARY_SENSITIVITY,-33.3
child_04,nine,100.0,0.028,high_score_child_vs_cmudict,,0.0
child_04,seven,60.1,0.016,mid_score_variation_or_partial,BOUNDARY_SENSITIVITY,-32.5
child_04,six,75.0,0.031,mid_score_variation_or_partial,,0.0
child_04,ten,75.1,0.013,mid_score_variation_or_partial,,-0.1
child_04,three,11.7,0.0,very_low_score,,-5.0
child_04,two,0.0,0.0,very_low_score,,0.2
child_05,eight,50.0,0.007,mid_score_variation_or_partial,BOUNDARY_SENSITIVITY,50.0
child_05,five,66.7,0.041,mid_score_variation_or_partial,,0.0
child_05,four,66.8,0.028,mid_score_variation_or_partial,BOUNDARY_SENSITIVITY,-21.7
child_05,nine,100.0,0.134,high_score_child_vs_cmudict,,0.0
child_05,one,100.0,0.089,high_score_child_vs_cmudict,,0.0
child_05,seven,100.0,0.236,high_score_child_vs_cmudict,,0.0
child_05,ten,47.7,0.012,low_score_ambiguous,BOUNDARY_SENSITIVITY,27.4
child_05,three,72.5,0.014,mid_score_variation_or_partial,BOUNDARY_SENSITIVITY,-39.1
child_06,eight,50.0,0.012,mid_score_variation_or_partial,,8.8
child_06,five,100.0,0.096,high_score_child_vs_cmudict,,0.0
child_06,four,100.0,0.129,high_score_child_vs_cmudict,BOUNDARY_SENSITIVITY,-33.3
child_06,nine,100.0,0.115,high_score_child_vs_cmudict,BOUNDARY_SENSITIVITY,-33.2
child_06,seven,100.0,0.2,high_score_child_vs_cmudict,,0.0
child_06,six,25.0,0.0,low_score_ambiguous,BOUNDARY_SENSITIVITY,-25.0
child_06,ten,75.3,0.049,mid_score_variation_or_partial,,
child_06,three,40.0,0.018,low_score_ambiguous,,-0.8
child_06,two,0.0,0.0,very_low_score,,0.0
child_07,eight,0.0,0.0,very_low_score,,0.1
child_07,five,100.0,0.107,high_score_child_vs_cmudict,BOUNDARY_SENSITIVITY,-33.3
child_07,four,100.0,0.078,high_score_child_vs_cmudict,BOUNDARY_SENSITIVITY,-94.0
child_07,nine,100.0,0.112,high_score_child_vs_cmudict,,0.0
child_07,one,0.0,0.0,very_low_score,BOUNDARY_SENSITIVITY,72.5
child_07,seven,20.0,0.001,low_score_ambiguous,BOUNDARY_SENSITIVITY,23.5
child_07,six,55.7,0.019,mid_score_variation_or_partial,BOUNDARY_SENSITIVITY,19.3
child_07,ten,100.0,0.07,high_score_child_vs_cmudict,,0.0
child_07,three,5.8,0.0,very_low_score,BOUNDARY_SENSITIVITY,33.4
child_07,two,50.0,0.004,mid_score_variation_or_partial,,0.0
child_08,eight,0.0,0.0,very_low_score,,0.0
child_08,five,39.2,0.008,low_score_ambiguous,,0.0
child_08,four,39.2,0.002,low_score_ambiguous,,
child_08,nine,100.0,0.077,high_score_child_vs_cmudict,,0.0
child_08,seven,47.5,0.008,low_score_ambiguous,BOUNDARY_SENSITIVITY,-22.5
child_08,six,100.0,0.034,high_score_child_vs_cmudict,BOUNDARY_SENSITIVITY,-49.8
child_08,ten,75.1,0.011,mid_score_variation_or_partial,BOUNDARY_SENSITIVITY,-33.4
child_08,three,39.2,0.005,low_score_ambiguous,BOUNDARY_SENSITIVITY,27.5
child_08,two,50.0,0.006,mid_score_variation_or_partial,BOUNDARY_SENSITIVITY,-49.9
child_09,eight,50.0,0.01,mid_score_variation_or_partial,,0.0
child_09,five,33.4,0.004,low_score_ambiguous,,
child_09,four,66.8,0.015,mid_score_variation_or_partial,BOUNDARY_SENSITIVITY,-60.7
child_09,nine,100.0,0.103,high_score_child_vs_cmudict,,0.0
child_09,one,72.5,0.03,mid_score_variation_or_partial,,0.0
child_09,seven,84.5,0.08,high_score_child_vs_cmudict,,0.5
child_09,six,75.0,0.011,mid_score_variation_or_partial,BOUNDARY_SENSITIVITY,-75.0
child_09,ten,75.1,0.031,mid_score_variation_or_partial,,0.0
