recording_id,speaker_id,role,category,cont,contrast,C,X,route,silero_n,hybrid_n,locked
NEW_1790,adult_ref,NORMAL_REFERENCE_ADULT,BASELINE,0.5587828492392808,0.8613804570582412,0.8,0.4,silero,38,38,False
IMG_0639,stress_ref,HIGH_COMPLEXITY_STRESS,BASELINE,0.41339049530238076,0.5167211453639141,0.8,0.4,silero,0,28,False
child_01_studio_mic_eight,child_01,CHILD_NORMAL,TARGETED_CHILD_SPEECH,0.036036036036036036,0.25583914235891525,0.8,0.4,silero,1,1,False
child_01_studio_mic_five,child_01,CHILD_NORMAL,TARGETED_CHILD_SPEECH,0.14606741573033707,0.36071703881724754,0.8,0.4,silero,1,1,False
child_01_studio_mic_four,child_01,CHILD_NORMAL,TARGETED_CHILD_SPEECH,0.3793103448275862,0.4707732823663025,0.8,0.4,silero,1,1,False
child_01_studio_mic_nine,child_01,CHILD_NORMAL,TARGETED_CHILD_SPEECH,0.19047619047619047,0.5509731785556623,0.8,0.4,silero,1,1,False
child_01_studio_mic_one,child_01,CHILD_NORMAL,TARGETED_CHILD_SPEECH,0.29,0.6652210616164973,0.8,0.4,silero,1,1,False
child_01_studio_mic_seven,child_01,CHILD_NORMAL,TARGETED_CHILD_SPEECH,0.03,0.3058843962683683,0.8,0.4,silero,1,1,False
child_01_studio_mic_ten,child_01,CHILD_NORMAL,TARGETED_CHILD_SPEECH,0.13,0.3580799676772758,0.8,0.4,silero,0,0,False
child_01_studio_mic_three,child_01,CHILD_NORMAL,TARGETED_CHILD_SPEECH,0.007692307692307693,0.16180805559075226,0.8,0.4,silero,0,0,False
child_01_studio_mic_two,child_01,CHILD_NORMAL,TARGETED_CHILD_SPEECH,0.09183673469387756,0.30903488556932296,0.8,0.4,silero,1,1,False
child_01_studio_mic_the_dog_is_in_front_of_the_horse,child_01,CHILD_NORMAL,TARGETED_CHILD_SPEECH,0.5106382978723404,0.6138081996890935,0.8,0.4,silero,1,1,False
child_01_studio_mic_the_dog_is_on_top_of_the_shed,child_01,CHILD_NORMAL,TARGETED_CHILD_SPEECH,0.4250871080139373,0.535294199648857,0.8,0.4,silero,1,1,False
child_01_studio_mic_the_fish_is_in_the_pond,child_01,CHILD_NORMAL,TARGETED_CHILD_SPEECH,0.37786259541984735,0.6740622248595151,0.8,0.4,silero,1,1,False
child_01_studio_mic_the_horse_is_behind_the_car,child_01,CHILD_NORMAL,TARGETED_CHILD_SPEECH,0.5111111111111111,0.5458367424952392,0.8,0.4,silero,1,1,False
child_01_studio_mic_the_horse_is_next_to_the_stable,child_01,CHILD_NORMAL,TARGETED_CHILD_SPEECH,0.2529182879377432,0.469934659319351,0.8,0.4,silero,1,1,False
child_02_studio_mic_eight,child_02,CHILD_NORMAL,TARGETED_CHILD_SPEECH,0.47619047619047616,0.7186055211063787,0.8,0.4,silero,1,1,False
child_02_studio_mic_five,child_02,CHILD_NORMAL,TARGETED_CHILD_SPEECH,0.3673469387755102,0.6255068935719297,0.8,0.4,silero,1,1,False
child_02_studio_mic_four,child_02,CHILD_NORMAL,TARGETED_CHILD_SPEECH,0.2595419847328244,0.8109676490926071,0.8,0.4,silero,1,1,False
child_02_studio_mic_one,child_02,CHILD_NORMAL,TARGETED_CHILD_SPEECH,0.36885245901639346,0.7408086613807113,0.8,0.4,silero,1,1,False
child_02_studio_mic_seven,child_02,CHILD_NORMAL,TARGETED_CHILD_SPEECH,0.44285714285714284,0.5700841916731737,0.8,0.4,silero,1,1,False
child_02_studio_mic_six,child_02,CHILD_NORMAL,TARGETED_CHILD_SPEECH,0.11504424778761062,0.45644719522214505,0.8,0.4,silero,1,1,False
child_02_studio_mic_ten,child_02,CHILD_NORMAL,TARGETED_CHILD_SPEECH,0.25,0.40797945162028276,0.8,0.4,silero,1,1,False
child_02_studio_mic_three,child_02,CHILD_NORMAL,TARGETED_CHILD_SPEECH,0.37383177570093457,0.7619490369411069,0.8,0.4,silero,1,1,False
child_02_studio_mic_two,child_02,CHILD_NORMAL,TARGETED_CHILD_SPEECH,0.4387755102040816,0.7430731327240131,0.8,0.4,silero,1,1,False
child_02_studio_mic_the_dog_is_in_front_of_the_horse,child_02,CHILD_NORMAL,TARGETED_CHILD_SPEECH,0.36082474226804123,0.56099413474832,0.8,0.4,silero,1,1,False
child_02_studio_mic_the_dog_is_on_top_of_the_shed,child_02,CHILD_NORMAL,TARGETED_CHILD_SPEECH,0.4550898203592814,0.658120473960936,0.8,0.4,silero,1,1,False
child_02_studio_mic_the_fish_is_in_the_pond,child_02,CHILD_NORMAL,TARGETED_CHILD_SPEECH,0.3333333333333333,0.5732400631802497,0.8,0.4,silero,2,1,False
child_02_studio_mic_the_horse_is_behind_the_car,child_02,CHILD_NORMAL,TARGETED_CHILD_SPEECH,0.38205980066445183,0.5557490546833436,0.8,0.4,silero,1,1,False
child_02_studio_mic_the_horse_is_next_to_the_stable,child_02,CHILD_NORMAL,TARGETED_CHILD_SPEECH,0.4040114613180516,0.6735119648709905,0.8,0.4,silero,1,1,False
child_03_studio_mic_eight,child_03,CHILD_NORMAL,TARGETED_CHILD_SPEECH,0.38666666666666666,0.6483489987783138,0.8,0.4,silero,1,1,False
child_03_studio_mic_five,child_03,CHILD_NORMAL,TARGETED_CHILD_SPEECH,0.4523809523809524,0.7540149128100141,0.8,0.4,silero,1,1,False
child_03_studio_mic_four,child_03,CHILD_NORMAL,TARGETED_CHILD_SPEECH,0.3595505617977528,0.8150510070914851,0.8,0.4,silero,1,1,False
child_03_studio_mic_nine,child_03,CHILD_NORMAL,TARGETED_CHILD_SPEECH,0.5873015873015873,0.7035522623735557,0.8,0.4,silero,1,1,False
child_03_studio_mic_seven,child_03,CHILD_NORMAL,TARGETED_CHILD_SPEECH,0.4891304347826087,0.6468125035997309,0.8,0.4,silero,1,1,False
child_03_studio_mic_six,child_03,CHILD_NORMAL,TARGETED_CHILD_SPEECH,0.4246575342465753,0.7388441030966502,0.8,0.4,silero,1,1,False
child_03_studio_mic_ten,child_03,CHILD_NORMAL,TARGETED_CHILD_SPEECH,0.5272727272727272,0.7322404956939943,0.8,0.4,silero,1,1,False
child_03_studio_mic_three,child_03,CHILD_NORMAL,TARGETED_CHILD_SPEECH,0.33,0.6612974370544936,0.8,0.4,silero,1,1,False
child_03_studio_mic_two,child_03,CHILD_NORMAL,TARGETED_CHILD_SPEECH,0.43023255813953487,0.6631708879782598,0.8,0.4,silero,1,1,False
child_03_studio_mic_the_dog_is_in_front_of_the_horse,child_03,CHILD_NORMAL,TARGETED_CHILD_SPEECH,0.36908517350157727,0.5969940159516136,0.8,0.4,silero,1,1,False
child_03_studio_mic_the_dog_is_on_top_of_the_shed,child_03,CHILD_NORMAL,TARGETED_CHILD_SPEECH,0.352059925093633,0.5590238643772195,0.8,0.4,silero,1,1,False
child_03_studio_mic_the_fish_is_in_the_pond,child_03,CHILD_NORMAL,TARGETED_CHILD_SPEECH,0.3890909090909091,0.6004822473804496,0.8,0.4,silero,1,1,False
child_03_studio_mic_the_horse_is_behind_the_car,child_03,CHILD_NORMAL,TARGETED_CHILD_SPEECH,0.549618320610687,0.679958733981136,0.8,0.4,silero,1,1,False
child_03_studio_mic_the_horse_is_next_to_the_stable,child_03,CHILD_NORMAL,TARGETED_CHILD_SPEECH,0.4785714285714286,0.6554936254418855,0.8,0.4,silero,1,1,False
child_04_studio_mic_eight,child_04,CHILD_NORMAL,TARGETED_CHILD_SPEECH,0.45495495495495497,0.7333815448184186,0.8,0.4,silero,1,1,False
child_04_studio_mic_five,child_04,CHILD_NORMAL,TARGETED_CHILD_SPEECH,0.42616033755274263,0.6433677745306227,0.8,0.4,silero,1,1,False
child_04_studio_mic_four,child_04,CHILD_NORMAL,TARGETED_CHILD_SPEECH,0.45982142857142855,0.5385256353805556,0.8,0.4,silero,1,1,False
child_04_studio_mic_nine,child_04,CHILD_NORMAL,TARGETED_CHILD_SPEECH,0.34934497816593885,0.6946011646994851,0.8,0.4,silero,1,1,False
child_04_studio_mic_seven,child_04,CHILD_NORMAL,TARGETED_CHILD_SPEECH,0.3282828282828283,0.6643027386040848,0.8,0.4,silero,1,1,False
child_04_studio_mic_six,child_04,CHILD_NORMAL,TARGETED_CHILD_SPEECH,0.45147679324894513,0.6379537658753491,0.8,0.4,silero,2,1,False
child_04_studio_mic_ten,child_04,CHILD_NORMAL,TARGETED_CHILD_SPEECH,0.5059523809523809,0.7393684742286264,0.8,0.4,silero,1,1,False
child_04_studio_mic_three,child_04,CHILD_NORMAL,TARGETED_CHILD_SPEECH,0.5044642857142857,0.6211149393800769,0.8,0.4,silero,1,1,False
child_04_studio_mic_two,child_04,CHILD_NORMAL,TARGETED_CHILD_SPEECH,0.5826771653543307,0.5275875429823126,0.8,0.4,silero,1,1,False
child_04_studio_mic_the_dog_is_in_front_of_the_horse,child_04,CHILD_NORMAL,TARGETED_CHILD_SPEECH,0.5843023255813954,0.712432809396957,0.8,0.4,silero,1,1,False
child_04_studio_mic_the_dog_is_on_top_of_the_shed,child_04,CHILD_NORMAL,TARGETED_CHILD_SPEECH,0.38436482084690554,0.5111632665039122,0.8,0.4,silero,1,1,False
child_04_studio_mic_the_fish_is_in_the_pond,child_04,CHILD_NORMAL,TARGETED_CHILD_SPEECH,0.49698795180722893,0.709173685103629,0.8,0.4,silero,1,1,False
child_04_studio_mic_the_horse_is_behind_the_car,child_04,CHILD_NORMAL,TARGETED_CHILD_SPEECH,0.49624060150375937,0.6822218213276423,0.8,0.4,silero,1,1,False
child_04_studio_mic_the_horse_is_next_to_the_stable,child_04,CHILD_NORMAL,TARGETED_CHILD_SPEECH,0.37846153846153846,0.5177982847585347,0.8,0.4,silero,1,1,False
child_05_studio_mic_eight,child_05,CHILD_NORMAL,TARGETED_CHILD_SPEECH,0.5,0.7295904869297782,0.8,0.4,silero,1,1,False
child_05_studio_mic_five,child_05,CHILD_NORMAL,TARGETED_CHILD_SPEECH,0.5094339622641509,0.5176752234031815,0.8,0.4,silero,1,1,False
child_05_studio_mic_four,child_05,CHILD_NORMAL,TARGETED_CHILD_SPEECH,0.5373134328358209,0.6633857476681202,0.8,0.4,silero,1,1,False
child_05_studio_mic_nine,child_05,CHILD_NORMAL,TARGETED_CHILD_SPEECH,0.40540540540540543,0.4012012868321954,0.8,0.4,silero,1,1,False
child_05_studio_mic_one,child_05,CHILD_NORMAL,TARGETED_CHILD_SPEECH,0.0,0.2502438913819566,0.8,0.4,silero,1,1,False
child_05_studio_mic_seven,child_05,CHILD_NORMAL,TARGETED_CHILD_SPEECH,0.4691358024691358,0.535561982966596,0.8,0.4,silero,1,1,False
child_05_studio_mic_ten,child_05,CHILD_NORMAL,TARGETED_CHILD_SPEECH,0.24193548387096775,0.4618970637935343,0.8,0.4,silero,1,1,False
child_05_studio_mic_three,child_05,CHILD_NORMAL,TARGETED_CHILD_SPEECH,0.18461538461538463,0.4012573559009964,0.8,0.4,silero,1,1,False
child_05_studio_mic_the_dog_is_in_front_of_the_horse,child_05,CHILD_NORMAL,TARGETED_CHILD_SPEECH,0.5135135135135135,0.6577461887343846,0.8,0.4,silero,1,1,False
child_05_studio_mic_the_dog_is_on_top_of_the_shed,child_05,CHILD_NORMAL,TARGETED_CHILD_SPEECH,0.30324909747292417,0.4884550539868716,0.8,0.4,silero,1,1,False
child_05_studio_mic_the_fish_is_in_the_pond,child_05,CHILD_NORMAL,TARGETED_CHILD_SPEECH,0.32195121951219513,0.5325898627750397,0.8,0.4,silero,1,1,False
child_05_studio_mic_the_horse_is_behind_the_car,child_05,CHILD_NORMAL,TARGETED_CHILD_SPEECH,0.32160804020100503,0.44218189012242526,0.8,0.4,silero,1,1,False
child_05_studio_mic_the_horse_is_next_to_the_stable,child_05,CHILD_NORMAL,TARGETED_CHILD_SPEECH,0.2525597269624573,0.5108740671200666,0.8,0.4,silero,2,1,False
child_06_studio_mic_eight,child_06,CHILD_NORMAL,TARGETED_CHILD_SPEECH,0.2558139534883721,0.45621222450841387,0.8,0.4,silero,1,1,False
child_06_studio_mic_five,child_06,CHILD_NORMAL,TARGETED_CHILD_SPEECH,0.4090909090909091,0.7518508844801931,0.8,0.4,silero,1,1,False
child_06_studio_mic_four,child_06,CHILD_NORMAL,TARGETED_CHILD_SPEECH,0.2711864406779661,0.606211846647313,0.8,0.4,silero,1,1,False
child_06_studio_mic_nine,child_06,CHILD_NORMAL,TARGETED_CHILD_SPEECH,0.04878048780487805,0.3004409259469994,0.8,0.4,silero,1,1,False
child_06_studio_mic_seven,child_06,CHILD_NORMAL,TARGETED_CHILD_SPEECH,0.4090909090909091,0.38721302872959174,0.8,0.4,silero,1,1,False
child_06_studio_mic_six,child_06,CHILD_NORMAL,TARGETED_CHILD_SPEECH,0.1625,0.4282216230381934,0.8,0.4,silero,1,1,False
child_06_studio_mic_ten,child_06,CHILD_NORMAL,TARGETED_CHILD_SPEECH,0.2916666666666667,0.40485223147361266,0.8,0.4,silero,0,0,False
child_06_studio_mic_three,child_06,CHILD_NORMAL,TARGETED_CHILD_SPEECH,0.43902439024390244,0.6284479056190266,0.8,0.4,silero,1,1,False
child_06_studio_mic_two,child_06,CHILD_NORMAL,TARGETED_CHILD_SPEECH,0.37037037037037035,0.6168127094415873,0.8,0.4,silero,1,1,False
child_06_studio_mic_the_dog_is_in_front_of_the_horse,child_06,CHILD_NORMAL,TARGETED_CHILD_SPEECH,0.4222222222222222,0.4855935416130173,0.8,0.4,silero,1,1,False
child_06_studio_mic_the_dog_is_on_top_of_the_shed,child_06,CHILD_NORMAL,TARGETED_CHILD_SPEECH,0.215,0.38217138758247515,0.8,0.4,silero,1,1,False
child_06_studio_mic_the_fish_is_in_the_pond,child_06,CHILD_NORMAL,TARGETED_CHILD_SPEECH,0.44761904761904764,0.5855760354878903,0.8,0.4,silero,1,1,False
child_06_studio_mic_the_horse_is_behind_the_car,child_06,CHILD_NORMAL,TARGETED_CHILD_SPEECH,0.19760479041916168,0.42563212959918556,0.8,0.4,silero,1,1,False
child_06_studio_mic_the_horse_is_next_to_the_stable,child_06,CHILD_NORMAL,TARGETED_CHILD_SPEECH,0.39655172413793105,0.5561869368839629,0.8,0.4,silero,1,1,False
child_07_studio_mic_eight,child_07,CHILD_NORMAL,TARGETED_CHILD_SPEECH,0.5409836065573771,0.5351760951366739,0.8,0.4,silero,1,1,False
child_07_studio_mic_five,child_07,CHILD_NORMAL,TARGETED_CHILD_SPEECH,0.6458333333333334,0.5352886666092852,0.8,0.4,silero,1,1,False
child_07_studio_mic_four,child_07,CHILD_NORMAL,TARGETED_CHILD_SPEECH,0.4918032786885246,0.582728785219691,0.8,0.4,silero,1,1,False
child_07_studio_mic_nine,child_07,CHILD_NORMAL,TARGETED_CHILD_SPEECH,0.014705882352941176,0.29590312570432126,0.8,0.4,silero,1,1,False
child_07_studio_mic_one,child_07,CHILD_NORMAL,TARGETED_CHILD_SPEECH,0.19767441860465115,0.525219311264726,0.8,0.4,silero,1,1,False
child_07_studio_mic_seven,child_07,CHILD_NORMAL,TARGETED_CHILD_SPEECH,0.6145833333333334,0.672570437283391,0.8,0.4,silero,1,1,False
child_07_studio_mic_six,child_07,CHILD_NORMAL,TARGETED_CHILD_SPEECH,0.3106796116504854,0.5310800138766011,0.8,0.4,silero,1,1,False
child_07_studio_mic_ten,child_07,CHILD_NORMAL,TARGETED_CHILD_SPEECH,0.11538461538461539,0.33321283526589934,0.8,0.4,silero,1,1,False
child_07_studio_mic_three,child_07,CHILD_NORMAL,TARGETED_CHILD_SPEECH,0.4819277108433735,0.733571499481952,0.8,0.4,silero,1,1,False
child_07_studio_mic_two,child_07,CHILD_NORMAL,TARGETED_CHILD_SPEECH,0.44155844155844154,0.4467615191463877,0.8,0.4,silero,1,1,False
child_07_studio_mic_the_dog_is_in_front_of_the_horse,child_07,CHILD_NORMAL,TARGETED_CHILD_SPEECH,0.3811074918566775,0.5165466289200001,0.8,0.4,silero,1,1,False
child_07_studio_mic_the_dog_is_on_top_of_the_shed,child_07,CHILD_NORMAL,TARGETED_CHILD_SPEECH,0.22736842105263158,0.4429152926671712,0.8,0.4,silero,3,3,False
child_07_studio_mic_the_fish_is_in_the_pond,child_07,CHILD_NORMAL,TARGETED_CHILD_SPEECH,0.1598360655737705,0.41307800038956205,0.8,0.4,silero,1,1,False
child_07_studio_mic_the_horse_is_behind_the_car,child_07,CHILD_NORMAL,TARGETED_CHILD_SPEECH,0.3907563025210084,0.61741268143987,0.8,0.4,silero,1,1,False
child_07_studio_mic_the_horse_is_next_to_the_stable,child_07,CHILD_NORMAL,TARGETED_CHILD_SPEECH,0.2837370242214533,0.44999239247155554,0.8,0.4,silero,1,1,False
child_08_studio_mic_eight,child_08,CHILD_NORMAL,TARGETED_CHILD_SPEECH,0.5428571428571428,0.6321931347918791,0.8,0.4,silero,1,1,False
child_08_studio_mic_five,child_08,CHILD_NORMAL,TARGETED_CHILD_SPEECH,0.32,0.45845240285396616,0.8,0.4,silero,1,1,False
child_08_studio_mic_four,child_08,CHILD_NORMAL,TARGETED_CHILD_SPEECH,0.3333333333333333,0.4742552516238814,0.8,0.4,silero,0,0,False
child_08_studio_mic_nine,child_08,CHILD_NORMAL,TARGETED_CHILD_SPEECH,0.46,0.4651594567402948,0.8,0.4,silero,1,1,False
child_08_studio_mic_seven,child_08,CHILD_NORMAL,TARGETED_CHILD_SPEECH,0.21951219512195122,0.4873499661860561,0.8,0.4,silero,1,1,False
child_08_studio_mic_six,child_08,CHILD_NORMAL,TARGETED_CHILD_SPEECH,0.2,0.5214338260189172,0.8,0.4,silero,1,1,False
child_08_studio_mic_ten,child_08,CHILD_NORMAL,TARGETED_CHILD_SPEECH,0.27450980392156865,0.5042220421379693,0.8,0.4,silero,1,1,False
child_08_studio_mic_three,child_08,CHILD_NORMAL,TARGETED_CHILD_SPEECH,0.55,0.6152270067198876,0.8,0.4,silero,1,1,False
child_08_studio_mic_two,child_08,CHILD_NORMAL,TARGETED_CHILD_SPEECH,0.4857142857142857,0.6690128715231195,0.8,0.4,silero,1,1,False
child_09_studio_mic_eight,child_09,CHILD_NORMAL,TARGETED_CHILD_SPEECH,0.23863636363636365,0.46417440727548237,0.8,0.4,silero,1,1,False
child_09_studio_mic_five,child_09,CHILD_NORMAL,TARGETED_CHILD_SPEECH,0.24242424242424243,0.445832303839604,0.8,0.4,silero,0,0,False
child_09_studio_mic_four,child_09,CHILD_NORMAL,TARGETED_CHILD_SPEECH,0.47058823529411764,0.5207443984569841,0.8,0.4,silero,1,1,False
child_09_studio_mic_nine,child_09,CHILD_NORMAL,TARGETED_CHILD_SPEECH,0.5098039215686274,0.53464154442305,0.8,0.4,silero,1,1,False
child_09_studio_mic_one,child_09,CHILD_NORMAL,TARGETED_CHILD_SPEECH,0.5157894736842106,0.5955765068219399,0.8,0.4,silero,1,1,False
child_09_studio_mic_seven,child_09,CHILD_NORMAL,TARGETED_CHILD_SPEECH,0.06818181818181818,0.28342897650360255,0.8,0.4,silero,1,1,False
child_09_studio_mic_six,child_09,CHILD_NORMAL,TARGETED_CHILD_SPEECH,0.09090909090909091,0.31167666051374376,0.8,0.4,silero,1,1,False
child_09_studio_mic_ten,child_09,CHILD_NORMAL,TARGETED_CHILD_SPEECH,0.3717948717948718,0.48499092380165026,0.8,0.4,silero,1,1,False
child_09_studio_mic_three,child_09,CHILD_NORMAL,TARGETED_CHILD_SPEECH,0.41904761904761906,0.5775963801858388,0.8,0.4,silero,1,1,False
child_09_studio_mic_two,child_09,CHILD_NORMAL,TARGETED_CHILD_SPEECH,0.2727272727272727,0.4615034992883369,0.8,0.4,silero,1,1,False
child_09_studio_mic_the_dog_is_in_front_of_the_horse,child_09,CHILD_NORMAL,TARGETED_CHILD_SPEECH,0.3442211055276382,0.5998734232043172,0.8,0.4,silero,1,1,False
child_09_studio_mic_the_dog_is_on_top_of_the_shed,child_09,CHILD_NORMAL,TARGETED_CHILD_SPEECH,0.3559718969555035,0.6217152359845308,0.8,0.4,silero,3,3,False
child_09_studio_mic_the_fish_is_in_the_pond,child_09,CHILD_NORMAL,TARGETED_CHILD_SPEECH,0.3465045592705167,0.622651848574122,0.8,0.4,silero,1,1,False
child_09_studio_mic_the_horse_is_behind_the_car,child_09,CHILD_NORMAL,TARGETED_CHILD_SPEECH,0.36768802228412256,0.5880338184053733,0.8,0.4,silero,1,1,False
child_09_studio_mic_the_horse_is_next_to_the_stable,child_09,CHILD_NORMAL,TARGETED_CHILD_SPEECH,0.2903981264637002,0.5920277332034083,0.8,0.4,silero,1,1,False
child_10_studio_mic_eight,child_10,CHILD_NORMAL,TARGETED_CHILD_SPEECH,0.26506024096385544,0.5954037856153971,0.8,0.4,silero,1,1,False
child_10_studio_mic_five,child_10,CHILD_NORMAL,TARGETED_CHILD_SPEECH,0.2376237623762376,0.5435220163629029,0.8,0.4,silero,1,1,False
child_10_studio_mic_four,child_10,CHILD_NORMAL,TARGETED_CHILD_SPEECH,0.22988505747126436,0.5689870848810014,0.8,0.4,silero,1,1,False
child_10_studio_mic_nine,child_10,CHILD_NORMAL,TARGETED_CHILD_SPEECH,0.4479166666666667,0.5512518480299337,0.8,0.4,silero,1,1,False
child_10_studio_mic_one,child_10,CHILD_NORMAL,TARGETED_CHILD_SPEECH,0.46153846153846156,0.6392763538224475,0.8,0.4,silero,1,1,False
child_10_studio_mic_seven,child_10,CHILD_NORMAL,TARGETED_CHILD_SPEECH,0.30392156862745096,0.6148169451992488,0.8,0.4,silero,1,1,False
child_10_studio_mic_six,child_10,CHILD_NORMAL,TARGETED_CHILD_SPEECH,0.12631578947368421,0.3494043542045988,0.8,0.4,silero,1,1,False
child_10_studio_mic_ten,child_10,CHILD_NORMAL,TARGETED_CHILD_SPEECH,0.6373626373626373,0.7612879385287087,0.8,0.4,silero,1,1,False
child_10_studio_mic_three,child_10,CHILD_NORMAL,TARGETED_CHILD_SPEECH,0.42452830188679247,0.598242755747353,0.8,0.4,silero,1,1,False
child_10_studio_mic_two,child_10,CHILD_NORMAL,TARGETED_CHILD_SPEECH,0.3829787234042553,0.6324666832474258,0.8,0.4,silero,1,1,False
child_10_studio_mic_the_dog_is_on_top_of_the_shed,child_10,CHILD_NORMAL,TARGETED_CHILD_SPEECH,0.6058394160583942,0.7739980830413804,0.8,0.4,silero,1,1,False
child_10_studio_mic_the_fish_is_in_the_pond,child_10,CHILD_NORMAL,TARGETED_CHILD_SPEECH,0.391705069124424,0.5838508044975385,0.8,0.4,silero,1,1,False
child_10_studio_mic_the_horse_is_behind_the_car,child_10,CHILD_NORMAL,TARGETED_CHILD_SPEECH,0.43529411764705883,0.5376386856326225,0.8,0.4,silero,1,1,False
child_10_studio_mic_the_horse_is_next_to_the_stable,child_10,CHILD_NORMAL,TARGETED_CHILD_SPEECH,0.5509554140127388,0.6898598231213144,0.8,0.4,silero,1,1,False
child_11_studio_mic_eight,child_11,CHILD_NORMAL,TARGETED_CHILD_SPEECH,0.28888888888888886,0.7228548345167505,0.8,0.4,silero,1,1,False
child_11_studio_mic_five,child_11,CHILD_NORMAL,TARGETED_CHILD_SPEECH,0.3409090909090909,0.6522286963946284,0.8,0.4,silero,1,1,False
child_11_studio_mic_four,child_11,CHILD_NORMAL,TARGETED_CHILD_SPEECH,0.37349397590361444,0.6562948084269095,0.8,0.4,silero,1,1,False
child_11_studio_mic_nine,child_11,CHILD_NORMAL,TARGETED_CHILD_SPEECH,0.5185185185185185,0.6678415491857574,0.8,0.4,silero,1,1,False
child_11_studio_mic_six,child_11,CHILD_NORMAL,TARGETED_CHILD_SPEECH,0.26582278481012656,0.5551865091873729,0.8,0.4,silero,1,1,False
child_11_studio_mic_ten,child_11,CHILD_NORMAL,TARGETED_CHILD_SPEECH,0.3972602739726027,0.43917352715230845,0.8,0.4,silero,1,1,False
child_11_studio_mic_three,child_11,CHILD_NORMAL,TARGETED_CHILD_SPEECH,0.4266666666666667,0.7034301120880713,0.8,0.4,silero,1,1,False
child_11_studio_mic_two,child_11,CHILD_NORMAL,TARGETED_CHILD_SPEECH,0.36666666666666664,0.7461493673422995,0.8,0.4,silero,1,1,False
child_11_studio_mic_the_dog_is_in_front_of_the_horse,child_11,CHILD_NORMAL,TARGETED_CHILD_SPEECH,0.5034722222222222,0.6915474926885025,0.8,0.4,silero,1,1,False
child_11_studio_mic_the_dog_is_in_front_of_the_house,child_11,CHILD_NORMAL,TARGETED_CHILD_SPEECH,0.5529411764705883,0.6330683887759783,0.8,0.4,silero,1,1,False
child_11_studio_mic_the_dog_is_on_top_of_the_shed,child_11,CHILD_NORMAL,TARGETED_CHILD_SPEECH,0.44366197183098594,0.6424187239783913,0.8,0.4,silero,1,1,False
child_11_studio_mic_the_fish_is_in_the_pond,child_11,CHILD_NORMAL,TARGETED_CHILD_SPEECH,0.38345864661654133,0.5433785898183849,0.8,0.4,silero,1,1,False
child_11_studio_mic_the_horse_is_behind_the_car,child_11,CHILD_NORMAL,TARGETED_CHILD_SPEECH,0.5503875968992248,0.6624301532308089,0.8,0.4,silero,1,1,False
child_11_studio_mic_the_horse_is_next_to_the_stable,child_11,CHILD_NORMAL,TARGETED_CHILD_SPEECH,0.34328358208955223,0.5976783327428719,0.8,0.4,silero,1,1,False
child_01_freefull_studio_01_M_native,child_01,CHILD_NORMAL,TRANSCRIBED_SPONTANEOUS_SPEECH,0.4301675977653631,0.6495344091265883,0.8,0.4,silero,10,8,False
child_02_freefull_studio_02_M_nonNative,child_02,CHILD_NORMAL,TRANSCRIBED_SPONTANEOUS_SPEECH,0.45033367556468173,0.6562852133592375,0.8,0.4,silero,35,34,False
child_03_freefull_studio_03_F_native,child_03,CHILD_NORMAL,TRANSCRIBED_SPONTANEOUS_SPEECH,0.48806244260789716,0.625035774642789,0.8,0.4,silero,21,19,False
child_04_freefull_studio_04_M_nonNative,child_04,CHILD_NORMAL,TRANSCRIBED_SPONTANEOUS_SPEECH,0.4930869074492099,0.7656594854341096,0.8,0.4,silero,31,17,False
child_05_freefull_studio_05_F_native,child_05,CHILD_NORMAL,TRANSCRIBED_SPONTANEOUS_SPEECH,0.38797423049391555,0.6137513611315804,0.8,0.4,silero,17,14,False
child_06_freefull_studio_06_M_native,child_06,CHILD_NORMAL,TRANSCRIBED_SPONTANEOUS_SPEECH,0.5261244608749229,0.708964016822124,0.8,0.4,silero,61,50,False
child_07_freefull_studio_07_F_native,child_07,CHILD_NORMAL,TRANSCRIBED_SPONTANEOUS_SPEECH,0.41941187418574355,0.6100690709124358,0.8,0.4,silero,44,36,False
child_08_freefull_studio_08_F_nonNative,child_08,CHILD_NORMAL,TRANSCRIBED_SPONTANEOUS_SPEECH,0.3576485732675391,0.6338279118076463,0.8,0.4,silero,50,44,False
child_09_freefull_studio_09_F_nonNative,child_09,CHILD_NORMAL,TRANSCRIBED_SPONTANEOUS_SPEECH,0.391026690682823,0.6819044534887895,0.8,0.4,silero,90,78,False
child_10_freefull_studio_10_M_nonNative,child_10,CHILD_NORMAL,TRANSCRIBED_SPONTANEOUS_SPEECH,0.41233451727478204,0.6578333121102032,0.8,0.4,silero,65,59,False
child_11_freefull_studio_11_M_native,child_11,CHILD_NORMAL,TRANSCRIBED_SPONTANEOUS_SPEECH,0.435253430094115,0.6671500919838992,0.8,0.4,silero,50,46,False
child_01_free_f398802c,child_01,CHILD_NORMAL,TRANSCRIBED_SPONTANEOUS_SPEECH,0.546448087431694,0.6224356850031846,0.8,0.4,silero,2,2,False
child_01_free_9b878683,child_01,CHILD_NORMAL,TRANSCRIBED_SPONTANEOUS_SPEECH,0.1746031746031746,0.4114505221166944,0.8,0.4,silero,1,1,False
child_01_free_f02e0537,child_01,CHILD_NORMAL,TRANSCRIBED_SPONTANEOUS_SPEECH,0.2819843342036554,0.5348809897522154,0.8,0.4,silero,2,2,False
child_02_free_0525c683,child_02,CHILD_NORMAL,TRANSCRIBED_SPONTANEOUS_SPEECH,0.5242966751918159,0.6865272633269913,0.8,0.4,silero,3,3,False
child_02_free_d3ec25d9,child_02,CHILD_NORMAL,TRANSCRIBED_SPONTANEOUS_SPEECH,0.4690831556503198,0.5833677780860419,0.8,0.4,silero,2,1,False
child_02_free_3acf0e7d,child_02,CHILD_NORMAL,TRANSCRIBED_SPONTANEOUS_SPEECH,0.47333333333333333,0.5699555138056632,0.8,0.4,silero,2,2,False
child_03_free_ce301f6d,child_03,CHILD_NORMAL,TRANSCRIBED_SPONTANEOUS_SPEECH,0.4516971279373368,0.6539809445741601,0.8,0.4,silero,2,2,False
child_03_free_63b74795,child_03,CHILD_NORMAL,TRANSCRIBED_SPONTANEOUS_SPEECH,0.4931972789115646,0.5788166865090482,0.8,0.4,silero,2,1,False
child_03_free_03261d37,child_03,CHILD_NORMAL,TRANSCRIBED_SPONTANEOUS_SPEECH,0.5991440798858774,0.6445852151566783,0.8,0.4,silero,5,3,False
child_04_free_d0954f14,child_04,CHILD_NORMAL,TRANSCRIBED_SPONTANEOUS_SPEECH,0.5838509316770186,0.7290940814309969,0.8,0.4,silero,1,1,False
child_04_free_a95c9661,child_04,CHILD_NORMAL,TRANSCRIBED_SPONTANEOUS_SPEECH,0.5017301038062284,0.737991993338873,0.8,0.4,silero,2,2,False
child_04_free_e5a7acf5,child_04,CHILD_NORMAL,TRANSCRIBED_SPONTANEOUS_SPEECH,0.4626865671641791,0.8295699613025871,0.8,0.4,silero,5,4,False
child_05_free_d86979cd,child_05,CHILD_NORMAL,TRANSCRIBED_SPONTANEOUS_SPEECH,0.43882978723404253,0.6671177898577364,0.8,0.4,silero,2,1,False
child_05_free_6886c820,child_05,CHILD_NORMAL,TRANSCRIBED_SPONTANEOUS_SPEECH,0.4358974358974359,0.5524968288219331,0.8,0.4,silero,1,1,False
child_05_free_33df54bd,child_05,CHILD_NORMAL,TRANSCRIBED_SPONTANEOUS_SPEECH,0.40644171779141103,0.6169119094922533,0.8,0.4,silero,2,2,False
child_06_free_61a50632,child_06,CHILD_NORMAL,TRANSCRIBED_SPONTANEOUS_SPEECH,0.5826558265582655,0.6649879116949383,0.8,0.4,silero,1,1,False
child_06_free_c9e4dcba,child_06,CHILD_NORMAL,TRANSCRIBED_SPONTANEOUS_SPEECH,0.5757575757575758,0.73804244080591,0.8,0.4,silero,2,2,False
child_06_free_1c3500c7,child_06,CHILD_NORMAL,TRANSCRIBED_SPONTANEOUS_SPEECH,0.449685534591195,0.5358345544490711,0.8,0.4,silero,1,1,False
child_07_free_0bf2533a,child_07,CHILD_NORMAL,TRANSCRIBED_SPONTANEOUS_SPEECH,0.4697508896797153,0.5739262122538376,0.8,0.4,silero,1,1,False
child_07_free_9439ea2c,child_07,CHILD_NORMAL,TRANSCRIBED_SPONTANEOUS_SPEECH,0.4025974025974026,0.5896346899384229,0.8,0.4,silero,2,1,False
child_07_free_da8f1eb1,child_07,CHILD_NORMAL,TRANSCRIBED_SPONTANEOUS_SPEECH,0.4154727793696275,0.6489930372946864,0.8,0.4,silero,2,2,False
child_08_free_79151b39,child_08,CHILD_NORMAL,TRANSCRIBED_SPONTANEOUS_SPEECH,0.36803874092009686,0.5162491515616062,0.8,0.4,silero,3,3,False
child_08_free_5ad7b997,child_08,CHILD_NORMAL,TRANSCRIBED_SPONTANEOUS_SPEECH,0.2360655737704918,0.4335206116299464,0.8,0.4,silero,1,1,False
child_08_free_16de3289,child_08,CHILD_NORMAL,TRANSCRIBED_SPONTANEOUS_SPEECH,0.3270321361058601,0.5593514626740635,0.8,0.4,silero,1,1,False
child_09_free_14a69e09,child_09,CHILD_NORMAL,TRANSCRIBED_SPONTANEOUS_SPEECH,0.450402144772118,0.6052518863551088,0.8,0.4,silero,2,1,False
child_09_free_a0b6f669,child_09,CHILD_NORMAL,TRANSCRIBED_SPONTANEOUS_SPEECH,0.4579310344827586,0.6841959212533135,0.8,0.4,silero,2,2,False
child_09_free_90fba8a9,child_09,CHILD_NORMAL,TRANSCRIBED_SPONTANEOUS_SPEECH,0.516629711751663,0.7396071188378119,0.8,0.4,silero,2,2,False
child_10_free_9e9b00aa,child_10,CHILD_NORMAL,TRANSCRIBED_SPONTANEOUS_SPEECH,0.30035971223021585,0.5602858772205661,0.8,0.4,silero,3,3,False
child_10_free_d8d0b9e5,child_10,CHILD_NORMAL,TRANSCRIBED_SPONTANEOUS_SPEECH,0.4048706240487062,0.6249939796900148,0.8,0.4,silero,4,3,False
child_10_free_79e899a5,child_10,CHILD_NORMAL,TRANSCRIBED_SPONTANEOUS_SPEECH,0.39452054794520547,0.5306687253178756,0.8,0.4,silero,1,1,False
child_11_free_00672592,child_11,CHILD_NORMAL,TRANSCRIBED_SPONTANEOUS_SPEECH,0.4107485604606526,0.6607213659439691,0.8,0.4,silero,2,2,False
child_11_free_f01e6695,child_11,CHILD_NORMAL,TRANSCRIBED_SPONTANEOUS_SPEECH,0.25,0.49139340123965397,0.8,0.4,silero,1,1,False
child_11_free_bd15702c,child_11,CHILD_NORMAL,TRANSCRIBED_SPONTANEOUS_SPEECH,0.5501519756838906,0.6885224686110667,0.8,0.4,silero,3,3,False
