token_id,corpus,speaker_id,age,word,target_phone,context_position,prev_phone,next_phone,following_silence,label_source,human_label_or_score,human_confidence,production_max_A,alt_max_A,span_frames,span_ms,rms_span,rms_utterance,rms_ratio,voiced_fraction,f1_median,f2_median,f3_median,f3_f2_ratio,isolated_peak,window_class,notes
000030040_8,so762_test,0003,,FOUR,ɹ,word-final,ɔ,eɪ,0,so762 expert per-phone score (NOT a listening label),score=1.8,N/A,0.240555,,14,281.4,0.13439,0.08935,1.504,0.64,624.4,1251.9,2986.2,2.385,1,IDENTITY_STABLE_PRESENT,F3-F2=1734.3
000030047_9,so762_test,0003,,FOUR,ɹ,word-final,ɔ,t,0,so762 expert per-phone score (NOT a listening label),score=2.0,N/A,0.053414,,35,703.5,0.10113,0.10315,0.98,0.94,482.1,1560.6,2907.1,1.863,1,IDENTITY_STABLE_PRESENT,F3-F2=1346.5
000050038_2,so762_dev,0005,,FOUR,ɹ,word-final,ɔ,f,0,so762 expert per-phone score (NOT a listening label),score=1.8,N/A,0.234614,,37,743.7,0.02395,0.02166,1.106,0.408,753.3,1851.5,2977.9,1.608,1,IDENTITY_STABLE_PRESENT,F3-F2=1126.4
000050038_8,so762_dev,0005,,FOUR,ɹ,word-final,ɔ,s,0,so762 expert per-phone score (NOT a listening label),score=1.8,N/A,0.293642,,15,301.5,0.02452,0.02166,1.132,0.963,658.8,1305.4,2939.1,2.251,1,IDENTITY_STABLE_PRESENT,F3-F2=1633.7
000060031_7,so762_dev,0006,,FOUR,ɹ,word-final,ɔ,s,0,so762 expert per-phone score (NOT a listening label),score=2.0,N/A,0.135143,,11,221.1,0.10054,0.07788,1.291,1.0,667.6,1556.8,2518.6,1.618,0,IDENTITY_STABLE_PRESENT,F3-F2=961.8
000530030_6,so762_dev,0053,,FOUR,ɹ,word-final,ɔ,f,0,so762 expert per-phone score (NOT a listening label),score=2.0,N/A,0.256293,,14,280.0,0.06918,0.04426,1.563,1.0,537.9,1330.9,2777.2,2.087,1,IDENTITY_STABLE_PRESENT,F3-F2=1446.3
001030053_4,so762_dev,0103,,FOUR,ɹ,word-final,ɔ,s,0,so762 expert per-phone score (NOT a listening label),score=2.0,N/A,0.31329,,13,261.3,0.18191,0.12049,1.51,1.0,630.7,1356.2,2472.1,1.823,1,IDENTITY_STABLE_PRESENT,F3-F2=1115.9
001040050_2,so762_dev,0104,,FOUR,ɹ,word-final,ɔ,f,0,so762 expert per-phone score (NOT a listening label),score=2.0,N/A,0.127529,,41,824.1,0.04061,0.04199,0.967,0.392,751.4,1524.5,2933.5,1.924,1,IDENTITY_STABLE_PRESENT,F3-F2=1409.0
001040050_5,so762_dev,0104,,FOUR,ɹ,word-final,ɔ,s,0,so762 expert per-phone score (NOT a listening label),score=2.0,N/A,0.079763,,25,502.5,0.04391,0.04199,1.046,0.489,708.7,1302.4,2984.5,2.292,0,IDENTITY_STABLE_PRESENT,F3-F2=1682.1
001110039_9,so762_test,0111,,FOUR,ɹ,word-final,ɔ,f,0,so762 expert per-phone score (NOT a listening label),score=2.0,N/A,0.205641,,13,261.3,0.19956,0.14936,1.336,0.913,690.6,1254.8,2597.3,2.07,1,IDENTITY_STABLE_PRESENT,F3-F2=1342.5
001110047_2,so762_test,0111,,FOUR,ɹ,word-final,ɔ,s,0,so762 expert per-phone score (NOT a listening label),score=2.0,N/A,0.082232,,57,1145.7,0.1265,0.12795,0.989,0.441,746.2,1827.6,2944.4,1.611,1,IDENTITY_STABLE_PRESENT,F3-F2=1116.8
001120031_9,so762_test,0112,,FOUR,ɹ,word-final,ɔ,s,0,so762 expert per-phone score (NOT a listening label),score=2.0,N/A,0.906134,,7,141.4,0.16952,0.10738,1.579,1.0,575.6,1669.2,2572.0,1.541,1,IDENTITY_STABLE_PRESENT,F3-F2=902.8
001140049_10,so762_test,0114,,FOUR,ɹ,word-final,ɔ,s,0,so762 expert per-phone score (NOT a listening label),score=2.0,N/A,0.604331,,232,4640.0,0.07095,0.06218,1.141,0.202,869.8,1713.1,2882.9,1.683,1,IDENTITY_STABLE_PRESENT,F3-F2=1169.8
001140054_5,so762_test,0114,,FOUR,ɹ,word-final,ɔ,θ,0,so762 expert per-phone score (NOT a listening label),score=2.0,N/A,0.165091,,10,202.0,0.08544,0.06787,1.259,0.588,756.8,1711.4,2467.2,1.442,0,IDENTITY_STABLE_PRESENT,F3-F2=755.8
014470149_5,so762_absent_dev,1447,,WHERE,ɹ,word-final,ɛ,ɑ,0,so762 expert per-phone score (NOT a listening label),score=0.0,N/A,0.03993,,40,804.0,0.17833,0.1277,1.397,0.909,647.9,1444.0,2779.8,1.925,1,IDENTITY_STABLE_ABSENT,F3-F2=1335.8
child_01_four,lwe,child_01,,four,ɹ,word-final+utterance-final,ɔ,,1,WP-1.9.12 blind human review,FINAL_CONSONANT_CLEARLY_ABSENT,HIGH,0.036201,0.01998,31,629.3,0.17706,0.21666,0.817,0.61,578.0,1624.3,2818.0,1.735,1,IDENTITY_STABLE_ABSENT,F3-F2=1193.7
child_02_four,lwe,child_02,,four,ɹ,word-final+utterance-final,ɔ,,1,WP-1.9.12 blind human review,FINAL_CONSONANT_CLEARLY_ABSENT,HIGH,0.153575,0.01367,39,791.7,0.17499,0.15589,1.123,0.72,744.1,1651.5,2776.4,1.681,0,IDENTITY_STABLE_PRESENT,F3-F2=1124.9
child_03_four,lwe,child_03,,four,ɹ,word-final+utterance-final,ɔ,,1,WP-1.9.12 blind human review,FINAL_CONSONANT_CLEARLY_ABSENT,HIGH,0.056261,0.00417,28,568.4,0.21028,0.18655,1.127,0.755,619.6,1436.0,2881.6,2.007,1,IDENTITY_STABLE_PRESENT,F3-F2=1445.6
child_04_four,lwe,child_04,,four,ɹ,word-final+utterance-final,ɔ,,1,WP-1.9.12 blind human review,FINAL_CONSONANT_PROBABLY_PRESENT,LOW,0.090362,0.41377,86,1728.6,0.17589,0.15825,1.111,0.828,713.7,1669.0,2802.2,1.679,1,IDENTITY_STABLE_PRESENT,F3-F2=1133.2
child_05_four,lwe,child_05,,four,ɹ,word-final+utterance-final,ɔ,,1,WP-1.9.12 blind human review,FINAL_CONSONANT_CLEARLY_ABSENT,HIGH,0.030697,0.01637,20,408.0,0.2225,0.22713,0.98,0.865,661.2,1610.3,2838.6,1.763,1,IDENTITY_STABLE_ABSENT,F3-F2=1228.3
child_06_four,lwe,child_06,,four,ɹ,word-final+utterance-final,ɔ,,1,WP-1.9.12 blind human review,FINAL_CONSONANT_CLEARLY_ABSENT,HIGH,0.041371,0.0,23,471.5,0.1495,0.17345,0.862,0.318,849.3,2066.3,3060.1,1.481,1,IDENTITY_STABLE_PRESENT,F3-F2=993.8
child_07_four,lwe,child_07,,four,ɹ,word-final+utterance-final,ɔ,,1,WP-1.9.12 blind human review,(unlabelled),,0.036171,,19,389.5,0.24474,0.2234,1.096,0.943,543.5,1147.8,2627.9,2.29,1,,F3-F2=1480.1
child_08_four,lwe,child_08,,four,ɹ,word-final+utterance-final,ɔ,,1,WP-1.9.12 blind human review,(unlabelled),,0.031796,,20,414.0,0.13352,0.11425,1.169,1.0,673.1,1321.9,2659.7,2.012,1,,F3-F2=1337.8
child_09_four,lwe,child_09,,four,ɹ,word-final+utterance-final,ɔ,,1,WP-1.9.12 blind human review,(unlabelled),,0.053595,,30,612.0,0.26542,0.23775,1.116,0.948,628.2,1484.5,2806.0,1.89,1,,F3-F2=1321.5
