blind_id,review_order,priority,candidate_id,speaker_id,word,target_phone,source_corpus,audio_reference,candidate_class,tag_r_priority,tag_weak_present,tag_rank25_identity,tag_strong_false_accept,reference_note,machine_rank,machine_max_A,machine_blank_mean,machine_margin,production_decision,best_rule_decision,why_needed,reviewer_visible_fields,hidden_until_label,review_status
L01,1,1,child_09_four,child_09,four,ɹ,lwe,D:\Vscode\little-world-english\Research\Speech\ExternalData\zenodo_200495\extracted\english_children\english_words_sentences\09_F_nonNative\studio_mic\numbers\four.wav,UNCERTAIN_CANDIDATE,1,0,0,0,word-level human verdict: CLEAR_INCORRECT,-1,0.053595,0.896374,-0.010524,0,0,confident PRESENT /r/ needed (/r/ present n=1 LOW),blind_id; word; target_phone; audio_reference,machine_rank; machine_max_A; machine_blank_mean; machine_margin; production_decision; best_rule_decision; reference_note,READY_FOR_HUMAN_REVIEW
L02,2,1,child_07_four,child_07,four,ɹ,lwe,D:\Vscode\little-world-english\Research\Speech\ExternalData\zenodo_200495\extracted\english_children\english_words_sentences\07_F_native\studio_mic\numbers\four.wav,UNCERTAIN_CANDIDATE,1,0,0,0,word-level human verdict: CLEAR_INCORRECT,0,0.036171,0.98436,0.001239,1,1,confident PRESENT /r/ needed (/r/ present n=1 LOW),blind_id; word; target_phone; audio_reference,machine_rank; machine_max_A; machine_blank_mean; machine_margin; production_decision; best_rule_decision; reference_note,READY_FOR_HUMAN_REVIEW
L03,3,1,child_08_four,child_08,four,ɹ,lwe,D:\Vscode\little-world-english\Research\Speech\ExternalData\zenodo_200495\extracted\english_children\english_words_sentences\08_F_nonNative\studio_mic\numbers\four.wav,UNCERTAIN_CANDIDATE,1,0,0,0,word-level human verdict: CLEAR_INCORRECT,-1,0.031796,0.917952,-0.014427,1,0,confident PRESENT /r/ needed (/r/ present n=1 LOW),blind_id; word; target_phone; audio_reference,machine_rank; machine_max_A; machine_blank_mean; machine_margin; production_decision; best_rule_decision; reference_note,READY_FOR_HUMAN_REVIEW
L04,4,2,child_08_five,child_08,five,v,lwe,D:\Vscode\little-world-english\Research\Speech\ExternalData\zenodo_200495\extracted\english_children\english_words_sentences\08_F_nonNative\studio_mic\numbers\five.wav,PRESENT_CANDIDATE,0,1,0,0,word-level human verdict: CLEAR_CORRECT,-1,0.001743,0.910685,-0.038845,0,0,weak-support PRESENT: separates true weak finals from weak false accepts,blind_id; word; target_phone; audio_reference,machine_rank; machine_max_A; machine_blank_mean; machine_margin; production_decision; best_rule_decision; reference_note,READY_FOR_HUMAN_REVIEW
L05,5,2,child_04_seven,child_04,seven,n,lwe,D:\Vscode\little-world-english\Research\Speech\ExternalData\zenodo_200495\extracted\english_children\english_words_sentences\04_M_nonNative\studio_mic\numbers\seven.wav,PRESENT_CANDIDATE,0,1,0,0,word-level human verdict: CLEAR_CORRECT,-1,0.004115,0.978114,-0.007403,0,0,weak-support PRESENT: separates true weak finals from weak false accepts,blind_id; word; target_phone; audio_reference,machine_rank; machine_max_A; machine_blank_mean; machine_margin; production_decision; best_rule_decision; reference_note,READY_FOR_HUMAN_REVIEW
L06,6,3,000010035_12,0001,ONE,n,so762_dev,D:\speech-lab\data\speechocean762\WAVE\SPEAKER0001\000010035.WAV,PRESENT_CANDIDATE,0,0,1,0,so762 per-phone human score (NOT a final-consonant label),1,0.288315,0.968915,-0.00628,1,1,rank-2..5 identity accept (so762): is the similarity pick right?,blind_id; word; target_phone; audio_reference,machine_rank; machine_max_A; machine_blank_mean; machine_margin; production_decision; best_rule_decision; reference_note,READY_FOR_HUMAN_REVIEW
L07,7,3,000010075_5,0001,HATES,s,so762_dev,D:\speech-lab\data\speechocean762\WAVE\SPEAKER0001\000010075.WAV,PRESENT_CANDIDATE,0,0,1,0,so762 per-phone human score (NOT a final-consonant label),1,1.9e-05,0.999794,-1e-06,1,1,rank-2..5 identity accept (so762): is the similarity pick right?,blind_id; word; target_phone; audio_reference,machine_rank; machine_max_A; machine_blank_mean; machine_margin; production_decision; best_rule_decision; reference_note,READY_FOR_HUMAN_REVIEW
L08,8,3,000010089_11,0001,BIG,ɡ,so762_dev,D:\speech-lab\data\speechocean762\WAVE\SPEAKER0001\000010089.WAV,PRESENT_CANDIDATE,0,0,1,0,so762 per-phone human score (NOT a final-consonant label),1,0.470654,0.832448,-0.004818,1,1,rank-2..5 identity accept (so762): is the similarity pick right?,blind_id; word; target_phone; audio_reference,machine_rank; machine_max_A; machine_blank_mean; machine_margin; production_decision; best_rule_decision; reference_note,READY_FOR_HUMAN_REVIEW
L09,9,3,000010095_4,0001,AT,t,so762_dev,D:\speech-lab\data\speechocean762\WAVE\SPEAKER0001\000010095.WAV,PRESENT_CANDIDATE,0,0,1,0,so762 per-phone human score (NOT a final-consonant label),1,0.433901,0.921123,-0.005798,1,1,rank-2..5 identity accept (so762): is the similarity pick right?,blind_id; word; target_phone; audio_reference,machine_rank; machine_max_A; machine_blank_mean; machine_margin; production_decision; best_rule_decision; reference_note,READY_FOR_HUMAN_REVIEW
L10,10,3,000030012_9,0003,GOING,ŋ,so762_test,D:\speech-lab\data\speechocean762\WAVE\SPEAKER0003\000030012.WAV,PRESENT_CANDIDATE,0,0,1,0,so762 per-phone human score (NOT a final-consonant label),1,0.472829,0.505637,-0.000558,1,1,rank-2..5 identity accept (so762): is the similarity pick right?,blind_id; word; target_phone; audio_reference,machine_rank; machine_max_A; machine_blank_mean; machine_margin; production_decision; best_rule_decision; reference_note,READY_FOR_HUMAN_REVIEW
L11,11,4,014350146_16,1435,EDUCATION,n,so762_absent_dev,D:\speech-lab\data\speechocean762\WAVE\SPEAKER1435\014350146.WAV,ABSENT_CANDIDATE,0,0,0,1,so762 per-phone human score (NOT a final-consonant label),0,0.955777,0.934911,0.009527,1,1,strong encoder false-accept candidate (TYPE B): confirm human absence,blind_id; word; target_phone; audio_reference,machine_rank; machine_max_A; machine_blank_mean; machine_margin; production_decision; best_rule_decision; reference_note,READY_FOR_HUMAN_REVIEW
L12,12,4,014190172_7,1419,NAME,m,so762_absent_dev,D:\speech-lab\data\speechocean762\WAVE\SPEAKER1419\014190172.WAV,ABSENT_CANDIDATE,0,0,0,1,so762 per-phone human score (NOT a final-consonant label),0,0.82025,0.737954,0.17505,1,1,strong encoder false-accept candidate (TYPE B): confirm human absence,blind_id; word; target_phone; audio_reference,machine_rank; machine_max_A; machine_blank_mean; machine_margin; production_decision; best_rule_decision; reference_note,READY_FOR_HUMAN_REVIEW
L13,13,4,014470150_3,1447,IT,t,so762_absent_dev,D:\speech-lab\data\speechocean762\WAVE\SPEAKER1447\014470150.WAV,ABSENT_CANDIDATE,0,0,0,1,so762 per-phone human score (NOT a final-consonant label),-1,0.686702,0.921669,-0.007691,0,0,strong encoder false-accept candidate (TYPE B): confirm human absence,blind_id; word; target_phone; audio_reference,machine_rank; machine_max_A; machine_blank_mean; machine_margin; production_decision; best_rule_decision; reference_note,READY_FOR_HUMAN_REVIEW
L14,14,4,014180143_15,1418,JUNE,n,so762_absent_dev,D:\speech-lab\data\speechocean762\WAVE\SPEAKER1418\014180143.WAV,ABSENT_CANDIDATE,0,0,0,1,so762 per-phone human score (NOT a final-consonant label),1,0.682061,0.927378,-0.005859,1,1,strong encoder false-accept candidate (TYPE B): confirm human absence,blind_id; word; target_phone; audio_reference,machine_rank; machine_max_A; machine_blank_mean; machine_margin; production_decision; best_rule_decision; reference_note,READY_FOR_HUMAN_REVIEW
L15,15,4,child_07_seven,child_07,seven,n,lwe,D:\Vscode\little-world-english\Research\Speech\ExternalData\zenodo_200495\extracted\english_children\english_words_sentences\07_F_native\studio_mic\numbers\seven.wav,ABSENT_CANDIDATE,0,0,0,1,word-level human verdict: PROBABLY_INCORRECT,1,0.629415,0.883186,-0.008864,1,1,strong encoder false-accept candidate (TYPE B): confirm human absence,blind_id; word; target_phone; audio_reference,machine_rank; machine_max_A; machine_blank_mean; machine_margin; production_decision; best_rule_decision; reference_note,READY_FOR_HUMAN_REVIEW
L16,16,5,child_05_four,child_05,four,ɹ,lwe,D:\Vscode\little-world-english\Research\Speech\ExternalData\zenodo_200495\extracted\english_children\english_words_sentences\05_F_native\studio_mic\numbers\four.wav,ABSENT_CANDIDATE,1,0,0,0,word-level human verdict: -,-1,0.030697,0.892392,-0.015099,0,0,additional /r/ ABSENT evidence (/r/ absent n=5),blind_id; word; target_phone; audio_reference,machine_rank; machine_max_A; machine_blank_mean; machine_margin; production_decision; best_rule_decision; reference_note,READY_FOR_HUMAN_REVIEW
L17,17,5,child_01_four,child_01,four,ɹ,lwe,D:\Vscode\little-world-english\Research\Speech\ExternalData\zenodo_200495\extracted\english_children\english_words_sentences\01_M_native\studio_mic\numbers\four.wav,ABSENT_CANDIDATE,1,0,0,0,word-level human verdict: CLEAR_INCORRECT,-1,0.036201,0.92588,-0.013226,1,0,additional /r/ ABSENT evidence (/r/ absent n=5),blind_id; word; target_phone; audio_reference,machine_rank; machine_max_A; machine_blank_mean; machine_margin; production_decision; best_rule_decision; reference_note,READY_FOR_HUMAN_REVIEW
L18,18,5,014470149_5,1447,WHERE,ɹ,so762_absent_dev,D:\speech-lab\data\speechocean762\WAVE\SPEAKER1447\014470149.WAV,ABSENT_CANDIDATE,1,0,0,0,so762 per-phone human score (NOT a final-consonant label),-1,0.03993,0.938741,-0.024611,1,0,additional /r/ ABSENT evidence (/r/ absent n=5),blind_id; word; target_phone; audio_reference,machine_rank; machine_max_A; machine_blank_mean; machine_margin; production_decision; best_rule_decision; reference_note,READY_FOR_HUMAN_REVIEW
L19,19,5,child_06_four,child_06,four,ɹ,lwe,D:\Vscode\little-world-english\Research\Speech\ExternalData\zenodo_200495\extracted\english_children\english_words_sentences\06_M_native\studio_mic\numbers\four.wav,ABSENT_CANDIDATE,1,0,0,0,word-level human verdict: CLEAR_INCORRECT,1,0.041371,0.985306,-0.000134,1,1,additional /r/ ABSENT evidence (/r/ absent n=5),blind_id; word; target_phone; audio_reference,machine_rank; machine_max_A; machine_blank_mean; machine_margin; production_decision; best_rule_decision; reference_note,READY_FOR_HUMAN_REVIEW
L20,20,6,001120031_9,0112,FOUR,ɹ,so762_test,D:\speech-lab\data\speechocean762\WAVE\SPEAKER0112\001120031.WAV,PRESENT_CANDIDATE,1,0,0,0,so762 per-phone human score (NOT a final-consonant label),0,0.906134,0.719372,0.004386,1,1,confident PRESENT /r/ reference example (dev/test strong support),blind_id; word; target_phone; audio_reference,machine_rank; machine_max_A; machine_blank_mean; machine_margin; production_decision; best_rule_decision; reference_note,READY_FOR_HUMAN_REVIEW
L21,21,6,001140049_10,0114,FOUR,ɹ,so762_test,D:\speech-lab\data\speechocean762\WAVE\SPEAKER0114\001140049.WAV,PRESENT_CANDIDATE,1,0,0,0,so762 per-phone human score (NOT a final-consonant label),2,0.604331,0.971,0.000601,1,1,confident PRESENT /r/ reference example (dev/test strong support),blind_id; word; target_phone; audio_reference,machine_rank; machine_max_A; machine_blank_mean; machine_margin; production_decision; best_rule_decision; reference_note,READY_FOR_HUMAN_REVIEW
L22,22,6,001030053_4,0103,FOUR,ɹ,so762_dev,D:\speech-lab\data\speechocean762\WAVE\SPEAKER0103\001030053.WAV,PRESENT_CANDIDATE,1,0,0,0,so762 per-phone human score (NOT a final-consonant label),0,0.31329,0.963514,0.028633,1,1,confident PRESENT /r/ reference example (dev/test strong support),blind_id; word; target_phone; audio_reference,machine_rank; machine_max_A; machine_blank_mean; machine_margin; production_decision; best_rule_decision; reference_note,READY_FOR_HUMAN_REVIEW
L23,23,6,000050038_8,0005,FOUR,ɹ,so762_dev,D:\speech-lab\data\speechocean762\WAVE\SPEAKER0005\000050038.WAV,PRESENT_CANDIDATE,1,0,0,0,so762 per-phone human score (NOT a final-consonant label),0,0.293642,0.938269,0.027802,1,1,confident PRESENT /r/ reference example (dev/test strong support),blind_id; word; target_phone; audio_reference,machine_rank; machine_max_A; machine_blank_mean; machine_margin; production_decision; best_rule_decision; reference_note,READY_FOR_HUMAN_REVIEW
