case_id,content,attempt,assessability,confidence,notes
fi_001,SPEECH_PRESENT,VALID_ATTEMPT,ASSESSABLE,HIGH,
fi_002,SPEECH_PRESENT,POSSIBLE_ATTEMPT,ASSESSABLE,HIGH,
fi_003,SPEECH_PRESENT,UNINTELLIGIBLE,NOT_ASSESSABLE,HIGH,
fi_004,SPEECH_PRESENT,UNINTELLIGIBLE,NOT_ASSESSABLE,HIGH,
fi_005,SPEECH_PRESENT,UNINTELLIGIBLE,NOT_ASSESSABLE,HIGH,
fi_006,SPEECH_PRESENT,VALID_ATTEMPT,ASSESSABLE,HIGH,
fi_007,SPEECH_PRESENT,VALID_ATTEMPT,ASSESSABLE,HIGH,
fi_008,SPEECH_PRESENT,VALID_ATTEMPT,ASSESSABLE,HIGH,
fi_009,SPEECH_PRESENT,UNINTELLIGIBLE,NOT_ASSESSABLE,HIGH,
fi_010,SPEECH_PRESENT,VALID_ATTEMPT,ASSESSABLE,HIGH,
fi_011,SPEECH_PRESENT,UNINTELLIGIBLE,NOT_ASSESSABLE,HIGH,
fi_012,SPEECH_PRESENT,VALID_ATTEMPT,ASSESSABLE,HIGH,
fi_013,SPEECH_PRESENT,VALID_ATTEMPT,ASSESSABLE,HIGH,
fi_014,SPEECH_PRESENT,VALID_ATTEMPT,ASSESSABLE,HIGH,
fi_015,SPEECH_PRESENT,VALID_ATTEMPT,ASSESSABLE,HIGH,
fi_016,SPEECH_PRESENT,VALID_ATTEMPT,ASSESSABLE,HIGH,
fi_017,SPEECH_PRESENT,VALID_ATTEMPT,ASSESSABLE,HIGH,
fi_018,SPEECH_PRESENT,VALID_ATTEMPT,ASSESSABLE,HIGH,
fi_019,SPEECH_PRESENT,UNINTELLIGIBLE,ASSESSABLE,HIGH,
fi_020,SPEECH_PRESENT,VALID_ATTEMPT,ASSESSABLE,HIGH,
fi_021,SPEECH_PRESENT,VALID_ATTEMPT,ASSESSABLE,HIGH,
fi_022,SPEECH_PRESENT,VALID_ATTEMPT,ASSESSABLE,HIGH,
fi_023,SPEECH_PRESENT,VALID_ATTEMPT,ASSESSABLE,HIGH,
fi_024,SPEECH_PRESENT,VALID_ATTEMPT,ASSESSABLE,HIGH,
fi_025,SPEECH_PRESENT,VALID_ATTEMPT,ASSESSABLE,HIGH,
fi_026,SPEECH_PRESENT,VALID_ATTEMPT,ASSESSABLE,HIGH,
fi_027,SPEECH_PRESENT,VALID_ATTEMPT,ASSESSABLE,HIGH,
fi_028,SPEECH_PRESENT,VALID_ATTEMPT,ASSESSABLE,HIGH,
fi_029,SPEECH_PRESENT,VALID_ATTEMPT,ASSESSABLE,HIGH,
fi_030,SPEECH_PRESENT,VALID_ATTEMPT,ASSESSABLE,HIGH,
fi_031,SPEECH_PRESENT,VALID_ATTEMPT,ASSESSABLE,HIGH,
fi_032,SPEECH_PRESENT,VALID_ATTEMPT,ASSESSABLE,HIGH,
fi_033,SPEECH_PRESENT,VALID_ATTEMPT,ASSESSABLE,HIGH,
fi_034,SPEECH_PRESENT,VALID_ATTEMPT,ASSESSABLE,HIGH,
fi_035,SPEECH_PRESENT,VALID_ATTEMPT,ASSESSABLE,HIGH,
fi_036,SPEECH_PRESENT,VALID_ATTEMPT,ASSESSABLE,HIGH,
fi_037,SPEECH_PRESENT,VALID_ATTEMPT,ASSESSABLE,HIGH,
fi_038,SPEECH_PRESENT,VALID_ATTEMPT,ASSESSABLE,HIGH,
fi_039,SPEECH_PRESENT,VALID_ATTEMPT,ASSESSABLE,HIGH,
fi_040,SPEECH_PRESENT,VALID_ATTEMPT,ASSESSABLE,HIGH,
fi_041,SPEECH_PRESENT,VALID_ATTEMPT,ASSESSABLE,HIGH,
fi_042,SPEECH_PRESENT,VALID_ATTEMPT,ASSESSABLE,HIGH,
fi_043,SPEECH_PRESENT,VALID_ATTEMPT,ASSESSABLE,HIGH,
fi_044,SPEECH_PRESENT,VALID_ATTEMPT,ASSESSABLE,HIGH,
fi_045,SPEECH_PRESENT,VALID_ATTEMPT,ASSESSABLE,HIGH,
fi_046,SPEECH_PRESENT,VALID_ATTEMPT,ASSESSABLE,HIGH,
fi_047,SPEECH_PRESENT,VALID_ATTEMPT,ASSESSABLE,HIGH,
fi_048,SPEECH_PRESENT,VALID_ATTEMPT,ASSESSABLE,HIGH,
fi_049,SPEECH_PRESENT,VALID_ATTEMPT,ASSESSABLE,HIGH,
fi_050,SPEECH_PRESENT,VALID_ATTEMPT,ASSESSABLE,HIGH,
fi_051,SPEECH_PRESENT,INCOMPLETE,ASSESSABLE,HIGH,
fi_052,SPEECH_PRESENT,VALID_ATTEMPT,ASSESSABLE,HIGH,
fi_053,SPEECH_PRESENT,UNINTELLIGIBLE,ASSESSABLE,HIGH,
fi_054,SPEECH_PRESENT,VALID_ATTEMPT,ASSESSABLE,HIGH,
fi_055,SPEECH_PRESENT,VALID_ATTEMPT,ASSESSABLE,HIGH,
fi_056,SPEECH_PRESENT,VALID_ATTEMPT,ASSESSABLE,HIGH,
fi_057,SPEECH_PRESENT,VALID_ATTEMPT,ASSESSABLE,HIGH,
fi_058,SPEECH_PRESENT,VALID_ATTEMPT,ASSESSABLE,HIGH,
fi_059,SPEECH_PRESENT,VALID_ATTEMPT,ASSESSABLE,HIGH,
fi_060,SPEECH_PRESENT,VALID_ATTEMPT,ASSESSABLE,HIGH,
fi_061,SPEECH_PRESENT,VALID_ATTEMPT,ASSESSABLE,HIGH,
fi_062,SPEECH_PRESENT,VALID_ATTEMPT,ASSESSABLE,HIGH,
fi_063,SPEECH_PRESENT,VALID_ATTEMPT,ASSESSABLE,HIGH,
fi_064,SPEECH_PRESENT,UNINTELLIGIBLE,ASSESSABLE,HIGH,
fi_065,SPEECH_PRESENT,VALID_ATTEMPT,ASSESSABLE,HIGH,
fi_066,SPEECH_PRESENT,VALID_ATTEMPT,ASSESSABLE,HIGH,
fi_067,SPEECH_PRESENT,VALID_ATTEMPT,ASSESSABLE,HIGH,
fi_068,SPEECH_PRESENT,VALID_ATTEMPT,ASSESSABLE,HIGH,
fi_069,SPEECH_PRESENT,VALID_ATTEMPT,ASSESSABLE,HIGH,
fi_070,SPEECH_PRESENT,VALID_ATTEMPT,ASSESSABLE,HIGH,
fi_071,SPEECH_PRESENT,VALID_ATTEMPT,ASSESSABLE,HIGH,
fi_072,SPEECH_PRESENT,VALID_ATTEMPT,ASSESSABLE,HIGH,
fi_073,SPEECH_PRESENT,VALID_ATTEMPT,ASSESSABLE,HIGH,
fi_074,SPEECH_PRESENT,VALID_ATTEMPT,ASSESSABLE,HIGH,
fi_075,SPEECH_PRESENT,VALID_ATTEMPT,ASSESSABLE,HIGH,
fi_076,SPEECH_PRESENT,UNINTELLIGIBLE,NOT_ASSESSABLE,HIGH,
fi_077,SPEECH_PRESENT,VALID_ATTEMPT,ASSESSABLE,HIGH,
fi_078,SPEECH_PRESENT,VALID_ATTEMPT,ASSESSABLE,HIGH,
fi_079,SPEECH_PRESENT,VALID_ATTEMPT,ASSESSABLE,HIGH,
fi_080,SPEECH_PRESENT,VALID_ATTEMPT,ASSESSABLE,HIGH,
fi_081,SPEECH_PRESENT,VALID_ATTEMPT,ASSESSABLE,HIGH,
fi_082,SPEECH_PRESENT,VALID_ATTEMPT,ASSESSABLE,HIGH,
fi_083,SPEECH_PRESENT,VALID_ATTEMPT,ASSESSABLE,HIGH,
fi_084,SPEECH_PRESENT,VALID_ATTEMPT,ASSESSABLE,HIGH,
fi_085,SPEECH_PRESENT,VALID_ATTEMPT,ASSESSABLE,HIGH,
fi_086,SPEECH_PRESENT,VALID_ATTEMPT,ASSESSABLE,HIGH,
fi_087,SPEECH_PRESENT,VALID_ATTEMPT,ASSESSABLE,HIGH,
fi_088,SPEECH_PRESENT,VALID_ATTEMPT,ASSESSABLE,HIGH,
fi_089,SPEECH_PRESENT,VALID_ATTEMPT,ASSESSABLE,HIGH,
fi_090,SPEECH_PRESENT,VALID_ATTEMPT,ASSESSABLE,HIGH,
fi_091,SPEECH_PRESENT,POSSIBLE_ATTEMPT,ASSESSABLE,HIGH,
fi_092,SPEECH_PRESENT,VALID_ATTEMPT,ASSESSABLE,HIGH,
fi_093,SPEECH_PRESENT,VALID_ATTEMPT,ASSESSABLE,HIGH,
fi_094,SPEECH_PRESENT,VALID_ATTEMPT,ASSESSABLE,HIGH,
fi_095,SPEECH_PRESENT,VALID_ATTEMPT,ASSESSABLE,HIGH,
fi_096,SPEECH_PRESENT,VALID_ATTEMPT,ASSESSABLE,HIGH,
fi_097,SPEECH_PRESENT,VALID_ATTEMPT,ASSESSABLE,HIGH,
fi_098,SPEECH_PRESENT,VALID_ATTEMPT,ASSESSABLE,HIGH,
fi_099,SPEECH_PRESENT,VALID_ATTEMPT,ASSESSABLE,HIGH,
fi_100,SPEECH_PRESENT,VALID_ATTEMPT,ASSESSABLE,HIGH,
fi_101,SPEECH_PRESENT,VALID_ATTEMPT,ASSESSABLE,HIGH,
fi_102,SPEECH_PRESENT,VALID_ATTEMPT,ASSESSABLE,HIGH,
fi_103,SPEECH_PRESENT,VALID_ATTEMPT,ASSESSABLE,HIGH,
fi_104,SPEECH_PRESENT,POSSIBLE_ATTEMPT,ASSESSABLE,HIGH,
fi_105,SPEECH_PRESENT,VALID_ATTEMPT,ASSESSABLE,HIGH,
fi_106,SPEECH_PRESENT,VALID_ATTEMPT,ASSESSABLE,HIGH,
fi_107,SPEECH_PRESENT,UNINTELLIGIBLE,ASSESSABLE,HIGH,
fi_108,SPEECH_PRESENT,VALID_ATTEMPT,ASSESSABLE,HIGH,
fi_109,SPEECH_PRESENT,VALID_ATTEMPT,ASSESSABLE,HIGH,
fi_110,SPEECH_PRESENT,VALID_ATTEMPT,ASSESSABLE,HIGH,
fi_111,SPEECH_PRESENT,VALID_ATTEMPT,ASSESSABLE,HIGH,
fi_112,SPEECH_PRESENT,UNINTELLIGIBLE,NOT_ASSESSABLE,HIGH,
fi_113,SPEECH_PRESENT,VALID_ATTEMPT,ASSESSABLE,HIGH,
fi_114,SPEECH_PRESENT,VALID_ATTEMPT,ASSESSABLE,HIGH,
fi_115,NO_SPEECH,UNINTELLIGIBLE,NOT_ASSESSABLE,HIGH,