token_id,speaker_id,target,human_status,human_conflict,full_score,raw_vad_score,pad100_score,pad200_score,pad250_score,pad300_score,pad500_score,full_confidence,raw_confidence,pad100_confidence,pad200_confidence,pad250_confidence,pad300_confidence,pad500_confidence,best_variant,worst_variant,score_range,boundary_sensitive,median_pad_score,full_vs_pad,m1_oracle,m2_median,m3_smallest_stable,m3_pad_used,m4_agreement,m4_agree10,silero_n_segs,duration_s
tok_01,child_01,eight,HUMAN_CONFIRMED_CORRECT,False,50.0,50.0,50.0,50.0,50.0,50.0,50.0,0.006,0.002,0.009,0.009,0.009,0.008,0.007,full,full,0.0,False,50.0,WINDOW_STABLE,50.0,50.0,50.0,100,50.0,True,1,1.135375
tok_02,child_01,five,HUMAN_CONFIRMED_ERROR,False,33.5,39.2,66.7,66.7,66.7,66.7,33.5,0.008,0.006,0.02,0.013,0.012,0.012,0.008,pad100,full,33.2,True,66.7,FULL_UNDERSCORES,66.7,66.7,33.5,500,66.7,True,1,0.919125
tok_03,child_01,four,NOT_HUMAN_REVIEWED,False,72.5,66.7,72.5,72.5,72.5,72.5,72.5,0.049,0.026,0.051,0.049,0.049,0.049,0.049,full,raw,5.799999999999997,False,72.5,WINDOW_STABLE,72.5,72.5,72.5,100,72.5,True,1,0.8920625
tok_04,child_01,nine,HUMAN_CONFIRMED_CORRECT,False,100.0,33.8,100.0,100.0,100.0,100.0,100.0,0.05,0.03,0.071,0.05,0.05,0.05,0.05,full,raw,66.2,True,100.0,WINDOW_STABLE,100.0,100.0,100.0,100,100.0,True,1,0.8650625
tok_05,child_01,one,NOT_HUMAN_REVIEWED,False,72.6,100.0,100.0,72.6,72.6,72.6,72.6,0.031,0.063,0.051,0.034,0.03,0.028,0.031,raw,full,27.400000000000006,True,72.6,WINDOW_STABLE,100.0,72.6,72.6,200,72.6,True,1,1.02725
tok_06,child_01,seven,HUMAN_UNCERTAIN,False,20.0,40.1,43.5,43.5,44.1,44.0,20.0,0.0,0.024,0.002,0.002,0.005,0.002,0.0,pad250,full,24.1,True,43.5,FULL_UNDERSCORES,44.1,43.5,20.0,500,43.75,True,1,1.02725
tok_07,child_01,ten,NOT_HUMAN_REVIEWED,False,100.0,100.0,100.0,100.0,100.0,100.0,100.0,0.03,0.03,0.03,0.03,0.03,0.03,0.03,full,full,0.0,False,100.0,WINDOW_STABLE,100.0,100.0,100.0,100,100.0,True,0,1.02725
tok_08,child_01,three,NOT_HUMAN_REVIEWED,False,72.5,72.5,72.5,72.5,72.5,72.5,72.5,0.024,0.024,0.024,0.024,0.024,0.024,0.024,full,full,0.0,False,72.5,WINDOW_STABLE,72.5,72.5,72.5,100,72.5,True,0,1.324625
tok_09,child_01,two,HUMAN_CONFIRMED_CORRECT,False,50.0,0.1,50.0,50.0,50.0,50.0,50.0,0.005,0.0,0.006,0.005,0.005,0.005,0.005,full,raw,49.9,True,50.0,WINDOW_STABLE,50.0,50.0,50.0,100,50.0,True,1,1.00025
tok_10,child_02,eight,HUMAN_CONFIRMED_CORRECT,False,50.0,100.0,50.0,50.0,50.0,50.0,50.0,0.006,0.013,0.006,0.006,0.006,0.006,0.006,raw,full,50.0,True,50.0,WINDOW_STABLE,100.0,50.0,50.0,100,50.0,True,1,1.07025
tok_11,child_02,five,NOT_HUMAN_REVIEWED,False,100.0,100.0,100.0,100.0,100.0,100.0,100.0,0.049,0.098,0.082,0.061,0.063,0.049,0.049,full,full,0.0,False,100.0,WINDOW_STABLE,100.0,100.0,100.0,100,100.0,True,1,1.003375
tok_12,child_02,four,NOT_HUMAN_REVIEWED,False,73.5,40.1,40.1,73.4,73.5,73.4,73.5,0.019,0.004,0.003,0.005,0.014,0.007,0.019,full,raw,33.4,True,73.4,WINDOW_STABLE,73.5,73.4,73.4,200,73.4,True,1,1.337875
tok_13,child_02,one,HUMAN_UNCERTAIN,False,39.2,40.1,33.3,33.3,39.2,39.2,39.2,0.004,0.01,0.005,0.004,0.006,0.004,0.004,raw,pad100,6.800000000000004,False,39.2,WINDOW_STABLE,40.1,39.2,39.2,250,36.25,True,1,1.248625
tok_14,child_02,seven,NOT_HUMAN_REVIEWED,False,100.0,65.1,100.0,100.0,100.0,100.0,100.0,0.053,0.023,0.076,0.053,0.053,0.053,0.053,full,raw,34.900000000000006,True,100.0,WINDOW_STABLE,100.0,100.0,100.0,100,100.0,True,1,0.7246875
tok_15,child_02,six,NOT_HUMAN_REVIEWED,False,75.0,75.0,75.0,75.0,75.0,75.0,75.0,0.039,0.034,0.055,0.041,0.041,0.039,0.039,full,full,0.0,False,75.0,WINDOW_STABLE,75.0,75.0,75.0,100,75.0,True,1,1.1594375
tok_16,child_02,ten,NOT_HUMAN_REVIEWED,False,100.0,66.7,100.0,100.0,100.0,100.0,100.0,0.094,0.055,0.108,0.075,0.085,0.088,0.094,full,raw,33.3,True,100.0,WINDOW_STABLE,100.0,100.0,100.0,100,100.0,True,1,1.18175
tok_17,child_02,three,HUMAN_CONFIRMED_ERROR,False,39.2,33.4,39.2,39.2,39.2,39.2,39.2,0.003,0.041,0.015,0.003,0.003,0.003,0.003,full,raw,5.800000000000004,False,39.2,WINDOW_STABLE,39.2,39.2,39.2,100,39.2,True,1,1.0925625
tok_18,child_02,two,HUMAN_CONFIRMED_CORRECT,False,50.0,0.0,50.0,50.0,50.0,50.0,50.0,0.004,0.0,0.007,0.004,0.007,0.005,0.004,full,raw,50.0,True,50.0,WINDOW_STABLE,50.0,50.0,50.0,100,50.0,True,1,1.003375
tok_19,child_03,eight,HUMAN_UNCERTAIN,True,0.0,50.0,0.0,0.0,0.0,0.0,0.0,0.0,0.02,0.0,0.0,0.0,0.0,0.0,raw,full,50.0,True,0.0,WINDOW_STABLE,50.0,0.0,0.0,100,0.0,True,1,0.7769375
tok_20,child_03,five,NOT_HUMAN_REVIEWED,False,100.0,100.0,100.0,100.0,100.0,100.0,100.0,0.08,0.042,0.074,0.08,0.08,0.08,0.08,full,full,0.0,False,100.0,WINDOW_STABLE,100.0,100.0,100.0,100,100.0,True,1,0.866375
tok_21,child_03,four,NOT_HUMAN_REVIEWED,False,100.0,100.0,100.0,100.0,100.0,100.0,100.0,0.062,0.078,0.062,0.062,0.062,0.062,0.062,full,full,0.0,False,100.0,WINDOW_STABLE,100.0,100.0,100.0,100,100.0,True,1,0.911375
tok_22,child_03,nine,NOT_HUMAN_REVIEWED,False,100.0,100.0,100.0,100.0,100.0,100.0,100.0,0.126,0.124,0.144,0.126,0.126,0.126,0.126,full,full,0.0,False,100.0,WINDOW_STABLE,100.0,100.0,100.0,100,100.0,True,1,0.6530625
tok_23,child_03,seven,HUMAN_CONFIRMED_CORRECT,False,63.5,40.0,63.5,63.5,63.5,63.5,63.5,0.021,0.008,0.016,0.029,0.024,0.021,0.021,full,raw,23.5,True,63.5,WINDOW_STABLE,63.5,63.5,63.5,100,63.5,True,1,0.9458125
tok_24,child_03,six,HUMAN_CONFIRMED_ERROR,False,50.0,25.1,50.1,50.0,50.0,50.0,50.0,0.004,0.002,0.016,0.004,0.004,0.004,0.004,pad100,raw,25.0,True,50.0,WINDOW_STABLE,50.1,50.0,50.1,100,50.0,True,1,0.753875
tok_25,child_03,ten,NOT_HUMAN_REVIEWED,False,100.0,66.7,100.0,100.0,100.0,100.0,100.0,0.148,0.022,0.148,0.148,0.148,0.148,0.148,full,raw,33.3,True,100.0,WINDOW_STABLE,100.0,100.0,100.0,100,100.0,True,1,0.57425
tok_26,child_03,three,HUMAN_UNCERTAIN,False,39.2,39.2,39.2,39.2,39.2,39.2,39.2,0.005,0.023,0.013,0.009,0.007,0.005,0.005,full,full,0.0,False,39.2,WINDOW_STABLE,39.2,39.2,39.2,100,39.2,True,1,1.0239375
tok_27,child_03,two,HUMAN_CONFIRMED_ERROR,False,50.0,0.0,50.0,50.0,50.0,50.0,50.0,0.004,0.0,0.004,0.004,0.004,0.004,0.004,full,raw,50.0,True,50.0,WINDOW_STABLE,50.0,50.0,50.0,100,50.0,True,1,0.888875
tok_28,child_04,eight,HUMAN_CONFIRMED_ERROR,False,50.0,58.8,50.0,50.0,50.0,50.0,50.0,0.002,0.009,0.011,0.007,0.006,0.006,0.004,raw,full,8.799999999999997,False,50.0,WINDOW_STABLE,58.8,50.0,50.0,100,50.0,True,1,2.2455625
tok_29,child_04,five,HUMAN_CONFIRMED_CORRECT,False,100.0,45.0,100.0,100.0,100.0,100.0,100.0,0.018,0.003,0.077,0.041,0.026,0.028,0.02,full,raw,55.0,True,100.0,WINDOW_STABLE,100.0,100.0,100.0,100,100.0,True,1,2.392
tok_30,child_04,four,NOT_HUMAN_REVIEWED,False,66.7,33.4,33.3,5.9,33.3,33.4,66.7,0.001,0.001,0.001,0.0,0.002,0.001,0.001,full,pad200,60.800000000000004,True,33.3,FULL_OVERSCORES,66.7,33.349999999999994,66.7,500,5.9,False,1,2.2699375
tok_31,child_04,nine,NOT_HUMAN_REVIEWED,False,100.0,100.0,100.0,100.0,100.0,100.0,100.0,0.028,0.055,0.03,0.023,0.027,0.02,0.033,full,full,0.0,False,100.0,WINDOW_STABLE,100.0,100.0,100.0,100,100.0,True,1,2.31875
tok_32,child_04,seven,HUMAN_CONFIRMED_CORRECT,False,60.1,27.6,80.1,60.1,60.1,60.1,60.1,0.016,0.017,0.025,0.015,0.012,0.021,0.016,pad100,raw,52.49999999999999,True,60.1,WINDOW_STABLE,80.1,60.1,60.1,200,60.1,True,1,2.0014375
tok_33,child_04,six,NOT_HUMAN_REVIEWED,False,75.0,75.0,75.0,75.0,75.0,75.0,75.0,0.031,0.03,0.036,0.032,0.037,0.033,0.031,full,full,0.0,False,75.0,WINDOW_STABLE,75.0,75.0,75.0,100,75.0,True,2,2.392
tok_34,child_04,ten,NOT_HUMAN_REVIEWED,False,75.1,75.0,75.1,75.1,75.1,75.1,75.1,0.013,0.006,0.03,0.022,0.019,0.018,0.013,full,raw,0.09999999999999432,False,75.1,WINDOW_STABLE,75.1,75.1,75.1,100,75.1,True,1,1.7085625
tok_35,child_04,three,HUMAN_UNCERTAIN,False,11.7,6.7,5.8,11.7,5.9,39.2,11.7,0.0,0.0,0.0,0.0,0.0,0.0,0.0,pad300,pad100,33.400000000000006,True,11.7,WINDOW_STABLE,39.2,9.2,11.7,200,11.7,False,1,2.2699375
tok_36,child_04,two,HUMAN_CONFIRMED_ERROR,False,0.0,0.2,0.1,0.2,0.1,0.1,0.0,0.0,0.001,0.0,0.001,0.0,0.0,0.0,raw,full,0.2,False,0.1,WINDOW_STABLE,0.2,0.1,0.1,100,0.15000000000000002,True,1,1.293625
tok_37,child_05,eight,NOT_HUMAN_REVIEWED,False,50.0,100.0,50.0,50.0,50.0,50.0,50.0,0.007,0.056,0.008,0.007,0.007,0.007,0.007,raw,full,50.0,True,50.0,WINDOW_STABLE,100.0,50.0,50.0,100,50.0,True,1,0.58925
tok_38,child_05,five,NOT_HUMAN_REVIEWED,False,66.7,66.7,66.7,66.7,66.7,66.7,66.7,0.041,0.042,0.041,0.041,0.041,0.041,0.041,full,full,0.0,False,66.7,WINDOW_STABLE,66.7,66.7,66.7,100,66.7,True,1,0.5545625
tok_39,child_05,four,NOT_HUMAN_REVIEWED,False,66.8,45.1,72.5,66.8,66.8,66.8,66.8,0.028,0.034,0.029,0.028,0.028,0.028,0.028,pad100,raw,27.4,True,66.8,WINDOW_STABLE,72.5,66.8,66.8,200,66.8,True,1,0.69325
tok_40,child_05,nine,NOT_HUMAN_REVIEWED,False,100.0,100.0,100.0,100.0,100.0,100.0,100.0,0.134,0.118,0.134,0.134,0.134,0.134,0.134,full,full,0.0,False,100.0,WINDOW_STABLE,100.0,100.0,100.0,100,100.0,True,1,0.7625625
tok_41,child_05,one,NOT_HUMAN_REVIEWED,False,100.0,100.0,100.0,100.0,100.0,100.0,100.0,0.089,0.089,0.089,0.089,0.089,0.089,0.089,full,full,0.0,False,100.0,WINDOW_STABLE,100.0,100.0,100.0,100,100.0,True,1,0.3928125
tok_42,child_05,seven,HUMAN_CONFIRMED_CORRECT,False,100.0,100.0,100.0,100.0,100.0,100.0,100.0,0.236,0.243,0.236,0.236,0.236,0.236,0.236,full,full,0.0,False,100.0,WINDOW_STABLE,100.0,100.0,100.0,100,100.0,True,1,0.831875
tok_43,child_05,ten,NOT_HUMAN_REVIEWED,False,47.7,75.1,47.7,47.7,47.7,47.7,47.7,0.012,0.035,0.012,0.012,0.012,0.012,0.012,raw,full,27.39999999999999,True,47.7,WINDOW_STABLE,75.1,47.7,47.7,100,47.7,True,1,0.647
tok_44,child_05,three,NOT_HUMAN_REVIEWED,False,72.5,33.4,45.9,45.1,45.1,72.5,72.5,0.014,0.006,0.013,0.014,0.012,0.014,0.014,full,raw,39.1,True,45.9,FULL_OVERSCORES,72.5,45.5,72.5,300,45.1,False,1,0.670125
tok_45,child_06,eight,NOT_HUMAN_REVIEWED,False,50.0,58.8,50.0,50.0,50.0,50.0,50.0,0.012,0.019,0.012,0.012,0.012,0.012,0.012,raw,full,8.799999999999997,False,50.0,WINDOW_STABLE,58.8,50.0,50.0,100,50.0,True,1,0.452
tok_46,child_06,five,HUMAN_UNCERTAIN,False,100.0,100.0,100.0,100.0,100.0,100.0,100.0,0.096,0.044,0.096,0.096,0.096,0.096,0.096,full,full,0.0,False,100.0,WINDOW_STABLE,100.0,100.0,100.0,100,100.0,True,1,0.684875
tok_47,child_06,four,HUMAN_CONFIRMED_ERROR,False,100.0,66.7,100.0,100.0,100.0,100.0,100.0,0.129,0.014,0.112,0.123,0.129,0.129,0.129,full,raw,33.3,True,100.0,WINDOW_STABLE,100.0,100.0,100.0,100,100.0,True,1,0.616375
tok_48,child_06,nine,NOT_HUMAN_REVIEWED,False,100.0,66.8,100.0,100.0,100.0,100.0,100.0,0.115,0.079,0.115,0.115,0.115,0.115,0.115,full,raw,33.2,True,100.0,WINDOW_STABLE,100.0,100.0,100.0,100,100.0,True,1,0.4383125
tok_49,child_06,seven,HUMAN_CONFIRMED_CORRECT,False,100.0,100.0,100.0,100.0,100.0,100.0,100.0,0.2,0.185,0.2,0.2,0.2,0.2,0.2,full,full,0.0,False,100.0,WINDOW_STABLE,100.0,100.0,100.0,100,100.0,True,1,0.4656875
tok_50,child_06,six,HUMAN_UNCERTAIN,False,25.0,0.0,25.1,25.0,25.0,25.0,25.0,0.0,0.0,0.001,0.0,0.0,0.0,0.0,pad100,raw,25.1,True,25.0,WINDOW_STABLE,25.1,25.0,25.1,100,25.0,True,1,0.821875
tok_51,child_06,ten,NOT_HUMAN_REVIEWED,False,75.3,75.3,75.3,75.3,75.3,75.3,75.3,0.049,0.049,0.049,0.049,0.049,0.049,0.049,full,full,0.0,False,75.3,WINDOW_STABLE,75.3,75.3,75.3,100,75.3,True,0,0.5068125
tok_52,child_06,three,NOT_HUMAN_REVIEWED,False,40.0,39.2,40.0,40.0,40.0,40.0,40.0,0.018,0.041,0.018,0.018,0.018,0.018,0.018,full,raw,0.7999999999999972,False,40.0,WINDOW_STABLE,40.0,40.0,40.0,100,40.0,True,1,0.4383125
tok_53,child_06,two,HUMAN_UNCERTAIN,False,0.0,0.0,50.0,0.0,0.0,0.0,0.0,0.0,0.0,0.006,0.0,0.0,0.0,0.0,pad100,full,50.0,True,0.0,WINDOW_STABLE,50.0,0.0,0.0,200,0.0,True,1,0.561625
tok_54,child_07,eight,HUMAN_CONFIRMED_ERROR,False,0.0,0.1,0.0,0.0,0.0,0.0,0.0,0.0,0.0,0.0,0.0,0.0,0.0,0.0,raw,full,0.1,False,0.0,WINDOW_STABLE,0.1,0.0,0.0,100,0.0,True,1,0.6340625
tok_55,child_07,five,NOT_HUMAN_REVIEWED,False,100.0,66.7,100.0,100.0,100.0,100.0,100.0,0.107,0.035,0.107,0.107,0.107,0.107,0.107,full,raw,33.3,True,100.0,WINDOW_STABLE,100.0,100.0,100.0,100,100.0,True,1,0.504875
tok_56,child_07,four,HUMAN_CONFIRMED_ERROR,False,100.0,6.0,100.0,100.0,100.0,100.0,100.0,0.078,0.001,0.085,0.078,0.078,0.078,0.078,full,raw,94.0,True,100.0,WINDOW_STABLE,100.0,100.0,100.0,100,100.0,True,1,0.6340625
tok_57,child_07,nine,HUMAN_CONFIRMED_CORRECT,False,100.0,100.0,100.0,100.0,100.0,100.0,100.0,0.112,0.093,0.112,0.112,0.112,0.112,0.112,full,full,0.0,False,100.0,WINDOW_STABLE,100.0,100.0,100.0,100,100.0,True,1,0.7045
tok_58,child_07,one,HUMAN_UNCERTAIN,False,0.0,72.5,45.9,72.5,0.0,0.0,0.0,0.0,0.004,0.002,0.002,0.0,0.0,0.0,raw,full,72.5,True,0.0,WINDOW_STABLE,72.5,22.95,0.0,250,0.0,False,1,0.880625
tok_59,child_07,seven,HUMAN_CONFIRMED_ERROR,False,20.0,43.5,20.0,20.0,20.0,20.0,20.0,0.001,0.003,0.001,0.001,0.001,0.001,0.001,raw,full,23.5,True,20.0,WINDOW_STABLE,43.5,20.0,20.0,100,20.0,True,1,0.9863125
tok_60,child_07,six,HUMAN_CONFIRMED_CORRECT,False,55.7,75.0,55.7,55.7,55.7,55.7,55.7,0.019,0.03,0.019,0.02,0.019,0.019,0.019,raw,full,19.299999999999997,False,55.7,WINDOW_STABLE,75.0,55.7,55.7,100,55.7,True,1,1.05675
tok_61,child_07,ten,HUMAN_CONFIRMED_CORRECT,False,100.0,100.0,100.0,100.0,100.0,100.0,100.0,0.07,0.062,0.07,0.07,0.07,0.07,0.07,full,full,0.0,False,100.0,WINDOW_STABLE,100.0,100.0,100.0,100,100.0,True,1,0.540125
tok_62,child_07,three,HUMAN_CONFIRMED_ERROR,False,5.8,39.2,5.8,5.8,5.8,5.8,5.8,0.0,0.0,0.0,0.0,0.0,0.0,0.0,raw,full,33.400000000000006,True,5.8,WINDOW_STABLE,39.2,5.8,5.8,100,5.8,True,1,0.8571875
tok_63,child_07,two,NOT_HUMAN_REVIEWED,False,50.0,50.0,50.0,50.0,50.0,50.0,50.0,0.004,0.001,0.004,0.004,0.004,0.004,0.004,full,full,0.0,False,50.0,WINDOW_STABLE,50.0,50.0,50.0,100,50.0,True,1,0.7984375
tok_64,child_08,eight,HUMAN_CONFIRMED_ERROR,False,0.0,0.0,0.0,0.0,0.0,0.0,0.0,0.0,0.0,0.0,0.0,0.0,0.0,0.0,full,full,0.0,False,0.0,WINDOW_STABLE,0.0,0.0,0.0,100,0.0,True,1,0.7220625
tok_65,child_08,five,HUMAN_UNCERTAIN,False,39.2,39.2,39.2,39.2,39.2,39.2,39.2,0.008,0.008,0.008,0.008,0.008,0.008,0.008,full,full,0.0,False,39.2,WINDOW_STABLE,39.2,39.2,39.2,100,39.2,True,1,0.7718125
tok_66,child_08,four,HUMAN_CONFIRMED_ERROR,False,39.2,39.2,39.2,39.2,39.2,39.2,39.2,0.002,0.002,0.002,0.002,0.002,0.002,0.002,full,full,0.0,False,39.2,WINDOW_STABLE,39.2,39.2,39.2,100,39.2,True,0,0.6224375
tok_67,child_08,nine,HUMAN_CONFIRMED_CORRECT,False,100.0,100.0,100.0,100.0,100.0,100.0,100.0,0.077,0.082,0.082,0.077,0.077,0.077,0.077,full,full,0.0,False,100.0,WINDOW_STABLE,100.0,100.0,100.0,100,100.0,True,1,1.0208125
tok_68,child_08,seven,NOT_HUMAN_REVIEWED,False,47.5,25.0,25.0,60.0,60.0,65.0,47.5,0.008,0.0,0.0,0.024,0.016,0.049,0.008,pad300,raw,40.0,True,60.0,FULL_UNDERSCORES,65.0,53.75,47.5,500,62.5,True,1,0.8465
tok_69,child_08,six,HUMAN_CONFIRMED_CORRECT,False,100.0,50.2,100.0,75.0,80.6,100.0,100.0,0.034,0.009,0.02,0.036,0.049,0.034,0.034,full,raw,49.8,True,100.0,WINDOW_STABLE,100.0,90.3,100.0,100,75.0,False,1,1.070625
tok_70,child_08,ten,NOT_HUMAN_REVIEWED,False,75.1,41.7,41.9,75.1,75.1,75.1,75.1,0.011,0.003,0.004,0.013,0.013,0.011,0.011,full,raw,33.39999999999999,True,75.1,WINDOW_STABLE,75.1,75.1,75.1,200,75.1,True,1,1.0456875
tok_71,child_08,three,NOT_HUMAN_REVIEWED,False,39.2,66.7,33.4,40.1,40.0,39.2,39.2,0.005,0.008,0.005,0.007,0.007,0.007,0.005,raw,pad100,33.300000000000004,True,39.2,WINDOW_STABLE,66.7,39.6,40.1,200,39.650000000000006,True,1,1.0208125
tok_72,child_08,two,NOT_HUMAN_REVIEWED,False,50.0,0.1,50.0,50.0,50.0,50.0,50.0,0.006,0.0,0.001,0.006,0.006,0.006,0.006,full,raw,49.9,True,50.0,WINDOW_STABLE,50.0,50.0,50.0,100,50.0,True,1,0.7220625
tok_73,child_09,eight,NOT_HUMAN_REVIEWED,False,50.0,50.0,50.0,50.0,50.0,50.0,50.0,0.01,0.011,0.01,0.01,0.01,0.01,0.01,full,full,0.0,False,50.0,WINDOW_STABLE,50.0,50.0,50.0,100,50.0,True,1,0.902625
tok_74,child_09,five,HUMAN_CONFIRMED_ERROR,False,33.4,33.4,33.4,33.4,33.4,33.4,33.4,0.004,0.004,0.004,0.004,0.004,0.004,0.004,full,full,0.0,False,33.4,WINDOW_STABLE,33.4,33.4,33.4,100,33.4,True,0,0.6830625
tok_75,child_09,four,HUMAN_CONFIRMED_ERROR,False,66.8,6.1,33.7,66.8,66.8,66.8,66.8,0.015,0.002,0.006,0.015,0.015,0.015,0.015,full,raw,60.699999999999996,True,66.8,WINDOW_STABLE,66.8,66.8,66.8,200,66.8,True,1,0.87825
tok_76,child_09,nine,HUMAN_CONFIRMED_CORRECT,False,100.0,100.0,100.0,100.0,100.0,100.0,100.0,0.103,0.1,0.13,0.103,0.103,0.103,0.103,full,full,0.0,False,100.0,WINDOW_STABLE,100.0,100.0,100.0,100,100.0,True,1,1.049
tok_77,child_09,one,NOT_HUMAN_REVIEWED,False,72.5,72.5,72.5,72.5,72.5,72.5,72.5,0.03,0.051,0.033,0.03,0.03,0.03,0.03,full,full,0.0,False,72.5,WINDOW_STABLE,72.5,72.5,72.5,100,72.5,True,1,0.9758125
tok_78,child_09,seven,NOT_HUMAN_REVIEWED,False,84.5,85.0,43.5,84.5,84.5,84.5,84.5,0.08,0.04,0.024,0.08,0.08,0.08,0.08,raw,pad100,41.5,True,84.5,WINDOW_STABLE,85.0,84.5,84.5,200,84.5,True,1,0.902625
tok_79,child_09,six,HUMAN_CONFIRMED_CORRECT,False,75.0,0.0,50.0,75.0,75.0,50.1,75.0,0.011,0.0,0.004,0.012,0.012,0.008,0.011,full,raw,75.0,True,75.0,WINDOW_STABLE,75.0,62.55,75.0,200,50.1,False,1,0.902625
tok_80,child_09,ten,NOT_HUMAN_REVIEWED,False,75.1,75.1,41.8,75.1,75.1,75.1,75.1,0.031,0.009,0.005,0.031,0.031,0.031,0.031,full,pad100,33.3,True,75.1,WINDOW_STABLE,75.1,75.1,75.1,200,75.1,True,1,0.8050625
