speaker_id,target,silero_n,hybrid_n,raw_start,raw_end,pad250_start,pad250_end,full_score,pad_0,pad_100,pad_200,pad_250,pad_300,pad_500,boundary_pattern,boundary_diagnostic
child_03,eight,1,1,0.3,0.7769375,0.04999999999999999,0.7769375,0.0,50.0,0.0,0.0,0.0,0.0,0.0,,BOUNDARY_OK_PROXY
child_04,two,1,1,0.0,0.5,0.0,0.75,0.0,0.2,0.1,0.2,0.1,0.1,0.0,,BOUNDARY_OK_PROXY
child_06,two,1,1,0.2,0.561625,0.0,0.561625,0.0,0.0,50.0,0.0,0.0,0.0,0.0,,BOUNDARY_OK_PROXY
child_07,eight,1,1,0.2,0.6,0.0,0.6340625,0.0,0.1,0.0,0.0,0.0,0.0,0.0,,BOUNDARY_OK_PROXY
child_07,one,1,1,0.3,0.880625,0.04999999999999999,0.880625,0.0,72.5,45.9,72.5,0.0,0.0,0.0,,BOUNDARY_OK_PROXY
child_08,eight,1,1,0.1,0.7,0.0,0.7220625,0.0,0.0,0.0,0.0,0.0,0.0,0.0,,BOUNDARY_OK_PROXY
child_07,three,1,1,0.2,0.8571875,0.0,0.8571875,5.8,39.2,5.8,5.8,5.8,5.8,5.8,,BOUNDARY_OK_PROXY
child_04,three,1,1,0.4,1.9,0.15000000000000002,2.15,11.7,6.7,5.8,11.7,5.9,39.2,11.7,,BOUNDARY_OK_PROXY
child_01,seven,1,1,0.4,1.0,0.15000000000000002,1.02725,20.0,40.1,43.5,43.5,44.1,44.0,20.0,,BOUNDARY_OK_PROXY
child_07,seven,1,1,0.2,0.9863125,0.0,0.9863125,20.0,43.5,20.0,20.0,20.0,20.0,20.0,,BOUNDARY_OK_PROXY
child_06,six,1,1,0.2,0.8,0.0,0.821875,25.0,0.0,25.1,25.0,25.0,25.0,25.0,,BOUNDARY_OK_PROXY
child_09,five,0,0,0.0,0.6830625,0.0,0.6830625,33.4,33.4,33.4,33.4,33.4,33.4,33.4,,NO_SILERO_SEG
child_01,five,1,1,0.1,0.5,0.0,0.75,33.5,39.2,66.7,66.7,66.7,66.7,33.5,,BOUNDARY_OK_PROXY
child_02,one,1,1,0.3,1.0,0.04999999999999999,1.248625,39.2,40.1,33.3,33.3,39.2,39.2,39.2,,BOUNDARY_OK_PROXY
child_02,three,1,1,0.3,0.8,0.04999999999999999,1.05,39.2,33.4,39.2,39.2,39.2,39.2,39.2,,BOUNDARY_OK_PROXY
child_03,three,1,1,0.3,1.0,0.04999999999999999,1.0239375,39.2,39.2,39.2,39.2,39.2,39.2,39.2,,BOUNDARY_OK_PROXY
child_08,five,1,1,0.0,0.7718125,0.0,0.7718125,39.2,39.2,39.2,39.2,39.2,39.2,39.2,,BOUNDARY_OK_PROXY
child_08,four,0,0,0.0,0.6224375,0.0,0.6224375,39.2,39.2,39.2,39.2,39.2,39.2,39.2,,NO_SILERO_SEG
child_01,eight,1,1,0.8,1.1,0.55,1.135375,50.0,50.0,50.0,50.0,50.0,50.0,50.0,,BOUNDARY_OK_PROXY
child_01,two,1,1,0.2,0.8,0.0,1.00025,50.0,0.1,50.0,50.0,50.0,50.0,50.0,,BOUNDARY_OK_PROXY
child_02,eight,1,1,0.1,1.07025,0.0,1.07025,50.0,100.0,50.0,50.0,50.0,50.0,50.0,,BOUNDARY_OK_PROXY
child_02,two,1,1,0.4,1.0,0.15000000000000002,1.003375,50.0,0.0,50.0,50.0,50.0,50.0,50.0,,BOUNDARY_OK_PROXY
child_03,six,1,1,0.2,0.6,0.0,0.753875,50.0,25.1,50.1,50.0,50.0,50.0,50.0,,BOUNDARY_OK_PROXY
child_03,two,1,1,0.1,0.8,0.0,0.888875,50.0,0.0,50.0,50.0,50.0,50.0,50.0,,BOUNDARY_OK_PROXY
child_04,eight,1,1,1.2,1.5,0.95,1.75,50.0,58.8,50.0,50.0,50.0,50.0,50.0,,BOUNDARY_OK_PROXY
child_07,six,1,1,0.3,1.05675,0.04999999999999999,1.05675,55.7,75.0,55.7,55.7,55.7,55.7,55.7,,BOUNDARY_OK_PROXY
child_04,seven,1,1,0.7,1.8,0.44999999999999996,2.0014375,60.1,27.6,80.1,60.1,60.1,60.1,60.1,,BOUNDARY_OK_PROXY
child_03,seven,1,1,0.3,0.9,0.04999999999999999,0.9458125,63.5,40.0,63.5,63.5,63.5,63.5,63.5,,BOUNDARY_OK_PROXY
child_09,nine,1,1,0.2,1.0,0.0,1.049,100.0,100.0,100.0,100.0,100.0,100.0,100.0,ALL_HIGHISH,BOUNDARY_OK_PROXY
child_08,six,1,1,0.3,1.070625,0.04999999999999999,1.070625,100.0,50.2,100.0,75.0,80.6,100.0,100.0,ALL_HIGHISH,BOUNDARY_OK_PROXY
child_08,nine,1,1,0.2,1.0,0.0,1.0208125,100.0,100.0,100.0,100.0,100.0,100.0,100.0,ALL_HIGHISH,BOUNDARY_OK_PROXY
child_07,ten,1,1,0.0,0.5,0.0,0.540125,100.0,100.0,100.0,100.0,100.0,100.0,100.0,ALL_HIGHISH,BOUNDARY_OK_PROXY
child_07,nine,1,1,0.1,0.7,0.0,0.7045,100.0,100.0,100.0,100.0,100.0,100.0,100.0,ALL_HIGHISH,BOUNDARY_OK_PROXY
child_07,four,1,1,0.2,0.6,0.0,0.6340625,100.0,6.0,100.0,100.0,100.0,100.0,100.0,ALL_HIGHISH,BOUNDARY_OK_PROXY
child_06,seven,1,1,0.1,0.4656875,0.0,0.4656875,100.0,100.0,100.0,100.0,100.0,100.0,100.0,ALL_HIGHISH,BOUNDARY_OK_PROXY
child_06,four,1,1,0.1,0.4,0.0,0.616375,100.0,66.7,100.0,100.0,100.0,100.0,100.0,ALL_HIGHISH,BOUNDARY_OK_PROXY
child_06,five,1,1,0.1,0.684875,0.0,0.684875,100.0,100.0,100.0,100.0,100.0,100.0,100.0,ALL_HIGHISH,BOUNDARY_OK_PROXY
child_05,seven,1,1,0.1,0.8,0.0,0.831875,100.0,100.0,100.0,100.0,100.0,100.0,100.0,ALL_HIGHISH,BOUNDARY_OK_PROXY
child_09,six,1,1,0.2,0.5,0.0,0.75,75.0,0.0,50.0,75.0,75.0,50.1,75.0,ALL_HIGHISH,BOUNDARY_OK_PROXY
child_01,nine,1,1,0.2,0.7,0.0,0.8650625,100.0,33.8,100.0,100.0,100.0,100.0,100.0,ALL_HIGHISH,BOUNDARY_OK_PROXY
child_09,four,1,1,0.2,0.87825,0.0,0.87825,66.8,6.1,33.7,66.8,66.8,66.8,66.8,,BOUNDARY_OK_PROXY
child_04,five,1,1,0.8,2.1,0.55,2.35,100.0,45.0,100.0,100.0,100.0,100.0,100.0,ALL_HIGHISH,BOUNDARY_OK_PROXY
