speaker_id,n_tokens,mean_score,median_score,std_score,mean_confidence,fraction_low,fraction_very_low,human_correct_fraction,human_incorrect_fraction,human_ambiguous_fraction
child_01,9,63.455555555555556,72.5,25.961600323516745,0.022555555555555558,0.2222222222222222,0.0,,,
child_02,9,69.65555555555555,73.5,24.570674078896534,0.030111111111111113,0.2222222222222222,0.0,,,
child_03,9,66.96666666666667,63.5,33.678347808512086,0.05,0.2222222222222222,0.1111111111111111,,,
child_04,9,59.844444444444434,66.7,32.88123784879662,0.01211111111111111,0.2222222222222222,0.2222222222222222,,,
child_05,8,75.4625,69.65,20.572915295358605,0.07012499999999999,0.125,0.0,,,
child_06,9,65.58888888888889,75.3,36.02155047697742,0.06877777777777777,0.3333333333333333,0.1111111111111111,,,
child_07,10,53.15,52.85,42.17452430081458,0.0391,0.4,0.3,,,
child_08,9,54.46666666666667,47.5,30.380220173293306,0.016777777777777777,0.5555555555555556,0.1111111111111111,,,
child_09,8,69.66250000000001,73.75,19.09318841236319,0.035500000000000004,0.125,0.0,,,
