speaker_id,recording_id,target,mic,full_score,full_confidence,score_band,silero_segments,hybrid_segments,silero_raw_score,silero_pad250_score,hybrid_raw_score,hybrid_pad250_score,delta_full_vs_raw,abs_delta_boundary
child_03,child_03_studio_mic_eight,eight,studio_mic,0.0,0.0,VERY_LOW,1,1,50.0,0.0,50.0,0.0,50.0,50.0
child_04,child_04_studio_mic_two,two,studio_mic,0.0,0.0,VERY_LOW,1,1,0.2,0.1,50.2,0.1,0.2,0.2
child_06,child_06_studio_mic_two,two,studio_mic,0.0,0.0,VERY_LOW,1,1,0.0,0.0,0.0,0.0,0.0,0.0
child_07,child_07_studio_mic_eight,eight,studio_mic,0.0,0.0,VERY_LOW,1,1,0.1,0.0,0.1,0.0,0.1,0.1
child_07,child_07_studio_mic_one,one,studio_mic,0.0,0.0,VERY_LOW,1,1,72.5,0.0,72.5,45.8,72.5,72.5
child_08,child_08_studio_mic_eight,eight,studio_mic,0.0,0.0,VERY_LOW,1,1,0.0,0.0,0.0,0.0,0.0,0.0
child_07,child_07_studio_mic_three,three,studio_mic,5.8,0.0,VERY_LOW,1,1,39.2,5.8,39.2,5.8,33.4,33.4
child_04,child_04_studio_mic_three,three,studio_mic,11.7,0.0,VERY_LOW,1,1,6.7,5.9,12.5,5.8,-5.0,5.0
child_01,child_01_studio_mic_seven,seven,studio_mic,20.0,0.0,LOW,1,1,40.1,44.1,40.1,47.5,20.1,20.1
child_07,child_07_studio_mic_seven,seven,studio_mic,20.0,0.001,LOW,1,1,43.5,20.0,43.5,20.0,23.5,23.5
child_06,child_06_studio_mic_six,six,studio_mic,25.0,0.0,LOW,1,1,0.0,25.0,25.2,25.0,-25.0,25.0
child_09,child_09_studio_mic_five,five,studio_mic,33.4,0.004,LOW,0,0,,,,,,
child_01,child_01_studio_mic_five,five,studio_mic,33.5,0.008,LOW,1,1,39.2,66.7,66.7,66.7,5.7,5.7
child_02,child_02_studio_mic_one,one,studio_mic,39.2,0.004,LOW,1,1,40.1,39.2,33.3,33.3,0.9,0.9
child_02,child_02_studio_mic_three,three,studio_mic,39.2,0.003,LOW,1,1,33.4,39.2,33.4,39.2,-5.8,5.8
child_03,child_03_studio_mic_three,three,studio_mic,39.2,0.005,LOW,1,1,39.2,39.2,33.4,39.2,0.0,0.0
child_08,child_08_studio_mic_five,five,studio_mic,39.2,0.008,LOW,1,1,39.2,39.2,39.2,39.2,0.0,0.0
child_08,child_08_studio_mic_four,four,studio_mic,39.2,0.002,LOW,0,0,,,,,,
child_08,child_08_studio_mic_three,three,studio_mic,39.2,0.005,LOW,1,1,66.7,40.0,66.7,40.0,27.5,27.5
child_06,child_06_studio_mic_three,three,studio_mic,40.0,0.018,LOW,1,1,39.2,40.0,66.7,40.0,-0.8,0.8
child_08,child_08_studio_mic_seven,seven,studio_mic,47.5,0.008,LOW,1,1,25.0,60.0,25.0,60.0,-22.5,22.5
child_05,child_05_studio_mic_ten,ten,studio_mic,47.7,0.012,LOW,1,1,75.1,47.7,47.6,47.7,27.4,27.4
child_01,child_01_studio_mic_eight,eight,studio_mic,50.0,0.006,MID,1,1,50.0,50.0,50.0,50.0,0.0,0.0
child_01,child_01_studio_mic_two,two,studio_mic,50.0,0.005,MID,1,1,0.1,50.0,0.0,50.0,-49.9,49.9
child_02,child_02_studio_mic_eight,eight,studio_mic,50.0,0.006,MID,1,1,100.0,50.0,58.8,50.0,50.0,50.0
child_02,child_02_studio_mic_two,two,studio_mic,50.0,0.004,MID,1,1,0.0,50.0,0.0,50.0,-50.0,50.0
child_03,child_03_studio_mic_six,six,studio_mic,50.0,0.004,MID,1,1,25.1,50.0,25.1,50.0,-24.9,24.9
child_03,child_03_studio_mic_two,two,studio_mic,50.0,0.004,MID,1,1,0.0,50.0,0.0,50.0,-50.0,50.0
child_04,child_04_studio_mic_eight,eight,studio_mic,50.0,0.002,MID,1,1,58.8,50.0,50.1,50.0,8.8,8.8
child_05,child_05_studio_mic_eight,eight,studio_mic,50.0,0.007,MID,1,1,100.0,50.0,100.0,50.0,50.0,50.0
child_06,child_06_studio_mic_eight,eight,studio_mic,50.0,0.012,MID,1,1,58.8,50.0,50.1,50.0,8.8,8.8
child_07,child_07_studio_mic_two,two,studio_mic,50.0,0.004,MID,1,1,50.0,50.0,0.1,50.0,0.0,0.0
child_08,child_08_studio_mic_two,two,studio_mic,50.0,0.006,MID,1,1,0.1,50.0,50.0,50.0,-49.9,49.9
child_09,child_09_studio_mic_eight,eight,studio_mic,50.0,0.01,MID,1,1,50.0,50.0,50.0,50.0,0.0,0.0
child_07,child_07_studio_mic_six,six,studio_mic,55.7,0.019,MID,1,1,75.0,55.7,50.1,55.7,19.3,19.3
child_04,child_04_studio_mic_seven,seven,studio_mic,60.1,0.016,MID,1,1,27.6,60.1,28.6,60.2,-32.5,32.5
child_03,child_03_studio_mic_seven,seven,studio_mic,63.5,0.021,MID,1,1,40.0,63.5,40.0,63.5,-23.5,23.5
child_04,child_04_studio_mic_four,four,studio_mic,66.7,0.001,MID,1,1,33.4,33.3,33.4,33.4,-33.3,33.3
child_05,child_05_studio_mic_five,five,studio_mic,66.7,0.041,MID,1,1,66.7,66.7,66.7,66.7,0.0,0.0
child_05,child_05_studio_mic_four,four,studio_mic,66.8,0.028,MID,1,1,45.1,66.8,39.4,66.8,-21.7,21.7
child_09,child_09_studio_mic_four,four,studio_mic,66.8,0.015,MID,1,1,6.1,66.8,6.1,66.8,-60.7,60.7
child_01,child_01_studio_mic_four,four,studio_mic,72.5,0.049,MID,1,1,66.7,72.5,72.5,72.5,-5.8,5.8
child_01,child_01_studio_mic_three,three,studio_mic,72.5,0.024,MID,0,0,,,,,,
child_05,child_05_studio_mic_three,three,studio_mic,72.5,0.014,MID,1,1,33.4,45.1,33.4,45.0,-39.1,39.1
child_09,child_09_studio_mic_one,one,studio_mic,72.5,0.03,MID,1,1,72.5,72.5,72.5,72.5,0.0,0.0
child_01,child_01_studio_mic_one,one,studio_mic,72.6,0.031,MID,1,1,100.0,72.6,72.6,72.6,27.4,27.4
child_02,child_02_studio_mic_four,four,studio_mic,73.5,0.019,MID,1,1,40.1,73.5,40.2,73.5,-33.4,33.4
child_02,child_02_studio_mic_six,six,studio_mic,75.0,0.039,MID,1,1,75.0,75.0,100.0,75.0,0.0,0.0
child_04,child_04_studio_mic_six,six,studio_mic,75.0,0.031,MID,2,1,75.0,75.0,75.0,75.0,0.0,0.0
child_09,child_09_studio_mic_six,six,studio_mic,75.0,0.011,MID,1,1,0.0,75.0,0.1,75.0,-75.0,75.0
child_04,child_04_studio_mic_ten,ten,studio_mic,75.1,0.013,MID,1,1,75.0,75.1,75.0,75.1,-0.1,0.1
child_08,child_08_studio_mic_ten,ten,studio_mic,75.1,0.011,MID,1,1,41.7,75.1,41.8,75.1,-33.4,33.4
child_09,child_09_studio_mic_ten,ten,studio_mic,75.1,0.031,MID,1,1,75.1,75.1,75.1,75.1,0.0,0.0
child_06,child_06_studio_mic_ten,ten,studio_mic,75.3,0.049,MID,0,0,,,,,,
child_09,child_09_studio_mic_seven,seven,studio_mic,84.5,0.08,HIGH,1,1,85.0,84.5,85.0,84.5,0.5,0.5
child_01,child_01_studio_mic_nine,nine,studio_mic,100.0,0.05,HIGH,1,1,33.8,100.0,66.7,100.0,-66.2,66.2
child_01,child_01_studio_mic_ten,ten,studio_mic,100.0,0.03,HIGH,0,0,,,,,,
child_02,child_02_studio_mic_five,five,studio_mic,100.0,0.049,HIGH,1,1,100.0,100.0,100.0,100.0,0.0,0.0
child_02,child_02_studio_mic_seven,seven,studio_mic,100.0,0.053,HIGH,1,1,65.1,100.0,48.7,100.0,-34.9,34.9
child_02,child_02_studio_mic_ten,ten,studio_mic,100.0,0.094,HIGH,1,1,66.7,100.0,75.0,100.0,-33.3,33.3
child_03,child_03_studio_mic_five,five,studio_mic,100.0,0.08,HIGH,1,1,100.0,100.0,100.0,100.0,0.0,0.0
child_03,child_03_studio_mic_four,four,studio_mic,100.0,0.062,HIGH,1,1,100.0,100.0,100.0,100.0,0.0,0.0
child_03,child_03_studio_mic_nine,nine,studio_mic,100.0,0.126,HIGH,1,1,100.0,100.0,100.0,100.0,0.0,0.0
child_03,child_03_studio_mic_ten,ten,studio_mic,100.0,0.148,HIGH,1,1,66.7,100.0,100.0,100.0,-33.3,33.3
child_04,child_04_studio_mic_five,five,studio_mic,100.0,0.018,HIGH,1,1,45.0,100.0,39.2,100.0,-55.0,55.0
child_04,child_04_studio_mic_nine,nine,studio_mic,100.0,0.028,HIGH,1,1,100.0,100.0,100.0,100.0,0.0,0.0
child_05,child_05_studio_mic_nine,nine,studio_mic,100.0,0.134,HIGH,1,1,100.0,100.0,100.0,100.0,0.0,0.0
child_05,child_05_studio_mic_one,one,studio_mic,100.0,0.089,HIGH,1,1,100.0,100.0,72.6,100.0,0.0,0.0
child_05,child_05_studio_mic_seven,seven,studio_mic,100.0,0.236,HIGH,1,1,100.0,100.0,100.0,100.0,0.0,0.0
child_06,child_06_studio_mic_five,five,studio_mic,100.0,0.096,HIGH,1,1,100.0,100.0,45.0,100.0,0.0,0.0
child_06,child_06_studio_mic_four,four,studio_mic,100.0,0.129,HIGH,1,1,66.7,100.0,66.7,100.0,-33.3,33.3
child_06,child_06_studio_mic_nine,nine,studio_mic,100.0,0.115,HIGH,1,1,66.8,100.0,66.7,100.0,-33.2,33.2
child_06,child_06_studio_mic_seven,seven,studio_mic,100.0,0.2,HIGH,1,1,100.0,100.0,100.0,100.0,0.0,0.0
child_07,child_07_studio_mic_five,five,studio_mic,100.0,0.107,HIGH,1,1,66.7,100.0,72.5,100.0,-33.3,33.3
child_07,child_07_studio_mic_four,four,studio_mic,100.0,0.078,HIGH,1,1,6.0,100.0,5.9,100.0,-94.0,94.0
child_07,child_07_studio_mic_nine,nine,studio_mic,100.0,0.112,HIGH,1,1,100.0,100.0,100.0,100.0,0.0,0.0
child_07,child_07_studio_mic_ten,ten,studio_mic,100.0,0.07,HIGH,1,1,100.0,100.0,100.0,100.0,0.0,0.0
child_08,child_08_studio_mic_nine,nine,studio_mic,100.0,0.077,HIGH,1,1,100.0,100.0,100.0,100.0,0.0,0.0
child_08,child_08_studio_mic_six,six,studio_mic,100.0,0.034,HIGH,1,1,50.2,80.6,75.0,100.0,-49.8,49.8
child_09,child_09_studio_mic_nine,nine,studio_mic,100.0,0.103,HIGH,1,1,100.0,100.0,100.0,100.0,0.0,0.0
