file,speaker_id,age,siak_score,baseline_soft,adapted_soft,baseline_conf,adapted_conf
test143enuk06_000_t00000000_learn.flac,test143_enuk,6,83.0,66.7,100.0,0.018,0.027
test143enuk06_004_t00000039_flower.flac,test143_enuk,6,94.0,50.1,75.0,0.033,0.074
test143enuk06_009_t00000083_forest.flac,test143_enuk,6,30.0,69.6,86.3,0.036,0.035
test143enuk06_015_t00000160_wrong.flac,test143_enuk,6,83.0,39.2,66.7,0.006,0.027
test143enuk06_019_t00000196_hard.flac,test143_enuk,6,78.0,100.0,75.0,0.068,0.025
test143enuk06_024_t00000258_field.flac,test143_enuk,6,92.0,100.0,100.0,0.042,0.074
test143enuk06_028_t00000310_horse.flac,test143_enuk,6,83.0,100.0,100.0,0.132,0.046
test143enuk06_033_t00000367_chicken.flac,test143_enuk,6,83.0,40.1,60.0,0.017,0.031
test143enuk06_037_t00000408_bake.flac,test143_enuk,6,28.0,66.7,66.7,0.022,0.041
test143enuk06_043_t00000492_shop.flac,test143_enuk,6,17.0,0.0,40.0,0.0,0.007
test143enuk06_049_t00000546_belt.flac,test143_enuk,6,27.0,50.0,50.0,0.002,0.002
test143enuk06_053_t00000631_pet.flac,test143_enuk,6,43.0,75.0,75.0,0.03,0.024
test143enuk06_059_t00000716_teacher.flac,test143_enuk,6,85.0,0.0,100.0,0.0,0.083
test143enuk06_063_t00000795_spoon.flac,test143_enuk,6,76.0,75.0,75.0,0.09,0.055
test143enuk06_069_t00000862_nose.flac,test143_enuk,6,52.0,66.7,40.0,0.006,0.006
test143enuk06_073_t00000907_chin.flac,test143_enuk,6,93.0,33.3,100.0,0.004,0.036
test143enuk06_079_t00000959_hear.flac,test143_enuk,6,94.0,66.7,33.3,0.003,0.001
test143enuk06_084_t00001034_finger.flac,test143_enuk,6,87.0,60.0,100.0,0.024,0.114
test143enuk06_089_t00001105_taste.flac,test143_enuk,6,71.0,100.0,79.4,0.024,0.012
test143enuk06_093_t00001148_finger.flac,test143_enuk,6,20.0,40.1,60.0,0.013,0.04
test160fifi06_002_t00000000_say.flac,test160_fifi,6,84.0,100.0,50.0,0.031,0.003
test160fifi06_004_t00000037_speak.flac,test160_fifi,6,86.0,100.0,100.0,0.065,0.021
test160fifi06_007_t00000204_say.flac,test160_fifi,6,1.0,50.0,50.1,0.001,0.002
test160fifi06_008_t00000278_speak.flac,test160_fifi,6,27.0,50.0,25.0,0.015,0.0
test160fifi06_010_t00000349_school.flac,test160_fifi,6,67.0,100.0,100.0,0.116,0.154
test160fifi06_011_t00000439_girl.flac,test160_fifi,6,82.0,66.7,100.0,0.03,0.046
test160fifi06_019_t00000689_friend.flac,test160_fifi,6,53.0,67.0,80.0,0.046,0.028
test160fifi06_025_t00000902_book.flac,test160_fifi,6,49.0,66.7,100.0,0.03,0.059
test160fifi06_027_t00000970_read.flac,test160_fifi,6,19.0,72.5,0.0,0.025,0.0
test160fifi06_029_t00001023_read.flac,test160_fifi,6,20.0,100.0,72.5,0.043,0.02
test160fifi06_037_t00001185_tree.flac,test160_fifi,6,42.0,72.5,75.0,0.068,0.026
test160fifi06_045_t00001376_sun.flac,test160_fifi,6,81.0,33.3,100.0,0.0,0.055
test160fifi06_054_t00001703_tree.flac,test160_fifi,6,3.0,33.4,0.1,0.001,0.0
test160fifi06_057_t00001819_moon.flac,test160_fifi,6,82.0,33.3,66.8,0.003,0.026
test160fifi06_063_t00001941_tree.flac,test160_fifi,6,33.0,5.9,75.0,0.0,0.016
test160fifi06_064_t00001953_tree.flac,test160_fifi,6,34.0,0.1,66.8,0.0,0.003
test160fifi06_066_t00002083_sun.flac,test160_fifi,6,63.0,66.7,100.0,0.013,0.029
test160fifi06_069_t00002158_river.flac,test160_fifi,6,24.0,6.9,35.0,0.0,0.001
test160fifi06_070_t00002178_tree.flac,test160_fifi,6,1.0,66.7,8.3,0.006,0.0
test160fifi06_073_t00002234_moon.flac,test160_fifi,6,70.0,39.2,100.0,0.004,0.099
train001fifi05_001_t00000000_hello.flac,train001_fifi,5,58.0,75.0,50.0,0.025,0.012
train001fifi05_024_t00000370_read.flac,train001_fifi,5,17.0,66.7,100.0,0.003,0.01
train001fifi05_046_t00000845_belt.flac,train001_fifi,5,20.0,50.0,75.0,0.006,0.032
train001fifi05_071_t00002036_bye-bye.flac,train001_fifi,5,77.0,75.0,100.0,0.054,0.104
train001fifi05_096_t00351600_berry.flac,train001_fifi,5,21.0,100.0,75.0,0.05,0.017
train001fifi05_121_t00352060_cheek.flac,train001_fifi,5,17.0,33.4,66.7,0.0,0.038
train001fifi05_219_t08657055_wrong.flac,train001_fifi,5,21.0,45.9,100.0,0.012,0.013
train001fifi05_241_t08657685_chicken.flac,train001_fifi,5,60.0,100.0,100.0,0.117,0.123
train001fifi05_271_t08658529_socks.flac,train001_fifi,5,83.0,80.0,100.0,0.024,0.016
train001fifi05_298_t08738319_wear.flac,train001_fifi,5,58.0,75.1,39.2,0.019,0.002
train001fifi05_326_t08739342_neighbour.flac,train001_fifi,5,97.0,25.0,54.4,0.002,0.003
train001fifi05_352_t08966222_toast.flac,train001_fifi,5,39.0,50.0,50.0,0.021,0.014
train001fifi05_378_t09066001_fun.flac,train001_fifi,5,91.0,33.3,100.0,0.004,0.076
train001fifi05_411_t09066933_hedgehog.flac,train001_fifi,5,52.0,3.0,6.3,0.0,0.001
train001fifi05_441_t09944516_maths.flac,train001_fifi,5,97.0,0.0,0.0,0.0,0.0
train001fifi05_481_t10036570_taste.flac,train001_fifi,5,44.0,30.7,75.0,0.005,0.021
train001fifi05_506_t10883981_age.flac,train001_fifi,5,45.0,0.0,0.0,0.0,0.0
train001fifi05_539_t10884867_jam.flac,train001_fifi,5,93.0,100.0,72.5,0.043,0.028
train001fifi05_572_t10891679_cut.flac,train001_fifi,5,27.0,33.3,0.1,0.003,0.0
train001fifi05_608_t10892771_garage.flac,train001_fifi,5,52.0,54.4,0.1,0.012,0.0
train070othr04_000_t00000000_come.flac,train070_othr,4,55.0,72.5,66.7,0.046,0.017
train070othr04_002_t00000018_boy.flac,train070_othr,4,17.0,0.0,0.0,0.0,0.0
train070othr04_004_t00000052_come-on.flac,train070_othr,4,36.0,100.0,80.0,0.07,0.065
train070othr04_008_t00000097_air.flac,train070_othr,4,18.0,0.0,0.0,0.0,0.0
train070othr04_010_t00000114_tree.flac,train070_othr,4,41.0,100.0,100.0,0.065,0.054
train070othr04_014_t00000159_bush.flac,train070_othr,4,14.0,0.0,66.7,0.0,0.002
train070othr04_016_t00000182_light.flac,train070_othr,4,19.0,66.7,66.7,0.009,0.03
train070othr04_018_t00000221_soft.flac,train070_othr,4,77.0,100.0,100.0,0.047,0.06
train070othr04_020_t00000310_good.flac,train070_othr,4,19.0,0.0,33.4,0.0,0.0
train070othr04_022_t00000326_hard.flac,train070_othr,4,1.0,29.4,25.0,0.002,0.001
train070othr04_025_t00000351_round.flac,train070_othr,4,34.0,15.0,75.0,0.0,0.005
train070othr04_027_t00000369_right.flac,train070_othr,4,23.0,39.2,100.0,0.008,0.063
train070othr04_029_t00000387_quiet.flac,train070_othr,4,1.0,43.6,43.6,0.003,0.01
train070othr04_031_t00000406_cool.flac,train070_othr,4,2.0,66.7,5.8,0.006,0.0
train070othr04_033_t00000427_hen.flac,train070_othr,4,93.0,33.3,100.0,0.004,0.043
train070othr04_036_t00000453_cow.flac,train070_othr,4,54.0,50.0,50.0,0.006,0.005
train070othr04_040_t00000522_drink.flac,train070_othr,4,16.0,100.0,100.0,0.087,0.109
train070othr04_049_t00000620_shop.flac,train070_othr,4,17.0,100.0,100.0,0.05,0.044
train070othr04_051_t00000633_wash.flac,train070_othr,4,82.0,74.2,100.0,0.015,0.028
train070othr04_053_t00000648_best.flac,train070_othr,4,21.0,81.3,75.1,0.035,0.017
train110fifi06_001_t00000079_plate.flac,train110_fifi,6,81.0,75.0,50.0,0.049,0.022
train110fifi06_002_t00000090_lick.flac,train110_fifi,6,96.0,75.8,100.0,0.029,0.068
train110fifi06_003_t00000100_cup.flac,train110_fifi,6,87.0,72.5,100.0,0.041,0.096
train110fifi06_004_t00000120_baby.flac,train110_fifi,6,38.0,50.0,55.7,0.002,0.009
train110fifi06_005_t00000128_teacher.flac,train110_fifi,6,82.0,0.0,100.0,0.0,0.1
train110fifi06_007_t00000148_child.flac,train110_fifi,6,52.0,31.3,31.3,0.001,0.001
train110fifi06_008_t00000193_ice-skating.flac,train110_fifi,6,39.0,25.0,87.5,0.001,0.033
train110fifi06_009_t00000219_game.flac,train110_fifi,6,85.0,100.0,66.7,0.042,0.035
train110fifi06_010_t00000228_goal.flac,train110_fifi,6,81.0,5.8,5.8,0.0,0.0
train110fifi06_011_t00000237_baseball.flac,train110_fifi,6,35.0,53.8,66.7,0.022,0.027
train110fifi06_013_t00086095_duck.flac,train110_fifi,6,39.0,33.4,6.0,0.007,0.001
train110fifi06_014_t00086103_chicken.flac,train110_fifi,6,46.0,83.5,80.0,0.043,0.064
train110fifi06_016_t00086134_candy.flac,train110_fifi,6,53.0,100.0,80.0,0.173,0.071
train110fifi06_019_t00086191_classmate.flac,train110_fifi,6,37.0,31.1,31.1,0.013,0.003
train110fifi06_020_t00086200_children.flac,train110_fifi,6,47.0,34.7,57.1,0.008,0.026
train110fifi06_021_t00086244_children.flac,train110_fifi,6,33.0,71.5,85.7,0.04,0.037
train110fifi06_022_t00086255_pet.flac,train110_fifi,6,68.0,41.7,33.5,0.002,0.002
train110fifi06_023_t00086263_young.flac,train110_fifi,6,29.0,66.7,66.7,0.026,0.013
train110fifi06_024_t00086278_love.flac,train110_fifi,6,15.0,0.0,40.9,0.0,0.001
