case_id,speaker_id,target,human_judgment,canonical_phones,observed_phones,mismatch_type,word_position,raw_score,padded_score,boundary_effect,f0_median,f1,f2,duration,asr_status,root_cause,confidence,evidence_summary,human_stage_a,human_stage_b,human_verdict,revised_root_cause,human_state,human_review_conflict,measured_mechanism
pme_01,child_03,eight,PROBABLY_CORRECT,EY1 T,d æ,eɪ->d@initial;t->æ@final,final;initial,50.0,0.0,False,299.6717032908075,858.9619580108434,2374.402073610446,0.7769375,ASR_EMPTY,CTC_ALIGNMENT_ERROR,MEDIUM,"VAD crop raw_score=50.0 >=50 while full-file score=0.0<50; full-file alignment fails, crop restores expected evidence | canonical=EY1 T | observed_full=d æ",CLEAR_CORRECT,TRUE_PRONUNCIATION_ERROR,TRUE_PRONUNCIATION_ERROR,TRUE_PRONUNCIATION_ERROR,HUMAN_CONFLICTED,True,CTC_ALIGNMENT_ERROR
pme_02,child_06,two,CLEAR_CORRECT,T UW1,ts. ŋ,t->ts.@initial;uː->ŋ@final,final;initial,0.0,50.0,True,246.13751949307283,916.9658899446488,2560.919685246404,0.561625,ASR_EMPTY,BOUNDARY_ERROR,HIGH,raw_score=0.0 -> best_pad(pad_100)=50.0 | canonical=T UW1 | observed_full=ts. ŋ,PROBABLY_CORRECT,UNCERTAIN,SYSTEM_SIDE_ACCEPTABLE_LOW_SCORE,BOUNDARY_ERROR,HUMAN_UNCERTAIN,False,BOUNDARY_ERROR
pme_03,child_07,eight,PROBABLY_CORRECT,EY1 T,l p,eɪ->l@initial;t->p@final,final;initial,0.1,0.0,False,253.13164379240715,891.1871790431026,2428.987461286023,0.6340625,ASR_WRONG,CTC_ALIGNMENT_ERROR,LOW,1 mismatched phone spans <50ms | canonical=EY1 T | observed_full=l p,PROBABLY_INCORRECT,TRUE_PRONUNCIATION_ERROR,TRUE_PRONUNCIATION_ERROR,TRUE_PRONUNCIATION_ERROR,HUMAN_TRUE_ERROR,False,CTC_ALIGNMENT_ERROR
pme_04,child_07,one,CLEAR_CORRECT,W AH1 N,k k l,w->k@initial;ə->k@medial;n->l@final,final;initial;medial,72.5,72.5,False,265.2097807310224,719.9089823325462,2330.628324237964,0.880625,ASR_WRONG,CTC_ALIGNMENT_ERROR,MEDIUM,"VAD crop raw_score=72.5 >=50 while full-file score=0.0<50; full-file alignment fails, crop restores expected evidence | canonical=W AH1 N | observed_full=k k l",CLEAR_CORRECT,UNCERTAIN,SYSTEM_SIDE_ACCEPTABLE_LOW_SCORE,CTC_ALIGNMENT_ERROR,HUMAN_UNCERTAIN,False,CTC_ALIGNMENT_ERROR
pme_05,child_08,eight,PROBABLY_CORRECT,EY1 T,n n,eɪ->n@initial;t->n@final,final;initial,0.0,0.0,False,331.71085000754715,772.1450066858883,2654.036868767099,0.7220625,ASR_EMPTY,PHONE_MODEL_GENERALIZATION_FAILURE,MEDIUM,attractor collapse: observed phone 'n' repeated 2x across mismatches (observed full=n n) | canonical=EY1 T | observed_full=n n,PROBABLY_INCORRECT,TRUE_PRONUNCIATION_ERROR,TRUE_PRONUNCIATION_ERROR,TRUE_PRONUNCIATION_ERROR,HUMAN_TRUE_ERROR,False,PHONE_MODEL_GENERALIZATION_FAILURE
pme_06,child_04,three,CLEAR_CORRECT,TH R IY1,t w l,θ->t@initial;ɹ->w@medial;iː->l@final,final;initial;medial,6.7,39.2,True,245.34245821497706,827.0260254868774,2317.9695317929645,2.2699375,ASR_EMPTY,BOUNDARY_ERROR,MEDIUM,raw_score=6.7 -> best_pad(pad_300)=39.2 | secondary: 2/3 mismatches are documented child-realization pairs (θ->t;ɹ->w) | canonical=TH R IY1,CLEAR_CORRECT,UNCERTAIN,SYSTEM_SIDE_ACCEPTABLE_LOW_SCORE,BOUNDARY_ERROR,HUMAN_UNCERTAIN,False,BOUNDARY_ERROR
pme_07,child_01,seven,CLEAR_CORRECT,S EH1 V AH0 N,l l l j n,s->l@initial;ɛ->l@medial;v->l@medial;ə->j@medial,initial;medial,40.1,44.1,False,154.14669750304265,1079.7997081061744,2694.3600209202245,1.02725,ASR_EMPTY,PHONE_MODEL_GENERALIZATION_FAILURE,MEDIUM,attractor collapse: observed phone 'l' repeated 3x across mismatches (observed full=l l l j n) | canonical=S EH1 V AH0 N | observed_full=l l l j n,CLEAR_CORRECT,UNCERTAIN,SYSTEM_SIDE_ACCEPTABLE_LOW_SCORE,PHONE_MODEL_GENERALIZATION_FAILURE,HUMAN_UNCERTAIN,False,PHONE_MODEL_GENERALIZATION_FAILURE
pme_08,child_06,six,CLEAR_CORRECT,S IH1 K S,l l ɹ s,s->l@initial;ɪ->l@medial;k->ɹ@medial,initial;medial,0.0,25.1,True,430.99016845760775,1421.7280250389074,2738.660859547187,0.821875,ASR_WRONG,BOUNDARY_ERROR,MEDIUM,raw_score=0.0 -> best_pad(pad_100)=25.1 | canonical=S IH1 K S | observed_full=l l ɹ s,CLEAR_CORRECT,UNCERTAIN,SYSTEM_SIDE_ACCEPTABLE_LOW_SCORE,BOUNDARY_ERROR,HUMAN_UNCERTAIN,False,BOUNDARY_ERROR
pme_09,child_09,five,CLEAR_CORRECT,F AY1 V,l aɪ n,f->l@initial;v->n@final,final;initial,33.4,33.4,False,286.65283088400975,1030.8558637433557,2600.069916709206,0.6830625,ASR_EMPTY,PHONE_MODEL_GENERALIZATION_FAILURE,LOW,"all variants fail (raw=33.4, best_pad=33.4, full=33.4); no documented realization pairs; no attractor collapse | canonical=F AY1 V | observed_full=l aɪ n",PROBABLY_INCORRECT,TRUE_PRONUNCIATION_ERROR,TRUE_PRONUNCIATION_ERROR,TRUE_PRONUNCIATION_ERROR,HUMAN_TRUE_ERROR,False,PHONE_MODEL_GENERALIZATION_FAILURE
pme_10,child_01,five,PROBABLY_CORRECT,F AY1 V,p aɪ ɑ,f->p@initial;v->ɑ@final,final;initial,39.2,66.7,True,280.08021783957963,828.8039397819781,1917.8119303945732,0.919125,ASR_WRONG,BOUNDARY_ERROR,HIGH,raw_score=39.2 -> best_pad(pad_100)=66.7 | secondary: 1/2 mismatches are documented child-realization pairs (f->p) | canonical=F AY1 V,PROBABLY_INCORRECT,TRUE_PRONUNCIATION_ERROR,TRUE_PRONUNCIATION_ERROR,TRUE_PRONUNCIATION_ERROR,HUMAN_TRUE_ERROR,False,BOUNDARY_ERROR
pme_11,child_03,three,CLEAR_CORRECT,TH R IY1,t ɹ t,θ->t@initial;iː->t@final,final;initial,39.2,39.2,False,298.45490469045683,974.2034472022333,2405.4194584656843,1.0239375,ASR_EMPTY,PHONEME_REALIZATION_VARIATION,LOW,1/2 mismatches are documented child-realization pairs; remaining: iː->t | canonical=TH R IY1 | observed_full=t ɹ t,CLEAR_CORRECT,UNCERTAIN,SYSTEM_SIDE_ACCEPTABLE_LOW_SCORE,PHONEME_REALIZATION_VARIATION,HUMAN_UNCERTAIN,False,PHONEME_REALIZATION_VARIATION
pme_12,child_08,five,CLEAR_CORRECT,F AY1 V,v aɪ t,f->v@initial;v->t@final,final;initial,39.2,39.2,False,286.6145435067914,1053.5263474565174,2401.541568184941,0.7718125,ASR_EMPTY,PHONEME_REALIZATION_VARIATION,LOW,1/2 mismatches are documented child-realization pairs; remaining: v->t | canonical=F AY1 V | observed_full=v aɪ t,CLEAR_CORRECT,UNCERTAIN,SYSTEM_SIDE_ACCEPTABLE_LOW_SCORE,PHONEME_REALIZATION_VARIATION,HUMAN_UNCERTAIN,False,PHONEME_REALIZATION_VARIATION
