case_id,tok,speaker_id,word,group,final_phone,final_arpabet,is_final_consonant,human_final_label,human_present,human_verdict,human_class,assessability_v2,fidelity_state_v2,human_audio_quality,baseline_soft,baseline_conf,baseline_final_match,baseline_final_present,baseline_final_posterior,baseline_final_sim,baseline_final_observed,span_start,span_end,span_frames,span_max_post,span_mean_post,rec_tail_max_post,rec_tail_mean_post,greedy_has_final,greedy_last_phone,n_frames,dur_s,da_present_free,da_margin,da_margin_per_frame,da_span_max_post,da_span_mean_post,da_gop_ratio,evidence_class,window_full,window_raw,window_pad250,window_inversion,span_mismatch,unsupported_acceptance,da_vs_base_disagreement,human_final_source,human_present_inferred,classification,classification_reason
child_01_eight,tok_01,child_01,eight,,t,T,1,FINAL_CONSONANT_CLEARLY_PRESENT,1,CLEAR_CORRECT,HUMAN_CORRECT,MEDIUM,VALID_ATTEMPT,NOISY,50.0,0.006,exact,1,0.021031342446804047,1.0,t,1,55,55,0.5924,0.021,0.5924,0.0688,1,t,56,1.135,1,0.558,0.00996,0.5924,0.5924,0.558,STRONG,50.0,50.0,50.0,0,0,0,0,final_label,,OK,"human present, accepted"
child_01_five,tok_02,child_01,five,PME,v,V,1,FINAL_CONSONANT_PROBABLY_ABSENT,0,AMBIGUOUS,HUMAN_UNCERTAIN,MEDIUM,VALID_ATTEMPT,CLEAR,33.5,0.008,miss,0,0.0007186468574218452,0.0003593234287109226,ɑ,20,44,25,0.0131,0.0007,0.002,0.0003,0,s,45,0.919,0,-3.973,-0.08829,0.0131,0.0131,-3.973,NONE,33.5,39.2,66.7,0,0,0,0,final_label,,OK,"human absent, correctly rejected"
child_01_four,tok_03,child_01,four,,ɹ,R,1,FINAL_CONSONANT_CLEARLY_ABSENT,0,CLEAR_INCORRECT,HUMAN_INCORRECT,MEDIUM,VALID_ATTEMPT,,72.5,0.049,soft,1,0.003977254033088684,0.1756960194557905,l,13,43,31,0.0362,0.004,0.0004,0.0002,0,ʌ,44,0.892,0,-1.71,-0.03887,0.0219,0.0219,-3.14,NONE,72.5,66.7,72.5,0,0,1,1,final_label,,DELETION,absent phone accepted with no acoustic support
child_01_nine,tok_04,child_01,nine,,n,N,1,FINAL_CONSONANT_PROBABLY_PRESENT,1,CLEAR_CORRECT,HUMAN_CORRECT,MEDIUM,VALID_ATTEMPT,CLEAR,100.0,0.05,exact,1,0.0011057176161557436,1.0,n,16,42,27,0.0155,0.0011,0.0009,0.0002,1,ɑ,43,0.865,0,-1.783,-0.04146,0.9793,0.9793,4.845,STRONG,100.0,33.8,100.0,1,1,0,1,final_label,,OK,"human present, accepted"
child_01_one,tok_05,child_01,one,,n,N,1,,,CLEAR_CORRECT,HUMAN_CORRECT,MEDIUM,VALID_ATTEMPT,,72.6,0.031,exact,1,0.02891228161752224,1.0,n,15,50,36,0.7464,0.0289,0.0,0.0,1,n,51,1.027,1,1.363,0.02673,0.7464,0.7464,1.363,STRONG,72.6,100.0,72.6,0,0,0,0,word_verdict_correct,1,OK,"human present, accepted"
child_01_seven,tok_06,child_01,seven,PME,n,N,1,FINAL_CONSONANT_PROBABLY_PRESENT,1,CLEAR_CORRECT,HUMAN_CORRECT,LOW,POSSIBLE_ATTEMPT,CLEAR,20.0,0.0,exact,1,0.005467698909342289,1.0,n,4,50,47,0.0592,0.0055,0.0409,0.0098,0,ɝ,51,1.027,0,-2.695,-0.05284,0.0592,0.0592,-2.695,NONE,20.0,40.1,44.1,0,0,1,1,final_label,,OK_UNSUPPORTED,human present; accepted with no acoustic support
child_01_ten,tok_07,child_01,ten,,n,N,1,FINAL_CONSONANT_CLEARLY_PRESENT,1,CLEAR_CORRECT,HUMAN_CORRECT,LOW,POSSIBLE_ATTEMPT,,100.0,0.03,exact,1,0.004325957037508488,1.0,n,26,50,25,0.0294,0.0043,0.0062,0.0009,0,eɪ,51,1.027,0,-3.424,-0.06714,0.0294,0.0294,-3.424,NONE,100.0,100.0,100.0,0,0,1,1,final_label,,OK_UNSUPPORTED,human present; accepted with no acoustic support
child_01_three,tok_08,child_01,three,,iː,IY1,0,,,,,LOW,POSSIBLE_ATTEMPT,,72.5,0.024,exact,1,0.009207872673869133,1.0,iː,20,64,45,0.4057,0.0092,0.0001,0.0,1,iː,65,1.325,1,1.325,0.02039,0.4057,0.4057,1.325,STRONG,72.5,72.5,72.5,0,0,0,0,,,NON_FINAL_CONSONANT_CASE,expected final phone is a vowel
child_01_two,tok_09,child_01,two,,uː,UW1,0,,,CLEAR_CORRECT,HUMAN_CORRECT,MEDIUM,VALID_ATTEMPT,QUIET,50.0,0.005,miss,0,5.19481500305119e-06,2.597407501525595e-06,p,48,48,1,0.0,0.0,0.0003,0.0,0,ɛ,49,1.0,0,-1.948,-0.03975,0.0028,0.0028,-4.626,NONE,50.0,0.1,50.0,1,0,0,0,,,NON_FINAL_CONSONANT_CASE,expected final phone is a vowel
child_02_eight,tok_10,child_02,eight,,t,T,1,FINAL_CONSONANT_CLEARLY_PRESENT,1,CLEAR_CORRECT,HUMAN_CORRECT,MEDIUM,VALID_ATTEMPT,CLEAR,50.0,0.006,exact,1,0.02120862528681755,1.0,t,1,52,52,0.9179,0.0212,0.1235,0.0099,1,aɪ,53,1.07,1,3.044,0.05744,0.9179,0.9179,3.044,STRONG,50.0,100.0,50.0,0,0,0,0,final_label,,OK,"human present, accepted"
child_02_five,tok_11,child_02,five,,v,V,1,FINAL_CONSONANT_PROBABLY_PRESENT,1,,,MEDIUM,VALID_ATTEMPT,,100.0,0.049,exact,1,0.041699692606925964,1.0,v,31,48,18,0.7322,0.0417,0.0182,0.0015,1,v,49,1.003,1,1.275,0.02602,0.7322,0.7322,1.275,STRONG,100.0,100.0,100.0,0,0,0,0,final_label,,OK,"human present, accepted"
child_02_four,tok_12,child_02,four,,ɹ,R,1,FINAL_CONSONANT_CLEARLY_ABSENT,0,,,MEDIUM,VALID_ATTEMPT,,73.5,0.019,exact,1,0.009298913180828094,1.0,ɹ,27,65,39,0.1536,0.0093,0.0004,0.0,0,ɑ,66,1.338,0,-1.658,-0.02512,0.1536,0.1536,-1.658,WEAK,73.5,40.1,73.5,1,0,0,1,final_label,,MIXED,absent phone accepted with weak evidence
child_02_one,tok_13,child_02,one,,n,N,1,FINAL_CONSONANT_CLEARLY_PRESENT,1,AMBIGUOUS,HUMAN_UNCERTAIN,LOW,POSSIBLE_ATTEMPT,CLEAR,39.2,0.004,exact,1,0.025366084650158882,1.0,n,2,61,60,0.9571,0.0254,0.0001,0.0,1,n,62,1.249,1,3.919,0.06321,0.9571,0.9571,3.919,STRONG,39.2,40.1,39.2,0,0,0,0,final_label,,OK,"human present, accepted"
child_02_seven,tok_14,child_02,seven,,n,N,1,FINAL_CONSONANT_CLEARLY_PRESENT,1,,,MEDIUM,VALID_ATTEMPT,,100.0,0.053,exact,1,0.04746640473604202,1.0,n,22,34,13,0.4907,0.0475,0.001,0.0003,1,p,35,0.725,1,1.014,0.02898,0.4907,0.4907,1.014,STRONG,100.0,65.1,100.0,0,0,0,0,final_label,,OK,"human present, accepted"
child_02_six,tok_15,child_02,six,,s,S,1,,,,,MEDIUM,VALID_ATTEMPT,,75.0,0.039,exact,1,0.1165967807173729,1.0,s,54,56,3,0.3496,0.1166,0.3496,0.025,1,s,57,1.159,1,2.458,0.04312,0.8923,0.8923,2.458,STRONG,75.0,75.0,75.0,0,0,0,0,,,HUMAN_UNCERTAIN,no final label / uncertain word verdict
child_02_ten,tok_16,child_02,ten,,n,N,1,FINAL_CONSONANT_CLEARLY_PRESENT,1,,,MEDIUM,VALID_ATTEMPT,,100.0,0.094,exact,1,0.0036571098025888205,1.0,n,27,57,31,0.0662,0.0037,0.0001,0.0,0,ɹ,58,1.182,0,-0.885,-0.01526,0.0662,0.0662,-2.222,NONE,100.0,66.7,100.0,0,0,1,1,final_label,,OK_UNSUPPORTED,human present; accepted with no acoustic support
child_02_three,tok_17,child_02,three,,iː,IY1,0,,,PROBABLY_INCORRECT,HUMAN_INCORRECT,LOW,POSSIBLE_ATTEMPT,CLEAR,39.2,0.003,miss,0,1.4451324204856064e-05,7.225662102428032e-06,ə,41,53,13,0.0001,0.0,0.0004,0.0,0,eɪ,54,1.093,1,1.477,0.02734,0.0108,0.0108,-3.819,STRONG,39.2,33.4,39.2,0,0,0,1,,,NON_FINAL_CONSONANT_CASE,expected final phone is a vowel
child_02_two,tok_18,child_02,two,,uː,UW1,0,,,CLEAR_CORRECT,HUMAN_CORRECT,MEDIUM,VALID_ATTEMPT,CLEAR,50.0,0.004,miss,0,8.908763788895158e-07,4.454381894447579e-07,k,48,48,1,0.0,0.0,0.0,0.0,0,ɪ,49,1.003,0,-0.778,-0.01588,0.0027,0.0027,-4.959,NONE,50.0,0.0,50.0,1,0,0,0,,,NON_FINAL_CONSONANT_CASE,expected final phone is a vowel
child_03_eight,tok_19,child_03,eight,PME,t,T,1,FINAL_CONSONANT_CLEARLY_ABSENT,0,CLEAR_CORRECT,HUMAN_CORRECT,LOW,POSSIBLE_ATTEMPT,CLEAR,0.0,0.0,miss,0,0.0003254473558627069,0.00016272367793135345,æ,1,37,37,0.0053,0.0003,0.0008,0.0003,0,eɪ,38,0.777,0,-7.12,-0.18738,0.0008,0.0008,-7.12,NONE,0.0,50.0,0.0,1,0,0,0,final_label,,OK,"human absent, correctly rejected"
child_03_five,tok_20,child_03,five,,v,V,1,,,,,MEDIUM,VALID_ATTEMPT,,100.0,0.08,exact,1,0.026539752259850502,1.0,v,24,42,19,0.4823,0.0265,0.0003,0.0,1,v,43,0.866,1,0.076,0.00177,0.4823,0.4823,0.076,STRONG,100.0,100.0,100.0,0,0,0,0,,,HUMAN_UNCERTAIN,no final label / uncertain word verdict
child_03_four,tok_21,child_03,four,,ɹ,R,1,FINAL_CONSONANT_CLEARLY_ABSENT,0,,,MEDIUM,VALID_ATTEMPT,,100.0,0.062,exact,1,0.00481369998306036,1.0,ɹ,17,44,28,0.0563,0.0048,0.0,0.0,0,ɔ,45,0.911,0,-2.776,-0.06168,0.0563,0.0563,-2.776,NONE,100.0,100.0,100.0,0,0,1,1,final_label,,DELETION,absent phone accepted with no acoustic support
child_03_nine,tok_22,child_03,nine,,n,N,1,,,,,MEDIUM,VALID_ATTEMPT,,100.0,0.126,exact,1,0.06564433872699738,1.0,n,17,31,15,0.9669,0.0656,0.0117,0.0017,1,t,32,0.653,1,3.908,0.12214,0.9669,0.9669,3.908,STRONG,100.0,100.0,100.0,0,0,0,0,,,HUMAN_UNCERTAIN,no final label / uncertain word verdict
child_03_seven,tok_23,child_03,seven,,n,N,1,,,CLEAR_CORRECT,HUMAN_CORRECT,MEDIUM,VALID_ATTEMPT,CLEAR,63.5,0.021,exact,1,0.031145034357905388,1.0,n,17,46,30,0.8926,0.0311,0.0018,0.0003,1,p,47,0.946,1,2.707,0.05759,0.8926,0.8926,2.707,STRONG,63.5,40.0,63.5,1,0,0,0,word_verdict_correct,1,OK,"human present, accepted"
child_03_six,tok_24,child_03,six,SCORER_MISS,s,S,1,FINAL_CONSONANT_CLEARLY_ABSENT,0,AMBIGUOUS,HUMAN_UNCERTAIN,LOW,POSSIBLE_ATTEMPT,CLEAR,50.0,0.004,miss,0,3.6571782402461395e-06,1.8285891201230697e-06,k,36,36,1,0.0,0.0,0.0,0.0,0,ɛ,37,0.754,1,0.0,0.0,0.2148,0.2148,-0.45,WEAK,50.0,25.1,50.0,1,0,0,1,final_label,,OK,"human absent, correctly rejected"
child_03_ten,tok_25,child_03,ten,,n,N,1,,,,,MEDIUM,VALID_ATTEMPT,,100.0,0.148,exact,1,0.03970460593700409,1.0,n,7,27,21,0.7758,0.0397,0.0001,0.0,1,n,28,0.574,1,1.712,0.06115,0.7758,0.7758,1.712,STRONG,100.0,66.7,100.0,0,0,0,0,,,HUMAN_UNCERTAIN,no final label / uncertain word verdict
child_03_three,tok_26,child_03,three,PME,iː,IY1,0,,,CLEAR_CORRECT,HUMAN_CORRECT,MEDIUM,VALID_ATTEMPT,CLEAR,39.2,0.005,miss,0,0.0018238038755953312,0.0009119019377976656,t,25,49,25,0.0131,0.0018,0.0011,0.0002,0,aɪ,50,1.024,1,0.556,0.01112,0.0115,0.0115,-3.12,NONE,39.2,39.2,39.2,0,0,0,1,,,NON_FINAL_CONSONANT_CASE,expected final phone is a vowel
child_03_two,tok_27,child_03,two,SCORER_MISS,uː,UW1,0,,,AMBIGUOUS,HUMAN_UNCERTAIN,LOW,POSSIBLE_ATTEMPT,CLEAR,50.0,0.004,miss,0,6.457148060690088e-07,3.228574030345044e-07,j,43,43,1,0.0,0.0,0.0,0.0,0,ei5,44,0.889,0,-2.115,-0.04806,0.0008,0.0008,-4.745,NONE,50.0,0.0,50.0,1,0,0,0,,,NON_FINAL_CONSONANT_CASE,expected final phone is a vowel
child_04_eight,tok_28,child_04,eight,SCORER_MISS,t,T,1,FINAL_CONSONANT_PROBABLY_PRESENT,1,AMBIGUOUS,HUMAN_UNCERTAIN,LOW,POSSIBLE_ATTEMPT,CLEAR,50.0,0.002,exact,1,0.009106981568038464,1.0,t,1,111,111,0.9588,0.0091,0.0,0.0,1,t,112,2.246,1,4.44,0.03964,0.9588,0.9588,4.287,STRONG,50.0,58.8,50.0,0,0,0,0,final_label,,OK,"human present, accepted"
child_04_five,tok_29,child_04,five,,v,V,1,,,CLEAR_CORRECT,HUMAN_CORRECT,MEDIUM,VALID_ATTEMPT,CLEAR,100.0,0.018,exact,1,0.011140124872326851,1.0,v,87,118,32,0.3531,0.0111,0.0,0.0,1,v,119,2.392,1,0.463,0.00389,0.3531,0.3531,0.348,STRONG,100.0,45.0,100.0,1,0,0,0,word_verdict_correct,1,OK,"human present, accepted"
child_04_four,tok_30,child_04,four,,ɹ,R,1,FINAL_CONSONANT_PROBABLY_PRESENT,1,CLEAR_INCORRECT,HUMAN_INCORRECT,LOW,POSSIBLE_ATTEMPT,,66.7,0.001,exact,1,0.0030137973371893167,1.0,ɹ,27,112,86,0.0904,0.003,0.0,0.0,0,ŋ,113,2.27,0,-1.889,-0.01672,0.0033,0.0033,-5.19,NONE,66.7,33.4,33.3,1,0,1,1,final_label,,OK_UNSUPPORTED,human present; accepted with no acoustic support
child_04_nine,tok_31,child_04,nine,,n,N,1,,,,,MEDIUM,VALID_ATTEMPT,,100.0,0.028,exact,1,0.008582974784076214,1.0,n,57,114,58,0.2863,0.0086,0.0001,0.0,0,ɑ,115,2.319,0,-0.823,-0.00716,0.2863,0.2863,-0.823,STRONG,100.0,100.0,100.0,0,0,0,1,,,HUMAN_UNCERTAIN,no final label / uncertain word verdict
child_04_seven,tok_32,child_04,seven,,n,N,1,,,CLEAR_CORRECT,HUMAN_CORRECT,MEDIUM,VALID_ATTEMPT,CLEAR,60.1,0.016,miss,0,0.00047198141692206264,0.00023599070846103132,t,66,98,33,0.0041,0.0005,0.0001,0.0,0,ɛ,99,2.001,0,-4.144,-0.04186,0.0005,0.0005,-6.729,NONE,60.1,27.6,60.1,1,0,0,0,word_verdict_correct,1,ALIGNMENT,present rejected; raw window accepts (window/alignment) (inferred from word verdict)
child_04_six,tok_33,child_04,six,,s,S,1,,,,,MEDIUM,VALID_ATTEMPT,,75.0,0.031,exact,1,0.049652401357889175,1.0,s,83,118,36,0.7917,0.0497,0.0,0.0,1,s,119,2.392,1,1.792,0.01506,0.7917,0.7917,1.792,STRONG,75.0,75.0,75.0,0,0,0,0,,,HUMAN_UNCERTAIN,no final label / uncertain word verdict
child_04_ten,tok_34,child_04,ten,,n,N,1,,,,,MEDIUM,VALID_ATTEMPT,,75.1,0.013,exact,1,0.006228792015463114,1.0,n,30,84,55,0.1977,0.0062,0.0001,0.0,0,æ,85,1.709,0,-0.949,-0.01116,0.1977,0.1977,-0.949,WEAK,75.1,75.0,75.1,0,0,0,1,,,HUMAN_UNCERTAIN,no final label / uncertain word verdict
child_04_three,tok_35,child_04,three,PME,iː,IY1,0,,,CLEAR_CORRECT,HUMAN_CORRECT,LOW,POSSIBLE_ATTEMPT,CLEAR,11.7,0.0,miss,0,0.0024908606428653,0.00124543032143265,l,2,112,111,0.2071,0.0025,0.0,0.0,1,iː,113,2.27,1,1.071,0.00948,0.0085,0.0085,-2.477,STRONG,11.7,6.7,5.9,0,0,0,1,,,NON_FINAL_CONSONANT_CASE,expected final phone is a vowel
child_04_two,tok_36,child_04,two,,uː,UW1,0,,,CLEAR_INCORRECT,HUMAN_INCORRECT,LOW,POSSIBLE_ATTEMPT,UNCERTAIN,0.0,0.0,miss,0,9.66798438639671e-07,4.833992193198355e-07,w,63,63,1,0.0,0.0,0.0,0.0,0,,64,1.294,0,-6.044,-0.09444,0.002,0.002,-6.044,NONE,0.0,0.2,0.1,0,0,0,0,,,NON_FINAL_CONSONANT_CASE,expected final phone is a vowel
child_05_eight,tok_37,child_05,eight,,t,T,1,FINAL_CONSONANT_PROBABLY_PRESENT,1,,,MEDIUM,VALID_ATTEMPT,,50.0,0.007,exact,1,0.028293827548623085,1.0,t,1,28,28,0.7582,0.0283,0.7582,0.109,1,t,29,0.589,1,1.732,0.05973,0.7582,0.7582,1.732,STRONG,50.0,100.0,50.0,0,0,0,0,final_label,,OK,"human present, accepted"
child_05_five,tok_38,child_05,five,,v,V,1,,,,,MEDIUM,VALID_ATTEMPT,,66.7,0.041,miss,0,0.004727162420749664,0.002363581210374832,t,20,26,7,0.0268,0.0047,0.0268,0.0047,0,aɪ,27,0.555,0,-3.412,-0.12638,0.0268,0.0268,-3.412,NONE,66.7,66.7,66.7,0,0,0,0,,,HUMAN_UNCERTAIN,no final label / uncertain word verdict
child_05_four,tok_39,child_05,four,,ɹ,R,1,FINAL_CONSONANT_CLEARLY_ABSENT,0,,,MEDIUM,VALID_ATTEMPT,,66.8,0.028,miss,0,0.006496960297226906,0.003248480148613453,ə,14,33,20,0.0307,0.0065,0.024,0.0063,0,ə,34,0.693,0,-1.362,-0.04005,0.0305,0.0305,-2.561,NONE,66.8,45.1,66.8,1,0,0,0,final_label,,OK,"human absent, correctly rejected"
child_05_nine,tok_40,child_05,nine,,n,N,1,,,,,MEDIUM,VALID_ATTEMPT,,100.0,0.134,exact,1,0.08685826510190964,1.0,n,19,36,18,0.8719,0.0869,0.8719,0.1734,1,n,37,0.763,1,2.825,0.07636,0.8719,0.768,1.286,STRONG,100.0,100.0,100.0,0,0,0,0,,,HUMAN_UNCERTAIN,no final label / uncertain word verdict
child_05_one,tok_41,child_05,one,,n,N,1,,,,,MEDIUM,VALID_ATTEMPT,,100.0,0.089,exact,1,0.060967184603214264,1.0,n,7,18,12,0.6259,0.061,0.6259,0.1421,1,n,19,0.393,1,0.648,0.03408,0.6259,0.6259,0.648,STRONG,100.0,100.0,100.0,0,0,0,0,,,HUMAN_UNCERTAIN,no final label / uncertain word verdict
child_05_seven,tok_42,child_05,seven,,n,N,1,,,CLEAR_CORRECT,HUMAN_CORRECT,HIGH,ASSESSABLE,CLEAR,100.0,0.236,exact,1,0.09072757512331009,1.0,n,30,40,11,0.987,0.0907,0.987,0.0991,1,n,41,0.832,1,5.034,0.12277,0.987,0.987,5.034,STRONG,100.0,100.0,100.0,0,0,0,0,word_verdict_correct,1,OK,"human present, accepted"
child_05_ten,tok_43,child_05,ten,,n,N,1,,,,,MEDIUM,VALID_ATTEMPT,,47.7,0.012,soft,1,0.003207564353942871,0.17556132376194,ŋ,14,31,18,0.0262,0.0032,0.0008,0.0004,0,k,32,0.647,0,-3.027,-0.09459,0.0071,0.0071,-4.108,NONE,47.7,75.1,47.7,1,0,1,1,,,HUMAN_UNCERTAIN,no final label / uncertain word verdict
child_05_three,tok_44,child_05,three,,iː,IY1,0,,,CLEAR_CORRECT,HUMAN_CORRECT,MEDIUM,VALID_ATTEMPT,,72.5,0.014,exact,1,0.04251295328140259,1.0,iː,23,32,10,0.2194,0.0425,0.0064,0.0016,1,iː,33,0.67,1,1.196,0.03626,0.2606,0.2606,0.448,STRONG,72.5,33.4,45.1,1,0,0,0,,,NON_FINAL_CONSONANT_CASE,expected final phone is a vowel
child_06_eight,tok_45,child_06,eight,,t,T,1,FINAL_CONSONANT_CLEARLY_PRESENT,1,,,MEDIUM,VALID_ATTEMPT,,50.0,0.012,exact,1,0.0452403649687767,1.0,t,1,21,21,0.9387,0.0452,0.001,0.0003,1,t,22,0.452,1,3.527,0.16032,0.9387,0.9387,3.527,STRONG,50.0,58.8,50.0,0,0,0,0,final_label,,OK,"human present, accepted"
child_06_five,tok_46,child_06,five,,v,V,1,,,AMBIGUOUS,HUMAN_UNCERTAIN,HIGH,ASSESSABLE,CLEAR,100.0,0.096,exact,1,0.050599705427885056,1.0,v,15,32,18,0.9055,0.0506,0.0044,0.0006,1,v,33,0.685,1,3.942,0.11945,0.9055,0.9055,3.868,STRONG,100.0,100.0,100.0,0,0,0,0,,,HUMAN_UNCERTAIN,no final label / uncertain word verdict
child_06_four,tok_47,child_06,four,SCORER_MISS,ɹ,R,1,FINAL_CONSONANT_CLEARLY_ABSENT,0,CLEAR_INCORRECT,HUMAN_INCORRECT,MEDIUM,VALID_ATTEMPT,CLEAR,100.0,0.129,exact,1,0.004731396678835154,1.0,ɹ,7,29,23,0.0414,0.0047,0.0,0.0,0,ɔ,30,0.616,0,-3.043,-0.10143,0.0414,0.0414,-3.043,NONE,100.0,66.7,100.0,0,0,1,1,final_label,,DELETION,absent phone accepted with no acoustic support
child_06_nine,tok_48,child_06,nine,,n,N,1,,,,,MEDIUM,VALID_ATTEMPT,,100.0,0.115,exact,1,0.09802766144275665,1.0,n,11,20,10,0.9455,0.098,0.9455,0.1944,1,n,21,0.438,1,3.225,0.15357,0.9455,0.9455,3.225,STRONG,100.0,66.8,100.0,0,0,0,0,,,HUMAN_UNCERTAIN,no final label / uncertain word verdict
child_06_seven,tok_49,child_06,seven,,n,N,1,,,PROBABLY_CORRECT,HUMAN_CORRECT,HIGH,ASSESSABLE,CLEAR,100.0,0.2,exact,1,0.08615973591804504,1.0,n,14,22,9,0.5429,0.0862,0.0383,0.0085,1,n,23,0.466,1,0.413,0.01797,0.5429,0.5429,0.413,STRONG,100.0,100.0,100.0,0,0,0,0,word_verdict_correct,1,OK,"human present, accepted"
child_06_six,tok_50,child_06,six,PME,s,S,1,FINAL_CONSONANT_PROBABLY_PRESENT,1,CLEAR_CORRECT,HUMAN_CORRECT,LOW,POSSIBLE_ATTEMPT,CLEAR,25.0,0.0,exact,1,0.0003516270953696221,1.0,s,38,39,2,0.0007,0.0004,0.0007,0.0001,0,t,40,0.822,0,-0.573,-0.01432,0.0031,0.0031,-5.728,NONE,25.0,0.0,25.0,0,0,1,1,final_label,,OK_UNSUPPORTED,human present; accepted with no acoustic support
child_06_ten,tok_51,child_06,ten,,n,N,1,,,,,LOW,POSSIBLE_ATTEMPT,,75.3,0.049,exact,1,0.006362284068018198,1.0,n,7,24,18,0.0593,0.0064,0.0001,0.0001,0,æ,25,0.507,0,-2.655,-0.10619,0.0593,0.0593,-2.655,NONE,75.3,75.3,75.3,0,0,1,1,,,HUMAN_UNCERTAIN,no final label / uncertain word verdict
child_06_three,tok_52,child_06,three,,iː,IY1,0,,,,,MEDIUM,VALID_ATTEMPT,,40.0,0.018,miss,0,0.0008844559779390693,0.00044222798896953464,ð,10,20,11,0.0041,0.0009,0.0019,0.0006,0,eɪ,21,0.438,1,3.086,0.14694,0.0041,0.0041,-4.8,STRONG,40.0,39.2,40.0,0,0,0,1,,,NON_FINAL_CONSONANT_CASE,expected final phone is a vowel
child_06_two,tok_53,child_06,two,PME,uː,UW1,0,,,PROBABLY_CORRECT,HUMAN_CORRECT,LOW,POSSIBLE_ATTEMPT,CLEAR,0.0,0.0,miss,0,7.782377906551119e-06,3.8911889532755595e-06,ŋ,26,26,1,0.0,0.0,0.0,0.0,0,iɛ5,27,0.562,0,-2.359,-0.08739,0.0005,0.0005,-5.388,NONE,0.0,0.0,0.0,0,0,0,0,,,NON_FINAL_CONSONANT_CASE,expected final phone is a vowel
child_07_eight,tok_54,child_07,eight,PME,t,T,1,FINAL_CONSONANT_CLEARLY_ABSENT,0,PROBABLY_INCORRECT,HUMAN_INCORRECT,LOW,POSSIBLE_ATTEMPT,NOISY,0.0,0.0,miss,0,0.0008189264917746186,0.0004094632458873093,p,1,30,30,0.018,0.0008,0.0009,0.0004,0,n,31,0.634,0,-3.63,-0.11711,0.018,0.018,-3.63,NONE,0.0,0.1,0.0,0,0,0,0,final_label,,OK,"human absent, correctly rejected"
child_07_five,tok_55,child_07,five,,v,V,1,,,,,MEDIUM,VALID_ATTEMPT,,100.0,0.107,exact,1,0.1068682000041008,1.0,v,20,23,4,0.4264,0.1069,0.4264,0.0713,0,aɪ,24,0.505,0,-6.727,-0.28027,0.0006,0.0006,-6.727,NONE,100.0,66.7,100.0,0,0,1,1,,,HUMAN_UNCERTAIN,no final label / uncertain word verdict
child_07_four,tok_56,child_07,four,SCORER_MISS,ɹ,R,1,,,CLEAR_INCORRECT,HUMAN_INCORRECT,MEDIUM,VALID_ATTEMPT,CLEAR,100.0,0.078,exact,1,0.004762330092489719,1.0,ɹ,12,30,19,0.0362,0.0048,0.0039,0.0011,0,ɑ,31,0.634,0,-2.758,-0.08896,0.0112,0.0112,-2.758,NONE,100.0,6.0,100.0,1,0,1,1,word_verdict_error,0,DELETION,absent phone accepted with no acoustic support (inferred from word verdict)
child_07_nine,tok_57,child_07,nine,,n,N,1,,,CLEAR_CORRECT,HUMAN_CORRECT,MEDIUM,VALID_ATTEMPT,CLEAR,100.0,0.112,exact,1,0.07825171947479248,1.0,n,17,33,17,0.9201,0.0783,0.9201,0.166,1,n,34,0.705,1,2.585,0.07604,0.9201,0.9201,2.585,STRONG,100.0,100.0,100.0,0,0,0,0,word_verdict_correct,1,OK,"human present, accepted"
child_07_one,tok_58,child_07,one,PME,n,N,1,FINAL_CONSONANT_CLEARLY_PRESENT,1,CLEAR_CORRECT,HUMAN_CORRECT,LOW,POSSIBLE_ATTEMPT,CLEAR,0.0,0.0,miss,0,0.0010672365315258503,0.0005336182657629251,l,2,42,41,0.013,0.0011,0.0022,0.0005,0,aɪ,43,0.881,0,-2.855,-0.06639,0.0005,0.0005,-7.204,NONE,0.0,72.5,0.0,1,0,0,0,final_label,,ALIGNMENT,present rejected; raw window accepts (window/alignment)
child_07_seven,tok_59,child_07,seven,,n,N,1,FINAL_CONSONANT_PROBABLY_ABSENT,0,PROBABLY_INCORRECT,HUMAN_INCORRECT,LOW,POSSIBLE_ATTEMPT,CLEAR,20.0,0.001,exact,1,0.015379499644041061,1.0,n,4,48,45,0.6294,0.0154,0.6294,0.0555,1,n,49,0.986,1,1.921,0.03921,0.6294,0.6294,0.952,STRONG,20.0,43.5,20.0,0,0,0,0,final_label,,MIXED,absent phone accepted with strong evidence
child_07_six,tok_60,child_07,six,,s,S,1,,,CLEAR_CORRECT,HUMAN_CORRECT,MEDIUM,VALID_ATTEMPT,CLEAR,55.7,0.019,exact,1,0.04251820966601372,1.0,s,32,51,20,0.2896,0.0425,0.0116,0.0009,0,k,52,1.057,0,-0.807,-0.01551,0.2896,0.2896,-0.807,STRONG,55.7,75.0,55.7,0,0,0,1,word_verdict_correct,1,OK,"human present, accepted"
child_07_ten,tok_61,child_07,ten,,n,N,1,,,PROBABLY_CORRECT,HUMAN_CORRECT,MEDIUM,VALID_ATTEMPT,CLEAR,100.0,0.07,exact,1,0.06691954284906387,1.0,n,14,25,12,0.7215,0.0669,0.7215,0.1332,1,n,26,0.54,1,1.527,0.05874,0.7215,0.7215,1.527,STRONG,100.0,100.0,100.0,0,0,0,0,word_verdict_correct,1,OK,"human present, accepted"
child_07_three,tok_62,child_07,three,,iː,IY1,0,,,PROBABLY_INCORRECT,HUMAN_INCORRECT,LOW,POSSIBLE_ATTEMPT,CLEAR,5.8,0.0,miss,0,0.0008534634253010154,0.0004267317126505077,j,16,41,26,0.0099,0.0009,0.0001,0.0,0,eɪ,42,0.857,0,-0.076,-0.0018,0.0099,0.0099,-3.955,NONE,5.8,39.2,5.8,0,0,0,0,,,NON_FINAL_CONSONANT_CASE,expected final phone is a vowel
child_07_two,tok_63,child_07,two,,uː,UW1,0,,,,,LOW,POSSIBLE_ATTEMPT,,50.0,0.004,miss,0,4.6951228682701185e-07,2.3475614341350592e-07,l,38,38,1,0.0,0.0,0.0,0.0,0,eɪ,39,0.798,0,-3.296,-0.08452,0.0008,0.0008,-5.369,NONE,50.0,50.0,50.0,0,0,0,0,,,NON_FINAL_CONSONANT_CASE,expected final phone is a vowel
child_08_eight,tok_64,child_08,eight,PME,t,T,1,FINAL_CONSONANT_CLEARLY_ABSENT,0,PROBABLY_INCORRECT,HUMAN_INCORRECT,LOW,POSSIBLE_ATTEMPT,NOISY,0.0,0.0,miss,0,0.0014681798638775945,0.0007340899319387972,n,1,34,34,0.0243,0.0015,0.0243,0.0036,0,æ,35,0.722,0,-3.403,-0.09723,0.0243,0.0243,-3.403,NONE,0.0,0.0,0.0,0,0,0,0,final_label,,OK,"human absent, correctly rejected"
child_08_five,tok_65,child_08,five,PME,v,V,1,,,CLEAR_CORRECT,HUMAN_CORRECT,MEDIUM,VALID_ATTEMPT,CLEAR,39.2,0.008,miss,0,0.00018038242706097662,9.019121353048831e-05,t,15,37,23,0.0017,0.0002,0.0005,0.0001,0,s,38,0.772,0,-3.149,-0.08287,0.1619,0.1619,-0.882,NONE,39.2,39.2,39.2,0,0,0,0,word_verdict_correct,1,ACOUSTIC,no encoder evidence for the present phone (inferred from word verdict)
child_08_four,tok_66,child_08,four,,ɹ,R,1,,,CLEAR_INCORRECT,HUMAN_INCORRECT,LOW,POSSIBLE_ATTEMPT,CLEAR,39.2,0.002,soft,1,0.0018903777236118913,0.17533081610163206,w,10,29,20,0.0318,0.0019,0.0004,0.0002,0,a5,30,0.622,0,-1.639,-0.05464,0.0167,0.0167,-3.376,NONE,39.2,39.2,39.2,0,0,1,1,word_verdict_error,0,DELETION,absent phone accepted with no acoustic support (inferred from word verdict)
child_08_nine,tok_67,child_08,nine,,n,N,1,,,PROBABLY_CORRECT,HUMAN_CORRECT,MEDIUM,VALID_ATTEMPT,CLEAR,100.0,0.077,exact,1,0.028734060004353523,1.0,n,25,49,25,0.611,0.0287,0.0015,0.0003,1,n,50,1.021,1,0.524,0.01048,0.611,0.611,0.524,STRONG,100.0,100.0,100.0,0,0,0,0,word_verdict_correct,1,OK,"human present, accepted"
child_08_seven,tok_68,child_08,seven,,n,N,1,,,CLEAR_CORRECT,HUMAN_CORRECT,MEDIUM,VALID_ATTEMPT,,47.5,0.008,exact,1,0.02638285607099533,1.0,n,7,41,35,0.5874,0.0264,0.0027,0.0007,1,æ,42,0.847,1,0.675,0.01608,0.5874,0.5874,0.675,STRONG,47.5,25.0,60.0,0,0,0,0,word_verdict_correct,1,OK,"human present, accepted"
child_08_six,tok_69,child_08,six,,s,S,1,,,CLEAR_CORRECT,HUMAN_CORRECT,MEDIUM,VALID_ATTEMPT,CLEAR,100.0,0.034,exact,1,0.041983455419540405,1.0,s,37,52,16,0.4183,0.042,0.4183,0.0511,1,eɪ,53,1.071,1,0.426,0.00804,0.4183,0.4183,0.426,STRONG,100.0,50.2,80.6,0,0,0,0,word_verdict_correct,1,OK,"human present, accepted"
child_08_ten,tok_70,child_08,ten,,n,N,1,,,,,MEDIUM,VALID_ATTEMPT,,75.1,0.011,exact,1,0.010028738528490067,1.0,n,19,51,33,0.1607,0.01,0.0001,0.0,0,æ,52,1.046,0,-1.392,-0.02677,0.0025,0.0025,-4.333,NONE,75.1,41.7,75.1,1,0,1,1,,,HUMAN_UNCERTAIN,no final label / uncertain word verdict
child_08_three,tok_71,child_08,three,,iː,IY1,0,,,,,MEDIUM,VALID_ATTEMPT,,39.2,0.005,exact,1,0.02905704453587532,1.0,iː,27,49,23,0.6497,0.0291,0.0014,0.0002,1,iː,50,1.021,1,1.505,0.03009,0.6497,0.6497,1.505,STRONG,39.2,66.7,40.0,1,0,0,0,,,NON_FINAL_CONSONANT_CASE,expected final phone is a vowel
child_08_two,tok_72,child_08,two,,uː,UW1,0,,,,,MEDIUM,VALID_ATTEMPT,,50.0,0.006,miss,0,8.390829862037208e-06,4.195414931018604e-06,w,34,34,1,0.0,0.0,0.0,0.0,0,ɪ,35,0.722,0,-1.444,-0.04126,0.0103,0.0103,-2.925,NONE,50.0,0.1,50.0,1,0,0,0,,,NON_FINAL_CONSONANT_CASE,expected final phone is a vowel
child_09_eight,tok_73,child_09,eight,,t,T,1,,,,,MEDIUM,VALID_ATTEMPT,,50.0,0.01,exact,1,0.03670812025666237,1.0,t,1,43,43,0.8096,0.0367,0.0019,0.0002,1,t,44,0.903,1,2.972,0.06755,0.8096,0.7785,1.469,STRONG,50.0,50.0,50.0,0,0,0,0,,,HUMAN_UNCERTAIN,no final label / uncertain word verdict
child_09_five,tok_74,child_09,five,PME,v,V,1,FINAL_CONSONANT_CLEARLY_ABSENT,0,PROBABLY_INCORRECT,HUMAN_INCORRECT,LOW,POSSIBLE_ATTEMPT,CLEAR,33.4,0.004,miss,0,0.0008411182789131999,0.00042055913945659995,n,19,32,14,0.0063,0.0008,0.0063,0.0011,0,aɪ,33,0.683,0,-4.937,-0.14961,0.0063,0.0063,-4.937,NONE,33.4,33.4,33.4,0,0,0,0,final_label,,OK,"human absent, correctly rejected"
child_09_four,tok_75,child_09,four,SCORER_MISS,ɹ,R,1,,,CLEAR_INCORRECT,HUMAN_INCORRECT,MEDIUM,VALID_ATTEMPT,CLEAR,66.8,0.015,miss,0,0.007475706748664379,0.0037378533743321896,æ,13,42,30,0.0536,0.0075,0.0104,0.0013,0,ɑ,43,0.878,0,-2.315,-0.05383,0.0536,0.0536,-2.315,NONE,66.8,6.1,66.8,1,0,0,0,word_verdict_error,0,OK,"human absent, correctly rejected"
child_09_nine,tok_76,child_09,nine,,n,N,1,,,CLEAR_CORRECT,HUMAN_CORRECT,MEDIUM,VALID_ATTEMPT,CLEAR,100.0,0.103,exact,1,0.041699450463056564,1.0,n,24,51,28,0.9427,0.0417,0.9427,0.0774,1,k,52,1.049,1,3.128,0.06015,0.9427,0.9427,3.128,STRONG,100.0,100.0,100.0,0,0,0,0,word_verdict_correct,1,OK,"human present, accepted"
child_09_one,tok_77,child_09,one,,n,N,1,,,,,MEDIUM,VALID_ATTEMPT,,72.5,0.03,exact,1,0.06256382912397385,1.0,n,16,47,32,0.7271,0.0626,0.0028,0.0009,1,t,48,0.976,1,2.241,0.04669,0.7271,0.719,1.121,STRONG,72.5,72.5,72.5,0,0,0,0,,,HUMAN_UNCERTAIN,no final label / uncertain word verdict
child_09_seven,tok_78,child_09,seven,,n,N,1,FINAL_CONSONANT_CLEARLY_PRESENT,1,,,MEDIUM,VALID_ATTEMPT,,84.5,0.08,exact,1,0.09554609656333923,1.0,n,31,43,13,0.8537,0.0955,0.8537,0.1129,1,n,44,0.903,1,1.914,0.0435,0.8537,0.8537,1.914,STRONG,84.5,85.0,84.5,0,0,0,0,final_label,,OK,"human present, accepted"
child_09_six,tok_79,child_09,six,,s,S,1,,,CLEAR_CORRECT,HUMAN_CORRECT,MEDIUM,VALID_ATTEMPT,CLEAR,75.0,0.011,exact,1,0.023167282342910767,1.0,s,28,43,16,0.2562,0.0232,0.2562,0.032,0,t,44,0.903,0,-0.566,-0.01287,0.2562,0.2562,-0.566,STRONG,75.0,0.0,75.0,1,0,0,1,word_verdict_correct,1,OK,"human present, accepted"
child_09_ten,tok_80,child_09,ten,,n,N,1,,,,,MEDIUM,VALID_ATTEMPT,,75.1,0.031,exact,1,0.02515736222267151,1.0,n,12,39,28,0.6755,0.0252,0.0001,0.0,1,n,40,0.805,1,1.226,0.03066,0.6755,0.6755,1.226,STRONG,75.1,75.1,75.1,0,0,0,0,,,HUMAN_UNCERTAIN,no final label / uncertain word verdict
