dataset_name,source_url,language,l1_availability,age_range,speakers,hours,utterances,phone_level_labels,word_level_labels,pronunciation_lexicon,human_accuracy_labels,speaker_disjoint_splits,recording_conditions,child_age_relevance,vietnamese_l1_relevance,commercial_restriction,derivative_model_restriction,redistribution_restriction,cc_license,license_text_source,access_requirement,research_only,training_permitted,derived_weights_redistribution,legal_ambiguity,final_status,notes
speechocean762 (local),https://www.openslr.org/101,English,Mandarin-L1 learners,children 6-15 + adults,250 (122 children),6 total / 2.41 child,5000 (2440 child),yes (5 experts x phone scores 0/1/2),yes (accuracy+stress),CMUdict-based ref phones,yes (expert scores),yes (125/125 speakers),mobile phones varied,partial (6-11 common; no 4-6),no (Mandarin-L1),none (free commercial),none stated,none,CC BY 4.0,openslr.org/101 page,open download,no,yes (stated free commercial),allowed,low,CLEAR,verified 2026-10-07; local copy measured 2.41 h child
LWE Zenodo 200495 (local),https://zenodo.org/records/200495,English (native + non-native),mixed,mean 4.9y (about 4-6),11,~5-6 (607 MB wav),numbers/sentences/free speech,no,manual segmentation only for free speech,no,n/a,no split defined,3 mics (studio/port/NAO),strong (age 4-6),partial (mixed L1),none (CC BY 4.0 open),none,none,CC BY 4.0,zenodo record metadata,open download,project rule: test-only,allowed by license (project restricts),allowed,low,CLEAR_WITH_CONDITIONS,test-only by project decision; 28 blind labels live here
SIAK (local),Kaggle mirror of SIAK (Say It Again Kid),English target words with L1 codes fifi/enuk/othr,3 L1 groups,4-12 (mostly 8-10),172,not measured locally,16308,single expert score 0-100 (word-level),yes (single word/phrase),yes (320 unique prompts),score only (not phone-level),yes (train 12308/test 4000),game/headset,weak (only 594 utts age 4-6),no,CC-BY-ND interpretation unclear,CC-BY-ND unclear for derived weights,CC-BY-ND no redistribution of derivatives,CC-BY-ND-4.0,local siak_metadata.json (Kaggle mirror),local copy; original via project,no,REQUIRES LEGAL REVIEW,REQUIRES LEGAL REVIEW,open,REQUIRES_LEGAL_REVIEW,local note claims commercial model building not prohibited; ND clause needs counsel
MyST Children's Conversational Speech,https://myst.cemantix.org / https://catalog.ldc.upenn.edu/LDC2021S05,English,US English native,grades 3-5 (about 8-11),1371,393-448,228874,no,~45-100K utterances word-level,no,no (ASR WER benchmarks only),yes per release,sessions varied,weak (no 4-6),no,non-commercial CC; commercial license via Boulder Learning,commercial license governs,research agreement prohibits redistribution,CC BY-NC-SA 4.0 (research),arXiv 2309.13347 + cemantix research agreement PDF,data use agreement (research) or paid commercial license,no (paid commercial route),yes with license,with commercial license,low,CLEAR_WITH_CONDITIONS,commercial route exists (Boulder Learning; Wikipedia lists USD 10K flat); no phone labels
CSLU Kids / OGI Kids Speech (LDC2007S18),https://catalog.ldc.upenn.edu/LDC2007S18,English,US English native,Kindergarten-Grade10,1100,about 75-150,1017 files (about 8-10 min/speaker),no,word-level,phonetically balanced prompts (319 items),no,n/a,head-mounted mic,weak (K-G2 partly),no,non-commercial research agreement; commercial via OHSU,restricted,restricted,LDC user agreement (not CC),https://catalog.ldc.upenn.edu/license/cslu-corpora-non-commercial-research-only.pdf,LDC membership/fee + signed agreement,research only,no (research only),no,medium,RESTRICTED,commercial license route via OHSU tech transfer (terms not verified)
CMU Kids (LDC97S63),https://catalog.ldc.upenn.edu/LDC97S63,English,US English native,6-11,76,about 9,5180,no,word-level,Weekly Reader prompts,no,no,microphone,partial (6-11),no,restricted (individual + organization agreements),restricted,restricted,not CC,https://catalog.ldc.upenn.edu/license/cmu-kids-organization-agreement.pdf,signed agreements + fee,research only,no,no,medium,RESTRICTED,
PERCEPT-R (PhonBank),https://talkbank.org/phon/access/Clinical/PERCEPT-R.html,American English,US English,6-17 + some adults,280,about 32.5,105232 words,no (rhotic/derhotic /r/ labels only),word-level via Phon,no,rhotic/derhotic perceptual labels,yes,clinical sessions,weak (6+),no,noncommercial use only via PhonBank,noncommercial,no redistribution,not CC,PMC12510240 + PhonBank page,PhonBank access,research only,no,no,medium,RESTRICTED,best /r/ resource; ages 6-17; non-commercial
PERCEPT-GFTA (PhonBank),https://talkbank.org/phon/access/Clinical/PERCEPT-GFTA.html,American English,US English,6-17 + adults,350,about 36 (with PERCEPT-R),125000+,no (broader phone sampling),word-level,no,clinical labels,yes,clinical sessions,weak,no,noncommercial,noncommercial,no,not CC,PhonBank page,PhonBank access,research only,no,no,medium,RESTRICTED,
Providence Corpus (PhonBank),https://talkbank.org/phon/access/Eng-NA/Providence.html,English,US English,1-4 (to 4;0),6,364,longitudinal,no (broad phonemic transcription of child utterances),yes via CHAT,broad phonemic (SAMPA),reliability 80-98% on 10% recheck,no,home naturalistic,partial (upper end 3-4),no,TalkBank terms (research),research,no,not CC,TalkBank/PhonBank page + citation rule,PhonBank access,research only,no,no,medium,RESTRICTED,only 6 speakers; ages below target
PF-STAR Children's Speech Corpus,The Speech Ark / ELRA (Batliner et al. 2005),English + German/Swedish/Italian,European children,4-14,611,about 63,not verified,no,word-level,no,yes (accent diagnostics),not verified,headset/wearable,strong (4-6 included),no,license via Speech Ark (commercial unclear),unclear,unclear,not CC,Wikipedia list + paper references,commercial/ELRA access,no,unclear,unclear,high,LICENSE_UNVERIFIED,license text not audited here; do not download before audit
TBALL (Kazemzadeh et al. 2005),referenced in Wikipedia list,English + Spanish,partly non-native,K-G4,256,40,5000,no,word-level,no,no,not verified,home/tablet,strong (K-G4),no,not verified,not verified,not verified,not CC,Wikipedia list,unknown,unclear,unclear,unclear,high,LICENSE_UNVERIFIED,
CID Children's Speech Corpus (Lee et al. 1999),referenced in corpus surveys,English,US,5-17 + adults,436,not verified,24152,no,word-level,no,no,not verified,not verified,strong,no,not verified,not verified,not verified,not CC,survey table,unknown,unclear,unclear,unclear,high,LICENSE_UNVERIFIED,
UltraSuite,referenced in PERCEPT paper,English,UK,children (86 speakers),86,about 14.5K utterances,no,phone/word/sentence tokens (ultrasound),no,yes (US frames),no,not verified,ultrasound lab,partial,no,not verified,not verified,not verified,not CC,PERCEPT paper table,unknown,unclear,unclear,unclear,high,LICENSE_UNVERIFIED,ultrasound acquisition not compatible with product pipeline
Storiza Corpus (2026),CoNLL 2026 paper (preview.aclanthology.org),English,US,1st-3rd grade (about 6-9),63,about 9,not verified,yes (IPA phonemic transcripts + reading errors),yes,IPA,manual annotations,yes,curated reading sessions,partial,no,not verified,not verified,not verified,not CC,paper preview,unknown (paper does not state release),unclear,unclear,unclear,high,LICENSE_UNVERIFIED,potentially interesting if released
NCTE Dataset (Kane et al. 2022),referenced in survey table,English,US,4th-5th grade,2128,5235,not verified,no,no,no,no,not verified,classroom recordings,weak,no,not verified,not verified,not verified,not CC,survey table,unknown,unclear,unclear,unclear,high,LICENSE_UNVERIFIED,
VietSpeech Multilingual Children (CSU),https://www.csu.edu.au/research/vietspeech/info,Vietnamese + English,Vietnamese-L1 children in Australia,preschool/primary (project range),not published as corpus,not published as corpus,not published,no,no,no,project speech database exists,no,home/clinic,strong,strong,not a public dataset,n/a,n/a,not CC,CSU project page,research collaboration only,research,no,no,high,NOT_SUITABLE,no public download; contact project authors
Vietnamese children stop-consonant dataset (Lee et al. 2024),Cambridge J Child Language article,Vietnamese,monolingual Vietnamese,3-7,80,not verified,not verified,acoustic measurements (VOT/F0) not transcripts,no,no,study labels,no,lab recordings,strong,strong,not public,n/a,n/a,not CC,article,unknown,research,no,no,high,NOT_SUITABLE,dataset not publicly distributed
"VIVOS / Bud500 / VietSpeech social voice / VinBigData-VLSP2020-100h / ViMD / FOSD",https://zenodo.org/records/7068130 etc,Vietnamese,adult,adults,thousands,15-1100 total,not verified,no,word/sentence transcripts,no,no,not verified,studio/crawl,no (adult),n/a,CC BY-NC-SA / mixed,varies,n/a,CC BY-NC-SA (VIVOS),Zenodo/HF cards,open/mixed,some research only,some,varies,medium,NOT_SUITABLE,all adult; no child Vietnamese corpus identified
