case_id,group,speaker_id,target,human,canonical,observed_199,baseline_soft,adapted_soft,delta,baseline_final,adapted_final,outcome,note
pme_01,PHONE_MODEL_ERROR,child_03,eight,PROBABLY_CORRECT,EY1 T,d æ,0.0,0.0,0.0,miss,miss,UNCHANGED,"human correct, phone-model wrong in 1.9.9"
pme_02,PHONE_MODEL_ERROR,child_06,two,CLEAR_CORRECT,T UW1,ts. ŋ,0.0,100.0,100.0,miss,exact,FIXED,"human correct, phone-model wrong in 1.9.9"
pme_03,PHONE_MODEL_ERROR,child_07,eight,PROBABLY_CORRECT,EY1 T,l p,0.0,0.0,0.0,miss,miss,UNCHANGED,"human correct, phone-model wrong in 1.9.9"
pme_04,PHONE_MODEL_ERROR,child_07,one,CLEAR_CORRECT,W AH1 N,k k l,0.0,5.8,5.8,miss,miss,PARTIALLY_FIXED,"human correct, phone-model wrong in 1.9.9"
pme_05,PHONE_MODEL_ERROR,child_08,eight,PROBABLY_CORRECT,EY1 T,n n,0.0,0.0,0.0,miss,miss,UNCHANGED,"human correct, phone-model wrong in 1.9.9"
pme_06,PHONE_MODEL_ERROR,child_04,three,CLEAR_CORRECT,TH R IY1,t w l,11.7,6.7,-5.0,miss,miss,PARTIALLY_REGRESSED,"human correct, phone-model wrong in 1.9.9"
pme_07,PHONE_MODEL_ERROR,child_01,seven,CLEAR_CORRECT,S EH1 V AH0 N,l l l j n,20.0,80.0,60.0,exact,miss,FIXED,"human correct, phone-model wrong in 1.9.9"
pme_08,PHONE_MODEL_ERROR,child_06,six,CLEAR_CORRECT,S IH1 K S,l l ɹ s,25.0,50.0,25.0,exact,miss,FIXED,"human correct, phone-model wrong in 1.9.9"
pme_09,PHONE_MODEL_ERROR,child_09,five,CLEAR_CORRECT,F AY1 V,l aɪ n,33.4,72.5,39.1,miss,soft,FIXED,"human correct, phone-model wrong in 1.9.9"
pme_10,PHONE_MODEL_ERROR,child_01,five,PROBABLY_CORRECT,F AY1 V,p aɪ ɑ,33.5,72.5,39.0,miss,soft,FIXED,"human correct, phone-model wrong in 1.9.9"
pme_11,PHONE_MODEL_ERROR,child_03,three,CLEAR_CORRECT,TH R IY1,t ɹ t,39.2,6.7,-32.5,miss,miss,REGRESSED,"human correct, phone-model wrong in 1.9.9"
pme_12,PHONE_MODEL_ERROR,child_08,five,CLEAR_CORRECT,F AY1 V,v aɪ t,39.2,45.0,5.8,miss,soft,PARTIALLY_FIXED,"human correct, phone-model wrong in 1.9.9"
sm_01,SCORER_MISS,child_03,six,HUMAN_CONFLICTED,S IH1 K S,s æ k k,50.0,50.0,0.0,miss,miss,UNCHANGED,"human incorrect, baseline score high (scorer miss)"
sm_02,SCORER_MISS,child_03,two,HUMAN_UNCERTAIN,T UW1,t j,50.0,100.0,50.0,miss,exact,REGRESSED,"human incorrect, baseline score high (scorer miss)"
sm_03,SCORER_MISS,child_04,eight,HUMAN_UNCERTAIN,EY1 T,n t,50.0,50.0,0.0,exact,exact,UNCHANGED,"human incorrect, baseline score high (scorer miss)"
sm_04,SCORER_MISS,child_07,four,HUMAN_TRUE_ERROR,F AO1 R,f ɔ ɹ,100.0,100.0,0.0,exact,exact,UNCHANGED,"human incorrect, baseline score high (scorer miss)"
sm_05,SCORER_MISS,child_06,four,HUMAN_TRUE_ERROR,F AO1 R,f ɔ ɹ,100.0,100.0,0.0,exact,exact,UNCHANGED,"human incorrect, baseline score high (scorer miss)"
sm_06,SCORER_MISS,child_09,four,HUMAN_TRUE_ERROR,F AO1 R,f ɔ æ,66.8,73.3,6.5,miss,exact,UNCHANGED,"human incorrect, baseline score high (scorer miss)"
