token_id,speaker_id,word,final_phone,final_phone_class,full_score,raw_score,best_pad_score,final_restored_by_padding,score_range
fc_child_01_eight,child_01,eight,T,STOP,50.0,50.0,50.0,False,0.0
fc_child_01_five,child_01,five,V,FRICATIVE,33.5,39.2,66.7,True,33.2
fc_child_01_four,child_01,four,R,LIQUID,72.5,66.7,72.5,False,5.799999999999997
fc_child_01_nine,child_01,nine,N,NASAL,100.0,33.8,100.0,True,66.2
fc_child_01_one,child_01,one,N,NASAL,72.6,100.0,100.0,False,27.400000000000006
fc_child_01_seven,child_01,seven,N,NASAL,20.0,40.1,44.1,False,24.1
fc_child_01_ten,child_01,ten,N,NASAL,100.0,100.0,100.0,False,0.0
fc_child_02_eight,child_02,eight,T,STOP,50.0,100.0,50.0,False,50.0
fc_child_02_five,child_02,five,V,FRICATIVE,100.0,100.0,100.0,False,0.0
fc_child_02_four,child_02,four,R,LIQUID,73.5,40.1,73.5,True,33.4
fc_child_02_one,child_02,one,N,NASAL,39.2,40.1,39.2,False,6.800000000000004
fc_child_02_seven,child_02,seven,N,NASAL,100.0,65.1,100.0,False,34.900000000000006
fc_child_02_six,child_02,six,S,FRICATIVE,75.0,75.0,75.0,False,0.0
fc_child_02_ten,child_02,ten,N,NASAL,100.0,66.7,100.0,False,33.3
fc_child_03_eight,child_03,eight,T,STOP,0.0,50.0,0.0,False,50.0
fc_child_03_five,child_03,five,V,FRICATIVE,100.0,100.0,100.0,False,0.0
fc_child_03_four,child_03,four,R,LIQUID,100.0,100.0,100.0,False,0.0
fc_child_03_nine,child_03,nine,N,NASAL,100.0,100.0,100.0,False,0.0
fc_child_03_seven,child_03,seven,N,NASAL,63.5,40.0,63.5,True,23.5
fc_child_03_six,child_03,six,S,FRICATIVE,50.0,25.1,50.1,True,25.0
fc_child_03_ten,child_03,ten,N,NASAL,100.0,66.7,100.0,False,33.3
fc_child_04_eight,child_04,eight,T,STOP,50.0,58.8,50.0,False,8.799999999999997
fc_child_04_five,child_04,five,V,FRICATIVE,100.0,45.0,100.0,True,55.0
fc_child_04_four,child_04,four,R,LIQUID,66.7,33.4,66.7,True,60.800000000000004
fc_child_04_nine,child_04,nine,N,NASAL,100.0,100.0,100.0,False,0.0
fc_child_04_seven,child_04,seven,N,NASAL,60.1,27.6,80.1,True,52.49999999999999
fc_child_04_six,child_04,six,S,FRICATIVE,75.0,75.0,75.0,False,0.0
fc_child_04_ten,child_04,ten,N,NASAL,75.1,75.0,75.1,False,0.09999999999999432
fc_child_05_eight,child_05,eight,T,STOP,50.0,100.0,50.0,False,50.0
fc_child_05_five,child_05,five,V,FRICATIVE,66.7,66.7,66.7,False,0.0
fc_child_05_four,child_05,four,R,LIQUID,66.8,45.1,72.5,True,27.4
fc_child_05_nine,child_05,nine,N,NASAL,100.0,100.0,100.0,False,0.0
fc_child_05_one,child_05,one,N,NASAL,100.0,100.0,100.0,False,0.0
fc_child_05_seven,child_05,seven,N,NASAL,100.0,100.0,100.0,False,0.0
fc_child_05_ten,child_05,ten,N,NASAL,47.7,75.1,47.7,False,27.39999999999999
fc_child_06_eight,child_06,eight,T,STOP,50.0,58.8,50.0,False,8.799999999999997
fc_child_06_five,child_06,five,V,FRICATIVE,100.0,100.0,100.0,False,0.0
fc_child_06_four,child_06,four,R,LIQUID,100.0,66.7,100.0,False,33.3
fc_child_06_nine,child_06,nine,N,NASAL,100.0,66.8,100.0,False,33.2
fc_child_06_seven,child_06,seven,N,NASAL,100.0,100.0,100.0,False,0.0
fc_child_06_six,child_06,six,S,FRICATIVE,25.0,0.0,25.1,False,25.1
fc_child_06_ten,child_06,ten,N,NASAL,75.3,75.3,75.3,False,0.0
fc_child_07_eight,child_07,eight,T,STOP,0.0,0.1,0.0,False,0.1
fc_child_07_five,child_07,five,V,FRICATIVE,100.0,66.7,100.0,False,33.3
fc_child_07_four,child_07,four,R,LIQUID,100.0,6.0,100.0,True,94.0
fc_child_07_nine,child_07,nine,N,NASAL,100.0,100.0,100.0,False,0.0
fc_child_07_one,child_07,one,N,NASAL,0.0,72.5,72.5,False,72.5
fc_child_07_seven,child_07,seven,N,NASAL,20.0,43.5,20.0,False,23.5
fc_child_07_six,child_07,six,S,FRICATIVE,55.7,75.0,55.7,False,19.299999999999997
fc_child_07_ten,child_07,ten,N,NASAL,100.0,100.0,100.0,False,0.0
fc_child_08_eight,child_08,eight,T,STOP,0.0,0.0,0.0,False,0.0
fc_child_08_five,child_08,five,V,FRICATIVE,39.2,39.2,39.2,False,0.0
fc_child_08_four,child_08,four,R,LIQUID,39.2,39.2,39.2,False,0.0
fc_child_08_nine,child_08,nine,N,NASAL,100.0,100.0,100.0,False,0.0
fc_child_08_seven,child_08,seven,N,NASAL,47.5,25.0,65.0,True,40.0
fc_child_08_six,child_08,six,S,FRICATIVE,100.0,50.2,100.0,False,49.8
fc_child_08_ten,child_08,ten,N,NASAL,75.1,41.7,75.1,True,33.39999999999999
fc_child_09_eight,child_09,eight,T,STOP,50.0,50.0,50.0,False,0.0
fc_child_09_five,child_09,five,V,FRICATIVE,33.4,33.4,33.4,False,0.0
fc_child_09_four,child_09,four,R,LIQUID,66.8,6.1,66.8,True,60.699999999999996
fc_child_09_nine,child_09,nine,N,NASAL,100.0,100.0,100.0,False,0.0
fc_child_09_one,child_09,one,N,NASAL,72.5,72.5,72.5,False,0.0
fc_child_09_seven,child_09,seven,N,NASAL,84.5,85.0,84.5,False,41.5
fc_child_09_six,child_09,six,S,FRICATIVE,75.0,0.0,75.0,True,75.0
fc_child_09_ten,child_09,ten,N,NASAL,75.1,75.1,75.1,False,33.3
