token_id,consensus_clarity,consensus_boundary,consensus_recognizability,note
tok_56,,,,pending submission
tok_04,,,,pending submission
tok_29,,,,pending submission
tok_79,,,,pending submission
tok_30,,,,pending submission
tok_75,,,,pending submission
tok_68,,,,pending submission
tok_71,,,,pending submission
tok_02,,,,pending submission
tok_58,,,,pending submission
tok_19,,,,pending submission
tok_53,,,,pending submission
tok_32,,,,pending submission
tok_10,,,,pending submission
tok_18,,,,pending submission
tok_27,,,,pending submission
tok_37,,,,pending submission
tok_69,,,,pending submission
tok_78,,,,pending submission
tok_14,,,,pending submission
