type,token_id,word,window_policy,score,pronunciation_clarity,boundary_quality
HIGH_SCORE_POOR_CLARITY,tok_56,four,PAD250,100.0,POOR,CLEAN
HIGH_SCORE_POOR_CLARITY,tok_56,four,PAD500,100.0,POOR,CLEAN
HIGH_SCORE_POOR_CLARITY,tok_56,four,PAD100,100.0,POOR,CLEAN
HIGH_SCORE_POOR_CLARITY,tok_37,eight,RAW,100.0,AMBIGUOUS,CLEAN
LOW_SCORE_GOOD_CLARITY,tok_04,nine,RAW,33.8,CLEAR,CLEAN
LOW_SCORE_GOOD_CLARITY,tok_29,five,RAW,45.0,CLEAR,
LOW_SCORE_GOOD_CLARITY,tok_79,six,RAW,0.0,CLEAR,CLEAN
LOW_SCORE_GOOD_CLARITY,tok_30,four,PAD250,33.3,MOSTLY_CLEAR,CLEAN
LOW_SCORE_GOOD_CLARITY,tok_30,four,RAW,33.4,MOSTLY_CLEAR,CLEAN
LOW_SCORE_GOOD_CLARITY,tok_30,four,PAD100,33.3,MOSTLY_CLEAR,CLEAN
LOW_SCORE_GOOD_CLARITY,tok_58,one,PAD250,0.0,CLEAR,CLEAN
LOW_SCORE_GOOD_CLARITY,tok_58,one,FULL,0.0,CLEAR,CLEAN
LOW_SCORE_GOOD_CLARITY,tok_58,one,PAD500,0.0,CLEAR,CLEAN
LOW_SCORE_GOOD_CLARITY,tok_58,one,PAD100,45.9,CLEAR,CLEAN
LOW_SCORE_GOOD_CLARITY,tok_32,seven,RAW,27.6,CLEAR,CLEAN
LOW_SCORE_GOOD_CLARITY,tok_18,two,RAW,0.0,CLEAR,CLEAN
LOW_SCORE_GOOD_CLARITY,tok_27,two,RAW,0.0,MOSTLY_CLEAR,CLEAN
LOW_SCORE_GOOD_CLARITY,tok_78,seven,PAD100,43.5,CLEAR,CLEAN
